sample_id,original_image_id,filepath,label,label_id,source_split,bbox,sha256,crop_width,crop_height
test_dog_000ccf1d00f7f1cd_0,000ccf1d00f7f1cd,data/processed_clean/test/dog/test_dog_000ccf1d00f7f1cd_0.jpg,dog,0,train,"[0.0, 0.13495575, 0.82300884, 0.86504425]",c67e040a3a8fef21aea9bb05f96a1e6b19dc2416d0e1f147b6bae8df12e7be6c,910,638
test_dog_008ba50da8ca4bd6_0,008ba50da8ca4bd6,data/processed_clean/test/dog/test_dog_008ba50da8ca4bd6_0.jpg,dog,0,train,"[0.34375, 0.08125, 0.3453125, 0.7854167]",5457b08660d029f515ec8eb4849322815259abd64749e2bd5d486fb3365db62f,410,700
test_dog_008f6d9128e5aa5f_0,008f6d9128e5aa5f,data/processed_clean/test/dog/test_dog_008f6d9128e5aa5f_0.jpg,dog,0,train,"[0.0, 0.4171875, 0.5395833, 0.5828125]",44b203514b7b6de05a229c8f528d00abcc80d1e0ef331d482616207133b63dbe,448,645
test_dog_023fc4e45c22f702_0,023fc4e45c22f702,data/processed_clean/test/dog/test_dog_023fc4e45c22f702_0.jpg,dog,0,train,"[0.3221831, 0.2611111, 0.29753520000000006, 0.71296297]",405b031e01a043eedbc91c516bc5d6b41198b4e3b14e3bf634dea1516eadc8c3,353,775
test_dog_028a5497e6fa5c02_1,028a5497e6fa5c02,data/processed_clean/test/dog/test_dog_028a5497e6fa5c02_1.jpg,dog,0,train,"[0.46922025, 0.19570406, 0.52941175, 0.7947494399999999]",3fc9365576013ccea664cc0fc7f04738f43a23d205ed7399e8ad4ed71ce86c04,587,509
test_dog_0319a2749920f37b_0,0319a2749920f37b,data/processed_clean/test/dog/test_dog_0319a2749920f37b_0.jpg,dog,0,train,"[0.0, 0.06021898, 0.9142857, 0.93978102]",8325ab5cf37b97f9a6d449de8b3830bcbfbef1ec69db61f6b746181dee642fc8,775,768
test_dog_03f7bc19f6697b00_0,03f7bc19f6697b00,data/processed_clean/test/dog/test_dog_03f7bc19f6697b00_0.jpg,dog,0,train,"[0.0, 0.0, 0.9616519, 1.0]",7b5e52dd972443100683adedfafa1d3931fd4afa50751ad8ca7cb71f877fa996,1024,683
test_dog_0594a16c46bcff4b_0,0594a16c46bcff4b,data/processed_clean/test/dog/test_dog_0594a16c46bcff4b_0.jpg,dog,0,train,"[0.0, 0.0, 0.48125, 1.0]",bf9e91dbe2aab04bf195f85f06755a52d5a553cfc32e4d2b63f5afb8cc1c2773,532,768
test_dog_05a8ff63c1b024c4_0,05a8ff63c1b024c4,data/processed_clean/test/dog/test_dog_05a8ff63c1b024c4_0.jpg,dog,0,train,"[0.125, 0.0, 0.875, 1.0]",4f388a032b74e622b1f9473b54053117271a01471ce9f98ebf9c5f66f6a1c564,778,1024
test_dog_05bf8ef77f675896_0,05bf8ef77f675896,data/processed_clean/test/dog/test_dog_05bf8ef77f675896_0.jpg,dog,0,train,"[0.162, 0.20481928, 0.346, 0.7951807200000001]",c6460ce06a042ed592a342b701189c9ef7bc8b6917dd649862c1d1069c6a33a3,411,584
test_dog_093e76c16c44d67b_0,093e76c16c44d67b,data/processed_clean/test/dog/test_dog_093e76c16c44d67b_0.jpg,dog,0,train,"[0.23156342, 0.13274336, 0.49262538, 0.86283189]",1f26262ff7d77bb86eef0d4f2fa060183bb783b72e6f9218974195436aa7d084,585,639
test_dog_0a7f78e174d4c696_0,0a7f78e174d4c696,data/processed_clean/test/dog/test_dog_0a7f78e174d4c696_0.jpg,dog,0,train,"[0.068627454, 0.13373253, 0.931372546, 0.68662677]",1ac560e17dab65827288cba5fd9d4fd8395c064e1ffc2c620e10709c9508a142,1024,669
test_dog_0cfac6405c93fb8e_0,0cfac6405c93fb8e,data/processed_clean/test/dog/test_dog_0cfac6405c93fb8e_0.jpg,dog,0,train,"[0.18153365, 0.15833333, 0.60719875, 0.76666667]",6173a2526de8cfa6ab7b439a1c1b8620618636bdecca135c4f00a288818e4318,721,683
test_dog_0ddf54296e9817c3_0,0ddf54296e9817c3,data/processed_clean/test/dog/test_dog_0ddf54296e9817c3_0.jpg,dog,0,train,"[0.1691023, 0.085803434, 0.6450939, 0.8143525659999999]",fbd3aa5897b26687c6f86f7d301b0f14a823af47e6004e434d89dcce9cf92269,572,967
test_dog_0f4e4afb97da373c_1,0f4e4afb97da373c,data/processed_clean/test/dog/test_dog_0f4e4afb97da373c_1.jpg,dog,0,train,"[0.30144405, 0.1101083, 0.40613715, 0.6444042999999999]",ed2fa4d30900b0571c1c9b57698a0164504b79cfd27ba4a2f20e6fe22cd5f684,483,765
test_dog_1002047b37efee58_0,1002047b37efee58,data/processed_clean/test/dog/test_dog_1002047b37efee58_0.jpg,dog,0,train,"[0.17083333, 0.2328125, 0.82916667, 0.7671875]",1b01e3e5910a7fd04f092db6a3f6ef15b1411589f324011ff64260be5bcfc983,688,848
test_dog_12033b650053f0d1_0,12033b650053f0d1,data/processed_clean/test/dog/test_dog_12033b650053f0d1_0.jpg,dog,0,train,"[0.0, 0.0, 0.9734375, 1.0]",a53f80c7dbbe8246b5e98747feb52416c5f01e313121600132a0deedc46b3acd,1024,768
test_dog_13e246d4cf0585fa_0,13e246d4cf0585fa,data/processed_clean/test/dog/test_dog_13e246d4cf0585fa_0.jpg,dog,0,train,"[0.28539824, 0.2920354, 0.71460176, 0.7064897000000001]",2bdd0baf8f82925f9c34012c5551abd6cbef88d0736aa179c1d7c257a175a187,527,783
test_dog_1404334ef6c6fe27_0,1404334ef6c6fe27,data/processed_clean/test/dog/test_dog_1404334ef6c6fe27_0.jpg,dog,0,train,"[0.14791666, 0.2359375, 0.60625, 0.7640625]",d418485ea5b74aee2e50d8aecc64a00c404a26b19b2553d0968b06129f272682,540,845
test_dog_14d318f2dcd0adda_0,14d318f2dcd0adda,data/processed_clean/test/dog/test_dog_14d318f2dcd0adda_0.jpg,dog,0,train,"[0.3421875, 0.0020833334, 0.61875, 0.9979166666]",b996240d5be4808a7bf9751be4a8236ee6daf474e9db6a3b2ef9c1d21736984b,724,768
test_dog_153d7ae4c75d9581_0,153d7ae4c75d9581,data/processed_clean/test/dog/test_dog_153d7ae4c75d9581_0.jpg,dog,0,train,"[0.3265625, 0.0, 0.6734375, 1.0]",14d8d673848af409d7c48698746684663221ed49fd10579f1bfd566857ecb4d4,745,768
test_dog_156e19aaa8ad66dd_0,156e19aaa8ad66dd,data/processed_clean/test/dog/test_dog_156e19aaa8ad66dd_0.jpg,dog,0,train,"[0.40942562, 0.40133038, 0.13254788, 0.29268292000000007]",3ec642b1863aad18db24b118ceb991012073e753a5e4f069a371c20f9edb32ba,158,231
test_dog_157e504047df5d8b_0,157e504047df5d8b,data/processed_clean/test/dog/test_dog_157e504047df5d8b_0.jpg,dog,0,train,"[0.446875, 0.18333334, 0.47187499999999993, 0.63749996]",36489d619663e3d50ff34a40071044c1588003c7707c208f395d26ea1a18bcbf,560,568
test_dog_158e935adc152b45_0,158e935adc152b45,data/processed_clean/test/dog/test_dog_158e935adc152b45_0.jpg,dog,0,train,"[0.0, 0.16371681, 1.0, 0.8362831900000001]",cf8f2c01b8dc831ec5b913f6564ffc689766c747875f69caa62bb1776668f2b9,683,925
test_dog_15d21396dce06ae3_0,15d21396dce06ae3,data/processed_clean/test/dog/test_dog_15d21396dce06ae3_0.jpg,dog,0,train,"[0.0015625, 0.0, 0.88125, 0.99583334]",786fe9ab91aa4260097687204cdf5e144f71175eaffd25e418da1e5c49d56036,976,768
test_dog_16dc4ad762177a46_0,16dc4ad762177a46,data/processed_clean/test/dog/test_dog_16dc4ad762177a46_0.jpg,dog,0,train,"[0.0, 0.0, 1.0, 1.0]",a75ed2c0e2428e46be8670e4cb2a2d11eeb8f82f665ad890a0af60190c24f377,1024,684
test_dog_17e4dddbdefb111d_0,17e4dddbdefb111d,data/processed_clean/test/dog/test_dog_17e4dddbdefb111d_0.jpg,dog,0,train,"[0.12727273, 0.07956989, 0.7909091100000001, 0.83010756]",ef508fe85aa5c8dc68aba1b3a92bed2c88061365b9b667799ce1fae0a1a6fc50,939,695
test_dog_180bd27038093f8c_0,180bd27038093f8c,data/processed_clean/test/dog/test_dog_180bd27038093f8c_0.jpg,dog,0,train,"[0.221875, 0.43125, 0.37343750000000003, 0.56875]",de558a47e4635fbee6ea01d66b46aa7fe25f24e29e0b76a987f14893c42d98be,443,472
test_dog_1a1016b1c1a6fffb_0,1a1016b1c1a6fffb,data/processed_clean/test/dog/test_dog_1a1016b1c1a6fffb_0.jpg,dog,0,train,"[0.0, 0.0, 1.0, 1.0]",6649542a3336ed83c375b4035cc77ac272bf5e8e2188750b5b6464f3468bc9c5,1024,681
test_dog_1ac06068032fa369_0,1ac06068032fa369,data/processed_clean/test/dog/test_dog_1ac06068032fa369_0.jpg,dog,0,train,"[0.13176896, 0.04873646, 0.7400721699999999, 0.94765341]",95b364fedbc3a9de7253e969f653cdf1e44f1f899f29ef6348ce4c93c4cc2939,879,1024
test_dog_1b46fd80c48ffda9_0,1b46fd80c48ffda9,data/processed_clean/test/dog/test_dog_1b46fd80c48ffda9_0.jpg,dog,0,train,"[0.0, 0.088552915, 0.8836858, 0.911447085]",0e012e6953dcab8b1428945da15e51c2a25acb8d789d41f38c3321e508dd6c74,977,706
test_dog_1c5e497d0484b45f_0,1c5e497d0484b45f,data/processed_clean/test/dog/test_dog_1c5e497d0484b45f_0.jpg,dog,0,train,"[0.25441176, 0.0, 0.58382354, 1.0]",fdf25f4721c02f56ea249028bff5d4b85179782f0bb6de040559c1259fd60b2d,693,680
test_dog_1d13743a1681b00f_0,1d13743a1681b00f,data/processed_clean/test/dog/test_dog_1d13743a1681b00f_0.jpg,dog,0,train,"[0.31019202, 0.15011038, 0.48153618, 0.73068432]",d346e34fd161cb964e2e559ea691e15c5979b30c203c9835a6b344ef7c12fb82,572,581
test_dog_1d737fbe1a58b163_2,1d737fbe1a58b163,data/processed_clean/test/dog/test_dog_1d737fbe1a58b163_2.jpg,dog,0,train,"[0.4858044, 0.3140496, 0.41798106999999995, 0.55991733]",df7c850d8f63dbc8b3cdb111870e8fc6987504a4077794928597b1534894d543,497,507
test_dog_1ee060dee0827047_0,1ee060dee0827047,data/processed_clean/test/dog/test_dog_1ee060dee0827047_0.jpg,dog,0,train,"[0.029166667, 0.018808777, 0.954166683, 0.981191223]",98be7e714fdfe0d7ea2008633b2d99c1f7c7fbc4447cd69ac8ccb6bb8828e91d,771,1024
test_dog_20935572e2287e6e_0,20935572e2287e6e,data/processed_clean/test/dog/test_dog_20935572e2287e6e_0.jpg,dog,0,train,"[0.1609375, 0.48125, 0.38906250000000003, 0.3625]",8b64b6a40f97fbfa361ecd8b2f5b2257cb1d9b26f4841496371d272f19437d6d,462,323
test_dog_22700367d3a84933_0,22700367d3a84933,data/processed_clean/test/dog/test_dog_22700367d3a84933_0.jpg,dog,0,train,"[0.179676, 0.10864745, 0.820324, 0.89135255]",62b82071e7ec1da76bcfe35fa99a17e2614eb95be9c905322bcf412e2aaa42ae,907,656
test_dog_293e7967885b12e7_0,293e7967885b12e7,data/processed_clean/test/dog/test_dog_293e7967885b12e7_0.jpg,dog,0,train,"[0.2828125, 0.09583333, 0.5578124999999999, 0.90416667]",73aff749f74e3af49abe82ce26bf056ccf2989fdb245730980fa264548809833,662,750
test_dog_2b525bbb35416883_0,2b525bbb35416883,data/processed_clean/test/dog/test_dog_2b525bbb35416883_0.jpg,dog,0,train,"[0.16691285, 0.18984547, 0.30428359, 0.37969098]",1674a9460e979f8bd215c810b2a2951e77a292647f8ee08660097fa743286f05,361,302
test_dog_2c1cf2c5fe41ecab_0,2c1cf2c5fe41ecab,data/processed_clean/test/dog/test_dog_2c1cf2c5fe41ecab_0.jpg,dog,0,train,"[0.3421829, 0.119469024, 0.3672566, 0.780973476]",aacb1b3e6e7c88dcbab953c775da47439a5c4a44c45d7aca75ffdab603e7d844,437,619
test_dog_2dcd1c1325eae7f6_0,2dcd1c1325eae7f6,data/processed_clean/test/dog/test_dog_2dcd1c1325eae7f6_0.jpg,dog,0,train,"[0.091617934, 0.24455611, 0.516569206, 0.39195979000000003]",d7a9c622bcbf135f2539c2915c171dfe8699fdb2f655b737da1c438d099cb835,528,466
test_dog_2e72ea1f77ecca5b_0,2e72ea1f77ecca5b,data/processed_clean/test/dog/test_dog_2e72ea1f77ecca5b_0.jpg,dog,0,train,"[0.20353982, 0.0, 0.49557522, 0.96681416]",0f98f057dfeb4aa810522fb228e28fe7564492aa20723166f9d4df261467e7de,588,683
test_dog_301b9454368536a2_0,301b9454368536a2,data/processed_clean/test/dog/test_dog_301b9454368536a2_0.jpg,dog,0,train,"[0.34375, 0.041666668, 0.6546875, 0.958333332]",9e13bcbb46180e8fd6b91cf91457fbdd51fb96540682df4291259c919ed251b5,726,768
test_dog_306de7b31c908f79_0,306de7b31c908f79,data/processed_clean/test/dog/test_dog_306de7b31c908f79_0.jpg,dog,0,train,"[0.079763666, 0.0, 0.787296874, 1.0]",9aba31e662dba41bdadbc98736fd716af7ded6ada474248dd416b3fe5c8c7841,935,685
test_dog_31f9912410a0ffbc_0,31f9912410a0ffbc,data/processed_clean/test/dog/test_dog_31f9912410a0ffbc_0.jpg,dog,0,train,"[0.094915256, 0.08846154, 0.813559304, 0.8076923300000001]",4d55363e81a0d9db473f9d2d2fd0dfe660b2d77e48365c4ff1fac7810bb4c56a,966,845
test_dog_3257efb2f44e5c06_0,3257efb2f44e5c06,data/processed_clean/test/dog/test_dog_3257efb2f44e5c06_0.jpg,dog,0,train,"[0.51083034, 0.20397112, 0.3772562599999999, 0.6678700099999999]",d836630896d5fd580d0514508f6a8c6f016c622a6d1437b6e36defd47af0954e,448,793
test_dog_3293f926889d82a3_1,3293f926889d82a3,data/processed_clean/test/dog/test_dog_3293f926889d82a3_1.jpg,dog,0,train,"[0.5588235, 0.23578948, 0.43034059999999996, 0.43578945999999996]",fd529676887a06b33c5df9a01e0c4e88d5a02c9cc1d655ee44cea2d223a9aad5,487,381
test_dog_3360b675298645fd_0,3360b675298645fd,data/processed_clean/test/dog/test_dog_3360b675298645fd_0.jpg,dog,0,train,"[0.1421875, 0.0, 0.7234375, 1.0]",70faaed32662dcb3b01db5d742121260bc734fb7fb1e128f810a6920d937b45e,860,768
test_dog_352c73fd81e05c3a_0,352c73fd81e05c3a,data/processed_clean/test/dog/test_dog_352c73fd81e05c3a_0.jpg,dog,0,train,"[0.2747415, 0.07064018, 0.7119646, 0.88962472]",6fd61c1e4e371a5249f666a830fe766c9ef8665db2bbdcbb3b4be9dc04b8453b,801,685
test_dog_3618749238199b6e_0,3618749238199b6e,data/processed_clean/test/dog/test_dog_3618749238199b6e_0.jpg,dog,0,train,"[0.0, 0.0, 1.0, 1.0]",fcea8754d4934c85dde6dce972ea346d7830a8bd96761a8b8c26c07ca1060c7c,1024,683
test_dog_364fa5e32943da2e_0,364fa5e32943da2e,data/processed_clean/test/dog/test_dog_364fa5e32943da2e_0.jpg,dog,0,train,"[0.0296875, 0.08541667, 0.9578125000000001, 0.86041663]",1bccef89a6e6213de6693647ee3be12c2a26feaaae0d68cce1d3c442f70de509,1024,755
test_dog_378f482c21f28008_0,378f482c21f28008,data/processed_clean/test/dog/test_dog_378f482c21f28008_0.jpg,dog,0,train,"[0.39911634, 0.09090909, 0.60088366, 0.90687361]",d52b698e9d2c93819c363c05b903d9c50f7d120bfa5ab48ee946267b6aadac01,665,668
test_dog_37c21796a4741b93_0,37c21796a4741b93,data/processed_clean/test/dog/test_dog_37c21796a4741b93_0.jpg,dog,0,train,"[0.030303031, 0.01453958, 0.888888869, 0.98546042]",f2b7cd310f7a5ec5e48720fccee776602de6a886bdd274c69fad471087eed760,811,1024
test_dog_3887840ede4e292b_0,3887840ede4e292b,data/processed_clean/test/dog/test_dog_3887840ede4e292b_0.jpg,dog,0,train,"[0.40265486, 0.13495575, 0.28908554000000003, 0.68584075]",ab2dc06431e64229e569a06bbd890c83e7570b82975636e94777dbcaa2868dac,343,543
test_dog_391b941cb0d41a6c_0,391b941cb0d41a6c,data/processed_clean/test/dog/test_dog_391b941cb0d41a6c_0.jpg,dog,0,train,"[0.0, 0.0088495575, 0.90855455, 0.9911504425]",adb0008f91a53c8d627b5e241d2e1657e0eb9e30e2c55bdf083fc3347655be45,1005,683
test_dog_392265051c15c160_0,392265051c15c160,data/processed_clean/test/dog/test_dog_392265051c15c160_0.jpg,dog,0,train,"[0.32766616, 0.03586498, 0.53013909, 0.91772152]",ea6573767af0ea7ea12e0e2994b6a6b01381b5a27066ad9d398b78c9e5fddfbc,630,751
test_dog_39cca7e29550714d_0,39cca7e29550714d,data/processed_clean/test/dog/test_dog_39cca7e29550714d_0.jpg,dog,0,train,"[0.0, 0.075723834, 0.96929824, 0.888641406]",5f7ac696fa71f4930d4b08dfa8e0a9fb18d119155353c94ea25996f8dd7f5645,1024,669
test_dog_3c137e36eab8f65e_0,3c137e36eab8f65e,data/processed_clean/test/dog/test_dog_3c137e36eab8f65e_0.jpg,dog,0,train,"[0.3375, 0.11875, 0.38333335999999996, 0.5171875]",622aadad4d21dfdf59f9549f77d944e5c11894126e0699c904330668bd99aba1,341,615
test_dog_3c4de8a7c7173a98_0,3c4de8a7c7173a98,data/processed_clean/test/dog/test_dog_3c4de8a7c7173a98_0.jpg,dog,0,train,"[0.1539961, 0.08877722, 0.588694, 0.69179228]",01f1dd88d8d64f527a1ac1fd6fcf29e6dcd7a64ea2ab5ed19ae8a191aaa3b378,601,822
test_dog_3d72e709beb91d44_0,3d72e709beb91d44,data/processed_clean/test/dog/test_dog_3d72e709beb91d44_0.jpg,dog,0,train,"[0.1734375, 0.09166667, 0.684375, 0.68749997]",1d00b9ed6115d38019fb1f4c63f3441266b8ab845f1e07f65ecac6f09dd921bc,812,613
test_dog_3ee4c89725360bf3_0,3ee4c89725360bf3,data/processed_clean/test/dog/test_dog_3ee4c89725360bf3_0.jpg,dog,0,train,"[0.5515625, 0.26458332, 0.3203125, 0.68124998]",a218015c871732abb25aaf360f0259f76153fe0e4588facb9a9fcfea3c532951,380,607
test_dog_3efba59b2c49e74b_0,3efba59b2c49e74b,data/processed_clean/test/dog/test_dog_3efba59b2c49e74b_0.jpg,dog,0,train,"[0.23451327, 0.0, 0.63716813, 0.99557525]",1a84e977855539d8f13ad1a3199094204e4b74bb9967508c638d2a1a46dc240e,757,683
test_dog_41720eedb792bbde_0,41720eedb792bbde,data/processed_clean/test/dog/test_dog_41720eedb792bbde_0.jpg,dog,0,train,"[0.0, 0.0, 1.0, 1.0]",fb8575356383fcb0b17f5996906b1b6655b522f17636b4482b43ce2263f43313,1024,826
test_dog_41b3fc4520c32756_0,41b3fc4520c32756,data/processed_clean/test/dog/test_dog_41b3fc4520c32756_0.jpg,dog,0,train,"[0.31958762, 0.0, 0.6804123799999999, 1.0]",7be26419d8100fa650aadd9c44a895194f2643dc509c0ea1cb4d908fe6f2658f,752,681
test_dog_4377fcd757033b6b_0,4377fcd757033b6b,data/processed_clean/test/dog/test_dog_4377fcd757033b6b_0.jpg,dog,0,train,"[0.14285715, 0.0, 0.85714285, 1.0]",28c8a4461d0679c379151304b598fca612a56d89a7d4a2999f8cdd6a59c8706a,921,1024
test_dog_4386568b9f06f71c_0,4386568b9f06f71c,data/processed_clean/test/dog/test_dog_4386568b9f06f71c_0.jpg,dog,0,train,"[0.17766498, 0.10810811, 0.64128597, 0.83397686]",0b8d257a075b5a6d299cc92038db97821bc945e5a09b969922d49dfca7c45e36,762,861
test_dog_4487b153cde9610e_0,4487b153cde9610e,data/processed_clean/test/dog/test_dog_4487b153cde9610e_0.jpg,dog,0,train,"[0.0, 0.0, 1.0, 0.99115044]",8caf8151183f8c4627f69f41f03554b742fd7f93ca4024e444b8e6b0cfd6fe90,683,1024
test_dog_4735e67f4ee5b8d1_0,4735e67f4ee5b8d1,data/processed_clean/test/dog/test_dog_4735e67f4ee5b8d1_0.jpg,dog,0,train,"[0.10619469, 0.06415929, 0.77581121, 0.93584071]",e906686e739d3e2b0a29d119d391b4679cc0bee29622f23d2cf6c2f093c79825,922,682
test_dog_489b7f0739f1aacc_0,489b7f0739f1aacc,data/processed_clean/test/dog/test_dog_489b7f0739f1aacc_0.jpg,dog,0,train,"[0.0, 0.0, 1.0, 0.924612]",7c76a8a38a8bca5f22c1fd888f2187ba3bf95e71ba3a4a9248cdc9e07a14fcb2,1024,680
test_dog_48d9a30fa3ee0d4d_0,48d9a30fa3ee0d4d,data/processed_clean/test/dog/test_dog_48d9a30fa3ee0d4d_0.jpg,dog,0,train,"[0.06637168, 0.120943956, 0.93362832, 0.879056044]",feef2689abaf1216856a425d5a3bf4117b455d95f5a04013f7aefc76b0090811,683,972
test_dog_4b23bff74ce9f267_0,4b23bff74ce9f267,data/processed_clean/test/dog/test_dog_4b23bff74ce9f267_0.jpg,dog,0,train,"[0.0, 0.11666667, 0.740625, 0.88333333]",27a548b3d8d6d222af20fb768cef0ad43797e72488d67cc88e765fb3d8ef0861,819,733
test_dog_4b3b20e30267e876_0,4b3b20e30267e876,data/processed_clean/test/dog/test_dog_4b3b20e30267e876_0.jpg,dog,0,train,"[0.09867452, 0.0022172949, 0.90132548, 0.9977827051]",9966d147f00f71ef9b135e141c7625069b79d48bf913aa9065a6c98e8f9017a8,997,681
test_dog_4b7a86153f7761e2_0,4b7a86153f7761e2,data/processed_clean/test/dog/test_dog_4b7a86153f7761e2_0.jpg,dog,0,train,"[0.2296875, 0.24583334, 0.6640625, 0.75416666]",923c5666426992f22af0ee3d60d9529f83db8668be007e4fe6de80bf0bb1956b,789,626
test_dog_4c012f760751a27c_0,4c012f760751a27c,data/processed_clean/test/dog/test_dog_4c012f760751a27c_0.jpg,dog,0,train,"[0.428125, 0.08541667, 0.571875, 0.91458333]",6318c75f9209c135cfaeae4a40c521e7f66b97758f47f22ca258c5b0ceef77d7,632,759
test_dog_4c01bdeb9827d13a_0,4c01bdeb9827d13a,data/processed_clean/test/dog/test_dog_4c01bdeb9827d13a_0.jpg,dog,0,train,"[0.0, 0.0799458, 0.78365386, 0.9200542]",cf782f9e977736aa3327953699e5473d30a5c957fcea4849f2cd6a9d1a2d1f46,488,1018
test_dog_4d17f7aedd224ef5_0,4d17f7aedd224ef5,data/processed_clean/test/dog/test_dog_4d17f7aedd224ef5_0.jpg,dog,0,train,"[0.38700148, 0.22295806, 0.42392907, 0.7770419399999999]",2381edc38124657c4b4183c14d333fdb4125cfd9a512fa10bea6a00aef88bc41,503,575
test_dog_5144bc41c8487842_0,5144bc41c8487842,data/processed_clean/test/dog/test_dog_5144bc41c8487842_0.jpg,dog,0,train,"[0.14457831, 0.11904762, 0.69879519, 0.80086578]",d23f72fe555bc76f02f7d7a975dba76e33b85374b7208c9c4f97213a90ec5e52,830,662
test_dog_522afe857334e486_0,522afe857334e486,data/processed_clean/test/dog/test_dog_522afe857334e486_0.jpg,dog,0,train,"[0.0, 0.07743363, 0.91297936, 0.92256637]",60fe26a71a982e1aff04c22f38e2672eddf2141db29f190f1fe27435e4f4fba6,1010,681
test_dog_53ac1536ecf6f1f6_1,53ac1536ecf6f1f6,data/processed_clean/test/dog/test_dog_53ac1536ecf6f1f6_1.jpg,dog,0,train,"[0.20827179, 0.18984547, 0.5686853599999999, 0.7571744300000001]",6c878b8b43e92a53231b77423c3519688ff4ff9746370518a4a4a86aefcf29f6,675,596
test_dog_541b67f99829a063_0,541b67f99829a063,data/processed_clean/test/dog/test_dog_541b67f99829a063_0.jpg,dog,0,train,"[0.0, 0.2920354, 0.67109144, 0.7079645999999999]",e38da8f7f643d3563d736fc304cf3615c28440c3fd3ee75f32ff9dc5530323e3,742,522
test_dog_552ef2ea113824f9_0,552ef2ea113824f9,data/processed_clean/test/dog/test_dog_552ef2ea113824f9_0.jpg,dog,0,train,"[0.23746313, 0.07522124, 0.53392331, 0.7986725600000001]",46e55b5128771c60db6f8e530f27823a8513b4e8d6e9d2c87d4647ba5aca407e,635,633
test_dog_5717554fa3df3464_0,5717554fa3df3464,data/processed_clean/test/dog/test_dog_5717554fa3df3464_0.jpg,dog,0,train,"[0.29867256, 0.005899705, 0.69911504, 0.762536845]",350b03196811fa84dd7e98276c0ec0e522ee18c7553cc346050a4ff671c29c7a,517,849
test_dog_5a2e3e89d3119f85_0,5a2e3e89d3119f85,data/processed_clean/test/dog/test_dog_5a2e3e89d3119f85_0.jpg,dog,0,train,"[0.31858408, 0.17256637, 0.33480822000000005, 0.71902653]",b6bac0da27ab7990bc1eeff70983b674590cf35437eee0ff3711b6d4d61f409b,398,569
test_dog_5af1128f313e9b56_0,5af1128f313e9b56,data/processed_clean/test/dog/test_dog_5af1128f313e9b56_0.jpg,dog,0,train,"[0.081190795, 0.6240964, 0.5250338649999999, 0.3759036]",f6bae30be9c18a07a9a8f6f0799c9b640c384a075addba52c9585ec3919d9b9d,624,234
test_dog_5dc63a64e7e910c5_0,5dc63a64e7e910c5,data/processed_clean/test/dog/test_dog_5dc63a64e7e910c5_0.jpg,dog,0,train,"[0.0, 0.0, 1.0, 0.9533333]",1b0c81ae3787da45e9112f39ada2c1df05c255bbe3481e62f9e9c6238c1cec4b,1024,768
test_dog_5dd18274959a8687_0,5dd18274959a8687,data/processed_clean/test/dog/test_dog_5dd18274959a8687_0.jpg,dog,0,train,"[0.16, 0.02202643, 0.84, 0.91409697]",629019ff96836d63676f11cb41229a96fc6aa99ddcfbe5aa7386d8d494f8c682,929,690
test_dog_63109b374c9ba993_0,63109b374c9ba993,data/processed_clean/test/dog/test_dog_63109b374c9ba993_0.jpg,dog,0,train,"[0.1828125, 0.016666668, 0.5843750000000001, 0.983333332]",6770a859b530f4f531944555aa703d44a3b5745a4fd8091d5bf434b33d0b45e7,694,768
test_dog_65fd39d6508433ff_0,65fd39d6508433ff,data/processed_clean/test/dog/test_dog_65fd39d6508433ff_0.jpg,dog,0,train,"[0.179941, 0.36283186, 0.33333329999999994, 0.21017697999999996]",a42a083e9fd9d5d71d52a45cb7b8928a7f0fb9951c3a548b8306f7bb1a307386,396,167
test_dog_677711b910b79648_0,677711b910b79648,data/processed_clean/test/dog/test_dog_677711b910b79648_0.jpg,dog,0,train,"[0.0022675737, 0.031609196, 0.9319727663, 0.968390804]",ab73c9689e9456faa0f6c9b82836130a9d47100833c95fcbd8b4a8a922126e58,648,1024
test_dog_680a27a805e63300_0,680a27a805e63300,data/processed_clean/test/dog/test_dog_680a27a805e63300_0.jpg,dog,0,train,"[0.2788321, 0.32214764, 0.2613139, 0.20805365999999997]",ae4f88f8c6975de03b4a4cd5df04a60b9dfcf1e9dcebe4fef036e67e98c50b1a,311,161
test_dog_6a3ebb3283ab3048_0,6a3ebb3283ab3048,data/processed_clean/test/dog/test_dog_6a3ebb3283ab3048_0.jpg,dog,0,train,"[0.31563422, 0.21238938, 0.30973448, 0.7367256600000001]",002fe2cb831c19c8376835cc5b5adbade67915bcf0feab2d563bf99013bb6765,368,578
test_dog_6c7a21b3968510bb_0,6c7a21b3968510bb,data/processed_clean/test/dog/test_dog_6c7a21b3968510bb_0.jpg,dog,0,train,"[0.19616519, 0.20132743, 0.50737466, 0.34513272000000006]",583abd019e7dfa09bd2b77880352b942f2428cd9f71040836cf644792958679f,603,273
test_dog_6d7734a09183c9b4_0,6d7734a09183c9b4,data/processed_clean/test/dog/test_dog_6d7734a09183c9b4_0.jpg,dog,0,train,"[0.0, 0.04299363, 0.97336066, 0.89331213]",47202d4640a8cbd65e382eb024bd3b107532a133edd9f5df592f2c4851487c2a,768,987
test_dog_6dfa2459778fcdfb_0,6dfa2459778fcdfb,data/processed_clean/test/dog/test_dog_6dfa2459778fcdfb_0.jpg,dog,0,train,"[0.0, 0.0, 1.0, 0.9203125]",96d5d212bccde523b991effe6e352618ccdff8dc4c461c517cc67f88acd4dd68,768,1018
test_dog_6e863f0fd79a678b_0,6e863f0fd79a678b,data/processed_clean/test/dog/test_dog_6e863f0fd79a678b_0.jpg,dog,0,train,"[0.0, 0.10609481, 0.62454873, 0.81038379]",82adddb7bd6d9f13763c1a499aa11f7c1e82f97903762e2a786c01dfb45be5f2,648,722
test_dog_70b29fbfd4624ea8_0,70b29fbfd4624ea8,data/processed_clean/test/dog/test_dog_70b29fbfd4624ea8_0.jpg,dog,0,train,"[0.0074211503, 0.0, 0.9109461497, 1.0]",097d91fe442be425f70a70231558d98e6e458480058f0f6ccb68a8344ac560c9,961,1024
test_dog_70d74c9dba7cd0ce_0,70d74c9dba7cd0ce,data/processed_clean/test/dog/test_dog_70d74c9dba7cd0ce_0.jpg,dog,0,train,"[0.06713781, 0.077634014, 0.82508835, 0.922365986]",1c38da838a49844f456ce437b4114ead8d84baadf857a04aa96a5096eced76f9,980,975
test_dog_710f0a22bbf74fad_0,710f0a22bbf74fad,data/processed_clean/test/dog/test_dog_710f0a22bbf74fad_0.jpg,dog,0,train,"[0.1984375, 0.30208334, 0.6140625, 0.69791666]",3b47316d89a08c1a78e9e5e241b3ab8c216d01ea897d83766265dc6d9c02d710,729,579
test_dog_71625aee1e942dca_0,71625aee1e942dca,data/processed_clean/test/dog/test_dog_71625aee1e942dca_0.jpg,dog,0,train,"[0.039832287, 0.02177294, 0.960167713, 0.97822706]",6dbda22c5377b92e34d98da3df1a2372d46a51c7e88d7e6c2593340af0273522,759,1024
test_dog_7188bf41b43dfd01_1,7188bf41b43dfd01,data/processed_clean/test/dog/test_dog_7188bf41b43dfd01_1.jpg,dog,0,train,"[0.34292036, 0.12536873, 0.6570796400000001, 0.35545722999999996]",89e4f610d758baa7de02f6004fc0c21f49db5aea257de35d79b8e3d3c01a6a96,485,422
test_dog_71c870b3aec95919_0,71c870b3aec95919,data/processed_clean/test/dog/test_dog_71c870b3aec95919_0.jpg,dog,0,train,"[0.05, 0.2112676, 0.95, 0.7887324]",41b1a5e5c13e59da7731481bfb6c00b520baff19c43e6afd36040fa110b247bd,769,872
test_dog_72dcbb1415c878b0_0,72dcbb1415c878b0,data/processed_clean/test/dog/test_dog_72dcbb1415c878b0_0.jpg,dog,0,train,"[0.4234375, 0.18958333, 0.22968749999999993, 0.46875003]",0ec77277c677c6ed45e41ea79f4178676bcff3db2e381d7c5428987bfc124dca,273,417
test_dog_72e8ece13f6bb2c5_0,72e8ece13f6bb2c5,data/processed_clean/test/dog/test_dog_72e8ece13f6bb2c5_0.jpg,dog,0,train,"[0.0, 0.16371681, 0.8215339, 0.8362831900000001]",36acd4fa6200c8b58179642cec48a07a2eab46b7c44a837a8be7ec2e7ba2f74a,909,617
test_dog_75e3b2e7c54940d0_0,75e3b2e7c54940d0,data/processed_clean/test/dog/test_dog_75e3b2e7c54940d0_0.jpg,dog,0,train,"[0.0, 0.0, 1.0, 1.0]",f00c41cc83a64ba760fe796d57f0883cb2532f4fe00fd8bfe84b82f7dcce2c0a,893,1024
test_dog_7adb68ab2539f885_1,7adb68ab2539f885,data/processed_clean/test/dog/test_dog_7adb68ab2539f885_1.jpg,dog,0,train,"[0.5640625, 0.31041667, 0.275, 0.23958333000000004]",f8226f3995c96856dbe637cc07fcfe09c6a50a4d1dc640c1f9e03911b495e746,327,213
test_dog_7bbabc5d9d51c1ab_0,7bbabc5d9d51c1ab,data/processed_clean/test/dog/test_dog_7bbabc5d9d51c1ab_0.jpg,dog,0,train,"[0.3984375, 0.14166667, 0.4921875, 0.80833333]",5aea6a75acab7fba0f0e7fcc6d2f2b28c5717e47f6cc44c58b61dc72ccc643d7,584,709
test_dog_7c417c0674440fcb_0,7c417c0674440fcb,data/processed_clean/test/dog/test_dog_7c417c0674440fcb_0.jpg,dog,0,train,"[0.0, 0.0, 0.37223044, 1.0]",856ff51532d56cedfd702d53cc535bd26214a2dc5f825a66930480b83daac67b,412,685
test_dog_7fa0e19cd7267276_0,7fa0e19cd7267276,data/processed_clean/test/dog/test_dog_7fa0e19cd7267276_0.jpg,dog,0,train,"[0.17352942, 0.07760532, 0.8264705800000001, 0.92239468]",34d20d31a6d028c610456e62248898acb04dfc29ccad2626f230d0bfa866acfa,914,677
test_dog_82a3d3d10a80f03e_0,82a3d3d10a80f03e,data/processed_clean/test/dog/test_dog_82a3d3d10a80f03e_0.jpg,dog,0,train,"[0.0, 0.37168142, 0.6238938, 0.62831858]",0a753832f288535bca9d71dd90c3ccc524b26e908eb906d8d231b96389ce0250,690,463
test_dog_83ae1a342855cc6f_0,83ae1a342855cc6f,data/processed_clean/test/dog/test_dog_83ae1a342855cc6f_0.jpg,dog,0,train,"[0.18879056, 0.097345136, 0.71386434, 0.838495564]",62912f2150973fd9619324fbb598c592b8bdb10c977a69b2cbcf64a509a8d2ef,848,662
test_dog_84f632e6ab660fac_1,84f632e6ab660fac,data/processed_clean/test/dog/test_dog_84f632e6ab660fac_1.jpg,dog,0,train,"[0.11013216, 0.15703703, 0.5352423399999999, 0.30222224]",4ae713be8fa28182277f7ed611f0994e9516a208a19a505e0f2ce2afeec4f194,428,359
test_dog_854582b42e136bcb_0,854582b42e136bcb,data/processed_clean/test/dog/test_dog_854582b42e136bcb_0.jpg,dog,0,train,"[0.022123894, 0.095132746, 0.623893806, 0.842920354]",fa5024216e1f09e68c29309a83bd4cd77ecf9e8a5ec3c3cd5801dc2d2812744e,713,664
test_dog_86221c8ef979f5af_0,86221c8ef979f5af,data/processed_clean/test/dog/test_dog_86221c8ef979f5af_0.jpg,dog,0,train,"[0.09375, 0.0, 0.9046875, 1.0]",fd5d022beee4a4583be99d49db7ffef742d7bd48641b346538e91d5496d21212,1002,768
test_dog_88210c21f2934e9f_1,88210c21f2934e9f,data/processed_clean/test/dog/test_dog_88210c21f2934e9f_1.jpg,dog,0,train,"[0.371875, 0.43333334, 0.6265624999999999, 0.56666666]",4b2712bfbf985dfc7e5246d5705773784407aaf9cb80c9428477ca724791fae7,695,470
test_dog_8a2f03263d26dc95_0,8a2f03263d26dc95,data/processed_clean/test/dog/test_dog_8a2f03263d26dc95_0.jpg,dog,0,train,"[0.18252428, 0.11596639, 0.57281552, 0.70924371]",a88910a802fe1e75d034e70d563c5d2198a9e8ba2cc4a8bded234841dc5a56b4,590,842
test_dog_8bc1ed6d3bd7c824_0,8bc1ed6d3bd7c824,data/processed_clean/test/dog/test_dog_8bc1ed6d3bd7c824_0.jpg,dog,0,train,"[0.0, 0.014583333, 0.9640625, 0.822916667]",aee6dd21d9019e29a15606d90bdd4eb4851fa03c0da55301b7fb73bd3df1a800,1024,694
test_dog_8bff4ff71a1fdb04_0,8bff4ff71a1fdb04,data/processed_clean/test/dog/test_dog_8bff4ff71a1fdb04_0.jpg,dog,0,train,"[0.121681415, 0.18289086, 0.734513285, 0.81710914]",832e7505a06f60f8926f639268318da76eb8890e2d9dfd1f6e8fcec5d9f78112,582,904
test_dog_8fd8fcd04ad11bd7_0,8fd8fcd04ad11bd7,data/processed_clean/test/dog/test_dog_8fd8fcd04ad11bd7_0.jpg,dog,0,train,"[0.079422385, 0.028880866, 0.841155265, 0.9458483740000001]",3163902523faa74f47925666666dc1168d0a666cabf3a849a71d1ad4f515095f,1000,1024
test_dog_902f23c779c6f78e_0,902f23c779c6f78e,data/processed_clean/test/dog/test_dog_902f23c779c6f78e_0.jpg,dog,0,train,"[0.0, 0.07039711, 0.89169675, 0.92960289]",3dd70033e6c379bce99a2eadce9e04ff4979d1f8ee10bd793470387d8950e61c,986,1024
test_dog_90c7fbf3bb9f37cc_0,90c7fbf3bb9f37cc,data/processed_clean/test/dog/test_dog_90c7fbf3bb9f37cc_0.jpg,dog,0,train,"[0.36524302, 0.16186252, 0.25625918000000003, 0.65410198]",11f14e1da3cbd88aa76b95c40ebb7f17bf3b85ef0f8b69f841bd72278f0369f1,304,516
test_dog_93a33e91cf0f5486_0,93a33e91cf0f5486,data/processed_clean/test/dog/test_dog_93a33e91cf0f5486_0.jpg,dog,0,train,"[0.08504399, 0.25777778, 0.90029327, 0.7422222199999999]",0eab1378fc9b68c3217707e8ff06b3526bc7a7c892f40c9876f3c3276b46eacf,1011,541
test_dog_93bbc9b4be772e59_0,93bbc9b4be772e59,data/processed_clean/test/dog/test_dog_93bbc9b4be772e59_0.jpg,dog,0,train,"[0.15849674, 0.12273642, 0.84150326, 0.8752514800000001]",188a63814d41670ba5d54bca794173e87cd51bdfb29b141d2ce03a0fa71dab46,931,788
test_dog_93d8b6efea396b20_1,93d8b6efea396b20,data/processed_clean/test/dog/test_dog_93d8b6efea396b20_1.jpg,dog,0,train,"[0.42731276, 0.08869179, 0.57268724, 0.91130821]",b472adc292c3db51c6cbc7fbd49071c5a194d602e8ca144a3d7e62574a9131cb,633,667
test_dog_93d8f515cccd011d_0,93d8f515cccd011d,data/processed_clean/test/dog/test_dog_93d8f515cccd011d_0.jpg,dog,0,train,"[0.10554804, 0.14457831, 0.41677945999999993, 0.85542169]",76978bf2ea225a5d767198c5156f23662714d75a4bb14f8593109b02fb74b7dd,495,532
test_dog_94becea92ad277fc_0,94becea92ad277fc,data/processed_clean/test/dog/test_dog_94becea92ad277fc_0.jpg,dog,0,train,"[0.26144755, 0.08388521, 0.5376662, 0.78807949]",1bc930cc777660bde673cea9fd9a4f369c6792bf4625032fe6c4811e7658ea30,638,626
test_dog_9558e16c5f05cfc0_0,9558e16c5f05cfc0,data/processed_clean/test/dog/test_dog_9558e16c5f05cfc0_0.jpg,dog,0,train,"[0.0, 0.02660754, 0.7334315, 0.97339246]",d8390892a2fc8e3ca45ff881d8f8cfd1c78fc773232df79d101b7ed2d9de0443,811,681
test_dog_95f73dc353a80fe2_0,95f73dc353a80fe2,data/processed_clean/test/dog/test_dog_95f73dc353a80fe2_0.jpg,dog,0,train,"[0.07100592, 0.0, 0.82840238, 1.0]",74aae934db9715d3ef260f01788696e6c1a2776f882b344d13971ed34450a9ea,984,687
test_dog_9628bbc4337da1cf_0,9628bbc4337da1cf,data/processed_clean/test/dog/test_dog_9628bbc4337da1cf_0.jpg,dog,0,train,"[0.2129964, 0.07039711, 0.54512634, 0.84115526]",389b321877184cb781cf7868c149a26ca732a2f155c48464b8f45192cb09e0b7,648,999
test_dog_962e733a98329376_0,962e733a98329376,data/processed_clean/test/dog/test_dog_962e733a98329376_0.jpg,dog,0,train,"[0.0, 0.09494949, 0.8012924, 0.83838385]",78a3422354a7f6a605d781e7c02d6cc8204acfa9e568f548253f585b11cf50fc,886,796
test_dog_9634555c0204713e_0,9634555c0204713e,data/processed_clean/test/dog/test_dog_9634555c0204713e_0.jpg,dog,0,train,"[0.21207659, 0.090707965, 0.42268041, 0.869469035]",3722a4a30f39494a58eb328c656f9a5ad96a9a11087ae95223abbc3fc906015a,502,668
test_dog_99bd81f105b3c8ec_0,99bd81f105b3c8ec,data/processed_clean/test/dog/test_dog_99bd81f105b3c8ec_0.jpg,dog,0,train,"[0.0, 0.0, 1.0, 0.88274336]",099cc0be892c1c2c125ae2818edf92286e9f191e74e59a2f519c46e787db5bb2,1024,650
test_dog_9ab79be635ab4b63_0,9ab79be635ab4b63,data/processed_clean/test/dog/test_dog_9ab79be635ab4b63_0.jpg,dog,0,train,"[0.0, 0.0, 1.0, 1.0]",b437d01afdad8a73f7f30e307749b33d3b0b82e845df7c3030b5beb9e6d442c9,1024,680
test_dog_9b6bac5445ebf273_0,9b6bac5445ebf273,data/processed_clean/test/dog/test_dog_9b6bac5445ebf273_0.jpg,dog,0,train,"[0.0, 0.0, 0.87905604, 1.0]",672dd5c20e2544d35a2eee4cdea946f59171baa185ee4708910d3624753cc31a,972,683
test_dog_9d769904385cb28d_0,9d769904385cb28d,data/processed_clean/test/dog/test_dog_9d769904385cb28d_0.jpg,dog,0,train,"[0.31369662, 0.2949002, 0.35493374, 0.5077605599999999]",ae256dcca89db55c0d3893c47f59df6d5e3759e3e8c209dc00b304409cd4ae37,422,400
test_dog_9e35f6cebf622d97_0,9e35f6cebf622d97,data/processed_clean/test/dog/test_dog_9e35f6cebf622d97_0.jpg,dog,0,train,"[0.29375, 0.19375, 0.6015625, 0.71875]",c26ec92150422da44350d8c879dd91dbdd5e5768add747614fa85e2233a1f119,714,640
test_dog_9f218ac8ca44b079_2,9f218ac8ca44b079,data/processed_clean/test/dog/test_dog_9f218ac8ca44b079_2.jpg,dog,0,train,"[0.5090253, 0.15884477, 0.2274368, 0.5]",64ec047344c36a16cb34b7c62399182a3971bdedb5ad8e3483de6d1a83bf621e,270,594
test_dog_a11b1cc259a2ab2f_0,a11b1cc259a2ab2f,data/processed_clean/test/dog/test_dog_a11b1cc259a2ab2f_0.jpg,dog,0,train,"[0.14906833, 0.070866145, 0.70393377, 0.840944855]",e476885576f582ab6e0b5f10f5508383353262c704ff35dbc5cc2dd00c1c1883,636,999
test_dog_a450de7fa49ab2dd_0,a450de7fa49ab2dd,data/processed_clean/test/dog/test_dog_a450de7fa49ab2dd_0.jpg,dog,0,train,"[0.2671875, 0.21294363, 0.5625, 0.70563672]",e2b857806126c7c65b931b156036051415b1eeb005ed550f943f45819512b999,668,627
test_dog_a7942cb957ab6048_0,a7942cb957ab6048,data/processed_clean/test/dog/test_dog_a7942cb957ab6048_0.jpg,dog,0,train,"[0.2983752, 0.0, 0.65140324, 1.0]",7781a2de5790b1403cc7169171839754257e52156c9e2b318b8576dc0dc3f25e,772,685
test_dog_a9f4fb890f812f8f_0,a9f4fb890f812f8f,data/processed_clean/test/dog/test_dog_a9f4fb890f812f8f_0.jpg,dog,0,train,"[0.5092025, 0.4417863, 0.2924335, 0.44019139999999995]",03da2f5c4d158d436c88ae145f246e7a72ded8d4423d816b0532b10b402fc1d8,270,523
test_dog_aaebf11febddf468_1,aaebf11febddf468,data/processed_clean/test/dog/test_dog_aaebf11febddf468_1.jpg,dog,0,train,"[0.0, 0.28539824, 0.4992636, 0.6615043899999999]",2cf5ee109a99a90161bedba7557dfea050951c027dbfe54f6173bb599ac244ec,552,523
test_dog_abfa679752507b1c_0,abfa679752507b1c,data/processed_clean/test/dog/test_dog_abfa679752507b1c_0.jpg,dog,0,train,"[0.16792738, 0.06465517, 0.73827535, 0.78017243]",b6562be51fd5e9bc7f3f0aba6086b16f993a3c651f4e34d1f2dbdb8d7f9614cc,877,649
test_dog_ae869ba83d15b8e5_0,ae869ba83d15b8e5,data/processed_clean/test/dog/test_dog_ae869ba83d15b8e5_0.jpg,dog,0,train,"[0.0, 0.028761063, 0.5, 0.971238937]",0e040ea87b3c6c7a73207173fed5ca3649361e83ba3c404733a8bfa71515e8c8,553,683
test_dog_b248bd6bfa61277b_0,b248bd6bfa61277b,data/processed_clean/test/dog/test_dog_b248bd6bfa61277b_0.jpg,dog,0,train,"[0.39292035, 0.52302027, 0.38584075, 0.4530386900000001]",d8662d07b365b4894ba738218e2a23e0eee26a4c5be903ce15ee8b3961cd60f6,458,504
test_dog_b24935e3611e7d62_0,b24935e3611e7d62,data/processed_clean/test/dog/test_dog_b24935e3611e7d62_0.jpg,dog,0,train,"[0.0, 0.19791667, 0.6984375, 0.80208333]",fb6dc6172966b6f27417b16bb78ce519066729f49121f7699e4f74678606a8a7,772,665
test_dog_b3521eab04d4f956_0,b3521eab04d4f956,data/processed_clean/test/dog/test_dog_b3521eab04d4f956_0.jpg,dog,0,train,"[0.5058997, 0.19911504, 0.3510324600000001, 0.63495576]",959f12ca9fb31fea6cfcba01182bda42dcd252725f2140e9d49f26ffe955f9d4,417,503
test_dog_b40e1f50db3ba1ca_0,b40e1f50db3ba1ca,data/processed_clean/test/dog/test_dog_b40e1f50db3ba1ca_0.jpg,dog,0,train,"[0.109375, 0.0, 0.5390625, 0.8666667]",9c28b12b0aede95df287ced1f0e541d6a958b59c19c4da576ad7dc9d2d63d2ec,640,719
test_dog_b63a1e1779fd4247_0,b63a1e1779fd4247,data/processed_clean/test/dog/test_dog_b63a1e1779fd4247_0.jpg,dog,0,train,"[0.13095239, 0.10491072, 0.65476188, 0.68080355]",4ec57a7d654d7117ad0d02f4826d5ca428e97a1bdcfae837b76226309e1a7742,584,808
test_dog_b8bf2650c78c81f9_0,b8bf2650c78c81f9,data/processed_clean/test/dog/test_dog_b8bf2650c78c81f9_0.jpg,dog,0,train,"[0.03318584, 0.0, 0.88274336, 1.0]",dd2fec9778b82d3918e0b785e9847720767d6bd2fe7ab6f228e4eaa3dba5961e,674,1024
test_dog_ba30f3df29666054_0,ba30f3df29666054,data/processed_clean/test/dog/test_dog_ba30f3df29666054_0.jpg,dog,0,train,"[0.0, 0.0, 0.790625, 1.0]",dbcd1eb0a94b7d34844fdc34fdf5cdf4bced7dfc69dd98ef1c207dd7892e4c3c,874,768
test_dog_baf5c166d7ff5bf6_0,baf5c166d7ff5bf6,data/processed_clean/test/dog/test_dog_baf5c166d7ff5bf6_0.jpg,dog,0,train,"[0.1171875, 0.22708334, 0.8046875, 0.52291666]",949ced35ddfe482d0b2ad900b59f55ddddcd0c63e1ebefa6d821e8573ed4ec3f,956,466
test_dog_bb30c37ccca4dbe2_1,bb30c37ccca4dbe2,data/processed_clean/test/dog/test_dog_bb30c37ccca4dbe2_1.jpg,dog,0,train,"[0.203125, 0.108333334, 0.796875, 0.891666666]",d2c2d1def82644b124b64b0b4ede2b0691cfc111212863f06f5b73af812364f5,881,740
test_dog_bd42f319558012ab_0,bd42f319558012ab,data/processed_clean/test/dog/test_dog_bd42f319558012ab_0.jpg,dog,0,train,"[0.104950495, 0.14003295, 0.724752505, 0.85831955]",d5d7f462edce024edfd4dd67a0f6884f8f8dc9b8721811997f461d7263a82110,717,951
test_dog_bd49f2c6c32dfe1b_0,bd49f2c6c32dfe1b,data/processed_clean/test/dog/test_dog_bd49f2c6c32dfe1b_0.jpg,dog,0,train,"[0.15625, 0.17083333, 0.6046875, 0.82916667]",3a358597706fdab9b22b9170a4649df0e179975931259578a2a549e5ccb94f0e,719,688
test_dog_beb2d81786f842df_0,beb2d81786f842df,data/processed_clean/test/dog/test_dog_beb2d81786f842df_0.jpg,dog,0,train,"[0.2484375, 0.0875, 0.6421875, 0.7458333]",808069c235e5a0e83b886c806de5dcbf0f1d9e810265802b5bb3fa2ea2b16916,763,665
test_dog_c072b8cb329f280f_0,c072b8cb329f280f,data/processed_clean/test/dog/test_dog_c072b8cb329f280f_0.jpg,dog,0,train,"[0.28552097, 0.038554218, 0.24221923, 0.5662650819999999]",ef89553cea35325b6d5ae8101ed8bf7cefc8c0824bea14e676d1b28c13bb9967,287,374
test_dog_c3213ae2b8ee2639_0,c3213ae2b8ee2639,data/processed_clean/test/dog/test_dog_c3213ae2b8ee2639_0.jpg,dog,0,train,"[0.1984375, 0.59791666, 0.309375, 0.40208334]",d64a5fa8f27df8bf2dcc63a989da74a1cbba02382df5ca7eeb9d6a53dd81c9c5,367,334
test_dog_c366773a89f675ae_0,c366773a89f675ae,data/processed_clean/test/dog/test_dog_c366773a89f675ae_0.jpg,dog,0,train,"[0.3397341, 0.105960265, 0.49039886000000005, 0.761589395]",8faf6f23159d09ea076bde85b741c8d5e181888dad07f9f1c45273e3aa019aa9,582,606
test_dog_c553e577d1d65e41_0,c553e577d1d65e41,data/processed_clean/test/dog/test_dog_c553e577d1d65e41_0.jpg,dog,0,train,"[0.29498526, 0.024336284, 0.70501474, 0.975663716]",8bc67d1b708fa31d25543dcf5732de9b48d4cb93c896fa6f51a41fda17b11d4d,780,683
test_dog_c6223da9821afdeb_0,c6223da9821afdeb,data/processed_clean/test/dog/test_dog_c6223da9821afdeb_0.jpg,dog,0,train,"[0.0, 0.0, 1.0, 0.9241877]",713a1bf27205fa808597ffdcc623c2b077acdb5e5c84f2e8b7e51a9f420d8318,1024,1022
test_dog_c78b84fea308654b_0,c78b84fea308654b,data/processed_clean/test/dog/test_dog_c78b84fea308654b_0.jpg,dog,0,train,"[0.0, 0.072916664, 0.8671875, 0.927083336]",8309f8b2936cff5dbf422bb2ae11da90cc2f2f3c8b40e51de3137038c5a88b2c,959,768
test_dog_ca041d43750bf8d3_0,ca041d43750bf8d3,data/processed_clean/test/dog/test_dog_ca041d43750bf8d3_0.jpg,dog,0,train,"[0.2890625, 0.0, 0.7109375, 1.0]",5612ad464603d8f0b384f77f9e56fefe3dfe8d395957fc53c3a8f9b58866523d,786,768
test_dog_cab8687669c26f61_0,cab8687669c26f61,data/processed_clean/test/dog/test_dog_cab8687669c26f61_0.jpg,dog,0,train,"[0.13813815, 0.104347825, 0.7222222500000001, 0.8956521749999999]",07179a43a5d0ab2b5227da322de66d56bbd1f690ecf919e2aa33f7dcd3e17733,858,685
test_dog_cb548cb92b957a68_0,cb548cb92b957a68,data/processed_clean/test/dog/test_dog_cb548cb92b957a68_0.jpg,dog,0,train,"[0.0, 0.077083334, 0.865625, 0.922916666]",ca80b94a4d9b56668fa9b706e381aafb9a10b6dcf080bb7f2f98f2b9d45ca79b,957,766
test_dog_cbc7509dc39c6375_0,cbc7509dc39c6375,data/processed_clean/test/dog/test_dog_cbc7509dc39c6375_0.jpg,dog,0,train,"[0.09049774, 0.064794816, 0.73604826, 0.935205184]",7915a38333c9826ab70ada443821e551816bbdd3655fd141867bec902a673b78,875,716
test_dog_cc0bb1579a0390f3_0,cc0bb1579a0390f3,data/processed_clean/test/dog/test_dog_cc0bb1579a0390f3_0.jpg,dog,0,train,"[0.0, 0.09671533, 1.0, 0.80656934]",611be10ff4045486114aa24af39bd8b825cef700004c86261600563b7d2ec556,1024,939
test_dog_cc24401826c41528_0,cc24401826c41528,data/processed_clean/test/dog/test_dog_cc24401826c41528_0.jpg,dog,0,train,"[0.2828125, 0.047916666, 0.46875, 0.933333334]",af898a971e004bc239e108afc6b428e97f9c426d666d7775c31259d5ef9b7573,557,768
test_dog_cd0688695429afc4_0,cd0688695429afc4,data/processed_clean/test/dog/test_dog_cd0688695429afc4_0.jpg,dog,0,train,"[0.2114165, 0.10939907, 0.5243129, 0.86594763]",e7789feac8d10dcffdc00cdac6fb96fb4044770d77fd147e21867c6feb5057f5,454,983
test_dog_cf8bd5209eda2a5a_0,cf8bd5209eda2a5a,data/processed_clean/test/dog/test_dog_cf8bd5209eda2a5a_0.jpg,dog,0,train,"[0.12610619, 0.109144546, 0.87389381, 0.890855454]",00bf23c2a33196b08d756bab3478318441f6ae95ede2c8547a94d75a20645688,645,985
test_dog_cfeac94a3a0e8c87_0,cfeac94a3a0e8c87,data/processed_clean/test/dog/test_dog_cfeac94a3a0e8c87_0.jpg,dog,0,train,"[0.18141593, 0.17920354, 0.65929203, 0.7455752200000001]",34b3edc1cac55ff75e3efe7bbd40d19e89227470ab899c4200d3d271b02f7cf3,783,590
test_dog_d0405e2e91ed1bce_0,d0405e2e91ed1bce,data/processed_clean/test/dog/test_dog_d0405e2e91ed1bce_0.jpg,dog,0,train,"[0.23987539, 0.027196653, 0.63239877, 0.732217607]",dc3586151c1b549ffef9869578bd28e9444aeea7755a5a8c0d5d0e9c9a275cd8,751,624
test_dog_d39c1b3f92464dc7_0,d39c1b3f92464dc7,data/processed_clean/test/dog/test_dog_d39c1b3f92464dc7_0.jpg,dog,0,train,"[0.0049423394, 0.0, 0.9851730006, 1.0]",01e82e7d4d5e89af4a36d855158c26a1cfdfaca8d5e35aafa440a7517d66b876,1024,852
test_dog_d4dd777cfbb61fae_0,d4dd777cfbb61fae,data/processed_clean/test/dog/test_dog_d4dd777cfbb61fae_0.jpg,dog,0,train,"[0.020588236, 0.0, 0.863235264, 0.8780488]",e3e02576f926aab82afa182662b7dd1ae099ee2107dd2d51fb410a13a06626a1,976,645
test_dog_d839bf396d3f0cd2_0,d839bf396d3f0cd2,data/processed_clean/test/dog/test_dog_d839bf396d3f0cd2_0.jpg,dog,0,train,"[0.0, 0.0, 1.0, 1.0]",6423bd079814a9bb498cd4a2d5d6907e1ebf734ea82937075437b0810846521c,1024,1024
test_dog_d979bd9ba400a20c_1,d979bd9ba400a20c,data/processed_clean/test/dog/test_dog_d979bd9ba400a20c_1.jpg,dog,0,train,"[0.48525074, 0.07522124, 0.51474926, 0.92477876]",3050d42f91b6f712af2659681ed9fee04754f22f2ba87f4b2cb0c23d533f7381,569,682
test_dog_dad34e8ac194edf8_0,dad34e8ac194edf8,data/processed_clean/test/dog/test_dog_dad34e8ac194edf8_0.jpg,dog,0,train,"[0.0, 0.24778761, 0.6563422, 0.75221239]",79be90f60e60920eba8053ec791a302511f86cb66f53657ef05881eab7a3c7b8,726,555
test_dog_dcc8ad8a0cd86952_0,dcc8ad8a0cd86952,data/processed_clean/test/dog/test_dog_dcc8ad8a0cd86952_0.jpg,dog,0,train,"[0.12363067, 0.14583333, 0.56494523, 0.75625001]",ffcd369c66a9390509b49bfc858a12fa3a1c4dc6b780fc2327d3b6cf2053f90e,671,675
test_dog_dd797db52306ab7f_0,dd797db52306ab7f,data/processed_clean/test/dog/test_dog_dd797db52306ab7f_0.jpg,dog,0,train,"[0.056047197, 0.0, 0.7050147729999999, 0.99557525]",ea5dc3f18ce784d922f21af2144bbc5d0edd9264fa132c0ee313b84b9f856696,837,683
test_dog_de9e43d39ac4d697_0,de9e43d39ac4d697,data/processed_clean/test/dog/test_dog_de9e43d39ac4d697_0.jpg,dog,0,train,"[0.31811488, 0.14412417, 0.38586157, 0.67627493]",a481f141b2cac9a84832cc90d3e270b6fa8799eca4f3e6c997d5f0183c86872b,458,535
test_dog_dfda9958d70717b2_0,dfda9958d70717b2,data/processed_clean/test/dog/test_dog_dfda9958d70717b2_0.jpg,dog,0,train,"[0.4329897, 0.13747229, 0.18703975, 0.5365853700000001]",d1cc6545b4b96d95ef8a8c77060dd75c9c62122103071fb8e3981ebaab79cf65,222,424
test_dog_e1a8438577de7b8f_0,e1a8438577de7b8f,data/processed_clean/test/dog/test_dog_e1a8438577de7b8f_0.jpg,dog,0,train,"[0.171875, 0.09375, 0.6953125, 0.90625]",13d3f3bf32b8a42b122d5a7c222a82f2bc3cb57e50081544dccc3366617a5912,826,752
test_dog_e9d6cd58c0c75be2_0,e9d6cd58c0c75be2,data/processed_clean/test/dog/test_dog_e9d6cd58c0c75be2_0.jpg,dog,0,train,"[0.115625, 0.20833333, 0.7703125000000001, 0.79166667]",1c287018f4a413f1fa0e103d0a36bcb5977c88ac38b5ba34dffb2404c6230c14,915,657
test_dog_eab505ad6716627b_0,eab505ad6716627b,data/processed_clean/test/dog/test_dog_eab505ad6716627b_0.jpg,dog,0,train,"[0.0, 0.0072202166, 0.9476534, 0.9602888133999999]",6839ce0e845a7c013f785b37cd76d4314ab9a82804ab7fa0c8bd7d97c626c16b,1024,1024
test_dog_ebb5f0efe636efc0_0,ebb5f0efe636efc0,data/processed_clean/test/dog/test_dog_ebb5f0efe636efc0_0.jpg,dog,0,train,"[0.07947977, 0.09255079, 0.7803467900000001, 0.90744921]",fec19fd23f48e104812dec5fcf25b5d7e114e42a384eb44091e6e820c6d4f0d4,927,643
test_dog_eeae7ff57c961fac_0,eeae7ff57c961fac,data/processed_clean/test/dog/test_dog_eeae7ff57c961fac_0.jpg,dog,0,train,"[0.32129964, 0.2166065, 0.67870036, 0.7833935]",4d691b0813de9c4f8ee790762e08e36ef0caf9472f8c5f28e24df06693408b41,751,866
test_dog_eeda57a01c929e4d_0,eeda57a01c929e4d,data/processed_clean/test/dog/test_dog_eeda57a01c929e4d_0.jpg,dog,0,train,"[0.0, 0.083333336, 0.9171875, 0.916666664]",7cd48727daaf17e9ac118ab79c1602adaf2edc52e6c6cfd64e93d68ef7744f8f,1014,760
test_dog_ef03228b656641b8_0,ef03228b656641b8,data/processed_clean/test/dog/test_dog_ef03228b656641b8_0.jpg,dog,0,train,"[0.54533154, 0.062650606, 0.45466846000000005, 0.934939754]",47935f070a5bdbcf2cdd32acf862d3fb5c53a048f2ed14f3700e7a1b85b4212a,503,576
test_dog_ef08d07c6dbf3272_0,ef08d07c6dbf3272,data/processed_clean/test/dog/test_dog_ef08d07c6dbf3272_0.jpg,dog,0,train,"[0.27479675, 0.018072288, 0.72195125, 0.981927712]",4481993c8f535713609e33a4bddde70efdd4a81216eb51918a1e69d2895612ec,802,829
test_dog_f256ea24edaaa8c2_0,f256ea24edaaa8c2,data/processed_clean/test/dog/test_dog_f256ea24edaaa8c2_0.jpg,dog,0,train,"[0.0453125, 0.18580376, 0.9546875, 0.81419624]",dc79f4498aef93c45dc9463af1ba51863e08b9c0898c479471cf501a1e55eb28,1024,674
test_dog_f26655b83b6dbc13_0,f26655b83b6dbc13,data/processed_clean/test/dog/test_dog_f26655b83b6dbc13_0.jpg,dog,0,train,"[0.0, 0.30752212, 0.62684363, 0.69247788]",1bb46a6946faa0eb94928e6c6408ecb811deb9867b040eba8d395c4b11ec4217,693,510
test_dog_f3b70f16898099c7_1,f3b70f16898099c7,data/processed_clean/test/dog/test_dog_f3b70f16898099c7_1.jpg,dog,0,train,"[0.8938053, 0.20353982, 0.10619469999999998, 0.32743360999999993]",5eac7bf485b5567f4c870ad23a1f7114af567ab05e0f71df2b7dd596cbfb3edc,117,260
test_dog_f44e630a07b25fb1_0,f44e630a07b25fb1,data/processed_clean/test/dog/test_dog_f44e630a07b25fb1_0.jpg,dog,0,train,"[0.1453125, 0.19791667, 0.6375, 0.80208333]",1d6d3a97c89c62683a5e11fb6ea1029ef186fb198f8bfaedad20e9c5d78e223b,757,665
test_dog_f5d1f0ef0de81e12_0,f5d1f0ef0de81e12,data/processed_clean/test/dog/test_dog_f5d1f0ef0de81e12_0.jpg,dog,0,train,"[0.0453125, 0.13333334, 0.8703125, 0.6354166600000001]",309bde1302b98f9ad509af0b2228ed1fa9ae2dc875656ba11af2ac03ea3bf7a1,1009,566
test_dog_f660f197892872a0_1,f660f197892872a0,data/processed_clean/test/dog/test_dog_f660f197892872a0_1.jpg,dog,0,train,"[0.100294985, 0.35840708, 0.165191735, 0.31415927]",cf0bcae564924b414b80362704068cc1e98c48e4c8c35909dc8272c51fe60ae4,196,249
test_dog_f7139dc15c69514e_0,f7139dc15c69514e,data/processed_clean/test/dog/test_dog_f7139dc15c69514e_0.jpg,dog,0,train,"[0.034843206, 0.25, 0.965156794, 0.747549]",278e17818c169a4255bfda1d1cdcd93ff9ebd3f0190ea6234b6ddac8e6e81dc3,720,829
test_dog_f71e03fec4e5a75c_0,f71e03fec4e5a75c,data/processed_clean/test/dog/test_dog_f71e03fec4e5a75c_0.jpg,dog,0,train,"[0.080906145, 0.0, 0.919093855, 1.0]",c7e015c8d8d497cc0cddb13d0d8f21d8665f77bca9503bb4ed91db85c9575ae8,1016,822
test_dog_f7d60914209e87cd_0,f7d60914209e87cd,data/processed_clean/test/dog/test_dog_f7d60914209e87cd_0.jpg,dog,0,train,"[0.1234375, 0.2125, 0.6703125, 0.60625]",99aea68b705ff4392e64703e047b32485fef0a0e6918e243de8282c818bbfdc2,797,540
test_dog_f7e79662871d2992_0,f7e79662871d2992,data/processed_clean/test/dog/test_dog_f7e79662871d2992_0.jpg,dog,0,train,"[0.0, 0.15811966, 1.0, 0.73076924]",60f3fab31a917baf9e438b1fc058073e62613c3077cd9097337fe299b41e5961,1024,620
test_dog_f828f2dad0fe4508_0,f828f2dad0fe4508,data/processed_clean/test/dog/test_dog_f828f2dad0fe4508_0.jpg,dog,0,train,"[0.0, 0.001472754, 0.9977827, 0.998527246]",31373983b1d90ad16f2b3bac8d3c30dfa967ce609bc879b6a1037a5dad835bb7,681,1024
test_dog_f9a4e250b6727675_0,f9a4e250b6727675,data/processed_clean/test/dog/test_dog_f9a4e250b6727675_0.jpg,dog,0,train,"[0.8854314, 0.6267281, 0.11456860000000002, 0.2488479]",3adc5357f5adf25ab506fc0c1cdfb16337409e1321105e71d7c39b31e60b8b33,127,181
test_dog_f9c4b914d58c1896_0,f9c4b914d58c1896,data/processed_clean/test/dog/test_dog_f9c4b914d58c1896_0.jpg,dog,0,train,"[0.19026549, 0.19911504, 0.48967551, 0.7942478]",f8b1985bdd20eb3f1ff4a188a972410e7de9c84e1a7c5b272b74a9dc428f039c,581,590
test_dog_fa369cb0bc8a7d4e_0,fa369cb0bc8a7d4e,data/processed_clean/test/dog/test_dog_fa369cb0bc8a7d4e_0.jpg,dog,0,train,"[0.07220217, 0.0, 0.77075813, 1.0]",a39f68dcc7c2eadbf09344505cdf189979dc6ac58c45734ef1bca58fc5ca056e,915,1024
test_dog_fa6645397fdf9434_0,fa6645397fdf9434,data/processed_clean/test/dog/test_dog_fa6645397fdf9434_0.jpg,dog,0,train,"[0.082442746, 0.29273504, 0.685496154, 0.6517093599999999]",abb05ecddd5b8b8a15b8fe42bdd192da4f52f5afdfb098d7442ffa98d5bf8436,815,553
test_dog_fab1045fd7647e1e_0,fab1045fd7647e1e,data/processed_clean/test/dog/test_dog_fab1045fd7647e1e_0.jpg,dog,0,train,"[0.22974963, 0.12638581, 0.6774668699999999, 0.8736141900000001]",796c0efa96f8d16b6f7379953062f73062784f0592ba3fcb3f7907cf9787cc17,804,643
test_dog_fafc60f7ddab981d_0,fafc60f7ddab981d,data/processed_clean/test/dog/test_dog_fafc60f7ddab981d_0.jpg,dog,0,train,"[0.0, 0.0, 1.0, 1.0]",28829195077c82f71218a663d69a03e70cd817468383359968692e822298975c,768,913
test_dog_fb3f9590a7de601a_0,fb3f9590a7de601a,data/processed_clean/test/dog/test_dog_fb3f9590a7de601a_0.jpg,dog,0,train,"[0.0016025641, 0.0020325202, 0.9983974359, 0.9959349798]",24fa68f6bebe86d76ee576f0498911176daec45560aa65b8c925bf9e4357234f,1024,807
test_dog_fc1ac012aa529368_0,fc1ac012aa529368,data/processed_clean/test/dog/test_dog_fc1ac012aa529368_0.jpg,dog,0,train,"[0.123173274, 0.0734375, 0.876826726, 0.9265625]",c37ca2209a4d7eab8cfdd6ef4fcde308149675b9a0088c212e9a06f99550d259,725,1024
test_dog_fc88abc82f857c2a_0,fc88abc82f857c2a,data/processed_clean/test/dog/test_dog_fc88abc82f857c2a_0.jpg,dog,0,train,"[0.03539823, 0.09144543, 0.96460177, 0.90855457]",889f9dffe6532191e09fe3bfbbd817b4afffcc83461429ba5cef65398f7220ab,683,1005
test_dog_fca3065118fa729e_0,fca3065118fa729e,data/processed_clean/test/dog/test_dog_fca3065118fa729e_0.jpg,dog,0,train,"[0.21875, 0.37708333, 0.584375, 0.62291667]",13ad6ec1d2d081c46edcfb1842618e5089893b1181460a9b76071ee371b74ebf,694,517
test_dog_fd11142b63a56348_0,fd11142b63a56348,data/processed_clean/test/dog/test_dog_fd11142b63a56348_0.jpg,dog,0,train,"[0.0, 0.00625, 0.890625, 0.99375]",1ee6841a805348e3942be93cf4f0294b7658aba49f434b0c8754ceaf0516628d,985,768
test_dog_fe18c4dedc79b7c3_0,fe18c4dedc79b7c3,data/processed_clean/test/dog/test_dog_fe18c4dedc79b7c3_0.jpg,dog,0,train,"[0.16972478, 0.09594883, 0.64373086, 0.73773987]",90a6c7639454529555c2779d60a74a6498973d15b13a5528c9584c2e6f3e439c,765,629
test_dog_fe740051d4f16801_0,fe740051d4f16801,data/processed_clean/test/dog/test_dog_fe740051d4f16801_0.jpg,dog,0,train,"[0.0, 0.20353982, 1.0, 0.79646018]",d66d86119c1f0755fb5d5253d6b71f787aa90a5879966895100c396401edb515,684,881
test_dog_fff81e4812e78a4c_0,fff81e4812e78a4c,data/processed_clean/test/dog/test_dog_fff81e4812e78a4c_0.jpg,dog,0,train,"[0.19968799, 0.3786611, 0.5538221099999999, 0.37656900000000004]",a2a8728e49a542d88d4cc77ae34217af14cb62d6f6c9023cc02cb0a0e83ed4b8,658,334
validation_dog_010c94fc3baef214_0,010c94fc3baef214,data/processed_clean/validation/dog/validation_dog_010c94fc3baef214_0.jpg,dog,0,train,"[0.0234375, 0.060416665, 0.975, 0.937499975]",113bc5ec20778a3fc8cc92d350bb43464f400e8c90944272765e244a452a9999,1024,768
validation_dog_015b32cb4975e12f_0,015b32cb4975e12f,data/processed_clean/validation/dog/validation_dog_015b32cb4975e12f_0.jpg,dog,0,train,"[0.08888889, 0.069815196, 0.72063491, 0.854209444]",2b1dcd6cb856e99aab0ba0e2d226f46eeb2ac2c67f5041c5c748e9765ee6800c,856,785
validation_dog_017f7b9e23d7c908_1,017f7b9e23d7c908,data/processed_clean/validation/dog/validation_dog_017f7b9e23d7c908_1.jpg,dog,0,train,"[0.103161395, 0.04509804, 0.895174705, 0.95490196]",60271722bc0a34d76029a166e5810a437f2f6f7e10e30c7b64a154b734e7c375,992,868
validation_dog_0304f8dc46b713d7_0,0304f8dc46b713d7,data/processed_clean/validation/dog/validation_dog_0304f8dc46b713d7_0.jpg,dog,0,train,"[0.3328125, 0.108333334, 0.39218749999999997, 0.866666666]",7a27e12ccd17ddf7c5296c77365b17e455f656de8011b4dae2917951d3149ffe,466,738
validation_dog_04a27da7e880ddcd_0,04a27da7e880ddcd,data/processed_clean/validation/dog/validation_dog_04a27da7e880ddcd_0.jpg,dog,0,train,"[0.125, 0.077083334, 0.6609375, 0.766666666]",acaf5f742714e0fab8c565a917cee065093667082a99784e777235cbf3f0c912,785,683
validation_dog_04d49a245f13b536_0,04d49a245f13b536,data/processed_clean/validation/dog/validation_dog_04d49a245f13b536_0.jpg,dog,0,train,"[0.1421875, 0.21666667, 0.8015625, 0.68125003]",3395b0a47ee68f8727f4e5fc465ea5feb2830355f52c3ebac85ddd6307a4c480,944,606
validation_dog_0563ca24a04474c0_0,0563ca24a04474c0,data/processed_clean/validation/dog/validation_dog_0563ca24a04474c0_0.jpg,dog,0,train,"[0.0, 0.0, 1.0, 1.0]",4249adbd4441e1fdf62932940bbd7d0f3df3f29b50f2ec84d04ac5628f7dabaf,1024,768
validation_dog_05c715fd19ba01fa_1,05c715fd19ba01fa,data/processed_clean/validation/dog/validation_dog_05c715fd19ba01fa_1.jpg,dog,0,train,"[0.54558825, 0.34146342, 0.40735295000000005, 0.29711748]",851861eff67312a232b773f7ad71a3e72a33ad95a95606bf5c97b9dbaa798bc0,484,234
validation_dog_089e0f81499099bc_0,089e0f81499099bc,data/processed_clean/validation/dog/validation_dog_089e0f81499099bc_0.jpg,dog,0,train,"[0.0, 0.104779415, 0.87234044, 0.895220585]",41fc67512d9c84d184d598176e142a08c8e3e482b17f1e63c74da1912a848d4e,965,954
validation_dog_0902a1530b944de5_0,0902a1530b944de5,data/processed_clean/validation/dog/validation_dog_0902a1530b944de5_0.jpg,dog,0,train,"[0.23529412, 0.33924612, 0.5058823800000001, 0.55432368]",44c466743032d234800b348d8be5dd5214151da1e14e3057d073c747e1b57da5,601,437
validation_dog_09c3faff834a3d38_0,09c3faff834a3d38,data/processed_clean/validation/dog/validation_dog_09c3faff834a3d38_0.jpg,dog,0,train,"[0.0032310179, 0.062626265, 0.9951534821, 0.9333333349999999]",c83ff6649b6cd7c44433a88a2ff40af85bd9fb55aa25f3451de9587e11de81cc,1024,819
validation_dog_0ac8510707245b9f_0,0ac8510707245b9f,data/processed_clean/validation/dog/validation_dog_0ac8510707245b9f_0.jpg,dog,0,train,"[0.47179487, 0.03816794, 0.44786323000000006, 0.7977099]",b6363e097b39f515969e83ddb7326ba5fa3809ce0cba313fcfbf73a6423e9395,532,826
validation_dog_0bdc824059594c8d_0,0bdc824059594c8d,data/processed_clean/validation/dog/validation_dog_0bdc824059594c8d_0.jpg,dog,0,train,"[0.0, 0.16851442, 1.0, 0.8314855800000001]",80e78bc2e8cb357e703e5459428e907a0c51e4521367b920dcea0ea22fc1298f,1024,611
validation_dog_0cc8f7b633931d43_0,0cc8f7b633931d43,data/processed_clean/validation/dog/validation_dog_0cc8f7b633931d43_0.jpg,dog,0,train,"[0.073529415, 0.01330377, 0.769117685, 0.98669623]",f1ace8eac5f4ae835f991e61a63947d6455ce66ae9ef3234961df63716c5012d,914,680
validation_dog_12276881185e2251_0,12276881185e2251,data/processed_clean/validation/dog/validation_dog_12276881185e2251_0.jpg,dog,0,train,"[0.31875, 0.18541667, 0.534375, 0.57500003]",081ba69cd67ca62f6f0f1cce5aa1b9aa5acd6a52a7402e75f52688a718916e82,634,512
validation_dog_146e37fb14e10185_0,146e37fb14e10185,data/processed_clean/validation/dog/validation_dog_146e37fb14e10185_0.jpg,dog,0,train,"[0.35198557, 0.34115523, 0.34296033, 0.65884477]",73704bc7c91ea909f239652521b987640d223d9bc18277b35ac62bfdf219cf25,408,729
validation_dog_190f1dc4449a93fc_0,190f1dc4449a93fc,data/processed_clean/validation/dog/validation_dog_190f1dc4449a93fc_0.jpg,dog,0,train,"[0.06646972, 0.10816777, 0.5347119800000001, 0.82339953]",2cfdf37f5835645e17efb11f1febb0066f1f1d0e2e8387e115976607133e0973,635,654
validation_dog_19327f7bf4a78cb6_0,19327f7bf4a78cb6,data/processed_clean/validation/dog/validation_dog_19327f7bf4a78cb6_0.jpg,dog,0,train,"[0.0, 0.0, 0.6573117, 1.0]",ad4eaf1504c0da5d2fddcb6a38fceb647cf2249f8541aa76e0d2cd858da1ae37,727,685
validation_dog_1da62a336ceb001c_0,1da62a336ceb001c,data/processed_clean/validation/dog/validation_dog_1da62a336ceb001c_0.jpg,dog,0,train,"[0.001472754, 0.1460177, 0.674521346, 0.84955755]",86aed2391e3d8d02c1f93af6b7bb29c0e4743fa91fc69c8c4c984a3dffd662d6,747,629
validation_dog_1e09cd56478c7226_0,1e09cd56478c7226,data/processed_clean/validation/dog/validation_dog_1e09cd56478c7226_0.jpg,dog,0,train,"[0.0, 0.039711192, 0.96570396, 0.960288808]",33a690633cc41cf74a17fcf0437bd1292b524c389403c0046da7eef8397ac6d9,1024,1024
validation_dog_1fabc9c802e0730d_0,1fabc9c802e0730d,data/processed_clean/validation/dog/validation_dog_1fabc9c802e0730d_0.jpg,dog,0,train,"[0.16170213, 0.291954, 0.39148936999999995, 0.27816100000000005]",abe6265b73369ed4d19492b9feb84cc2c1199b982ce14daa4994dbbca50703cc,465,204
validation_dog_1fb9e25612d39fb8_0,1fb9e25612d39fb8,data/processed_clean/validation/dog/validation_dog_1fb9e25612d39fb8_0.jpg,dog,0,train,"[0.08541667, 0.009375, 0.90833333, 0.990625]",eb53e373861cb858f28383de2bb1db141ed915e69960bff2b01b96b497175be6,758,1024
validation_dog_1ffe8b57a54ff0f3_0,1ffe8b57a54ff0f3,data/processed_clean/validation/dog/validation_dog_1ffe8b57a54ff0f3_0.jpg,dog,0,train,"[0.086283185, 0.12536873, 0.909292065, 0.8466076699999999]",6982a3685edddbe734841ba59c2aee4b88f24e71cceb68845ad294f6a7b429e1,674,965
validation_dog_20185e3cd681b5eb_0,20185e3cd681b5eb,data/processed_clean/validation/dog/validation_dog_20185e3cd681b5eb_0.jpg,dog,0,train,"[0.08401084, 0.28674698, 0.42276426, 0.59759039]",824195e08b3a598ee6d4e3553dae7ebf1177de23fd28949444d694a29b5d055f,503,399
validation_dog_2066af927829fd68_0,2066af927829fd68,data/processed_clean/validation/dog/validation_dog_2066af927829fd68_0.jpg,dog,0,train,"[0.04579025, 0.0, 0.92466765, 1.0]",20d043762cacd2f111123c8f0b3326aece82c2dc4cbe60564386b0e8cde64361,1024,686
validation_dog_21103983bdec647e_0,21103983bdec647e,data/processed_clean/validation/dog/validation_dog_21103983bdec647e_0.jpg,dog,0,train,"[0.42920354, 0.10176991, 0.32153395999999995, 0.67477879]",757e84ad07bbedfa60889961bf04acc5c6a5cc425022fca2b26f1e64911b061a,382,534
validation_dog_21a6abe1ef6a7c05_0,21a6abe1ef6a7c05,data/processed_clean/validation/dog/validation_dog_21a6abe1ef6a7c05_0.jpg,dog,0,train,"[0.19130434, 0.3358349, 0.6260869600000001, 0.5459662000000001]",9749135bf2ed71f166207fe859e9bfe5b8f3e88110f343b14bbc84cb441069f3,743,601
validation_dog_21d69ab3243987f2_0,21d69ab3243987f2,data/processed_clean/validation/dog/validation_dog_21d69ab3243987f2_0.jpg,dog,0,train,"[0.2699115, 0.34734514, 0.5486726, 0.6504424600000001]",a4d0840dd8c1ed016710dd5b24f61dd6f5c58f0fbab429b4a9e6b185c4263fed,652,481
validation_dog_21eb1a34d0fafcc5_0,21eb1a34d0fafcc5,data/processed_clean/validation/dog/validation_dog_21eb1a34d0fafcc5_0.jpg,dog,0,train,"[0.36135694, 0.0, 0.44395276, 1.0]",46ccf7ad84d592ce16c2c62b864161df0df08d4bd42ef491021c29158771c08a,527,683
validation_dog_23c216cb328e5c7f_0,23c216cb328e5c7f,data/processed_clean/validation/dog/validation_dog_23c216cb328e5c7f_0.jpg,dog,0,train,"[0.37168142, 0.2079646, 0.37315634000000003, 0.63495576]",4a0c08478e9810f1847374502f8cebbfb90fcf3619ab4d157df7f9d8bc836531,443,503
validation_dog_270a8d5950fb0ae7_0,270a8d5950fb0ae7,data/processed_clean/validation/dog/validation_dog_270a8d5950fb0ae7_0.jpg,dog,0,train,"[0.0, 0.15486726, 0.73156345, 0.8451327399999999]",1cbb71ebe1179711e454cce34f334f591a62fd8b601c70c5eea036ffb25e763e,809,623
validation_dog_2818bde3f19e123a_0,2818bde3f19e123a,data/processed_clean/validation/dog/validation_dog_2818bde3f19e123a_0.jpg,dog,0,train,"[0.015337423, 0.0, 0.857361977, 1.0]",ba13da29bc7c77e0b9b24363d694f6052279cb9b0af313eada1f971c714f55e8,964,739
validation_dog_288b272be1f6b013_0,288b272be1f6b013,data/processed_clean/validation/dog/validation_dog_288b272be1f6b013_0.jpg,dog,0,train,"[0.0, 0.0, 0.890625, 1.0]",97ea7ea34885c37319fe8d85bfcd8b8981f82a3f0e54c888e7edf4812a829faa,985,768
validation_dog_295cd15033557db1_0,295cd15033557db1,data/processed_clean/validation/dog/validation_dog_295cd15033557db1_0.jpg,dog,0,train,"[0.0, 0.098121084, 0.7875, 0.901878916]",af293dcd53f43f92ac3915a61bfd56cfb3ece80616eab7aeeb639dfcae61b2e5,871,746
validation_dog_2a2addbaf30d94bc_0,2a2addbaf30d94bc,data/processed_clean/validation/dog/validation_dog_2a2addbaf30d94bc_0.jpg,dog,0,train,"[0.0921875, 0.0125, 0.63125, 0.9875]",329203bc57da0d11f1a82abcce5141dd0cedd1dc07a3fa1385b35fa9d19ca52f,750,768
validation_dog_2b942bdbc72adfec_0,2b942bdbc72adfec,data/processed_clean/validation/dog/validation_dog_2b942bdbc72adfec_0.jpg,dog,0,train,"[0.0, 0.53333336, 0.6015625, 0.46666664]",01ac070da691629af7c0f8213cfe2d7692c6e1baec38a234ba63fcd2bcb90737,665,387
validation_dog_2c47f937c8296b0e_0,2c47f937c8296b0e,data/processed_clean/validation/dog/validation_dog_2c47f937c8296b0e_0.jpg,dog,0,train,"[0.0, 0.0140625, 1.0, 0.9859375]",739492fb1dd672785cd505b799d5cdcdb0b24596251ca4d563122f1a63e3200a,768,1024
validation_dog_2c94a1579878b8cf_0,2c94a1579878b8cf,data/processed_clean/validation/dog/validation_dog_2c94a1579878b8cf_0.jpg,dog,0,train,"[0.107669614, 0.17920354, 0.684365786, 0.8053097600000001]",2281c9badfd32c7904f8ce8cc0aa9717a9bd93df0107d12bac2428694595a6c4,813,605
validation_dog_2da6a1284f18cb53_0,2da6a1284f18cb53,data/processed_clean/validation/dog/validation_dog_2da6a1284f18cb53_0.jpg,dog,0,train,"[0.3390625, 0.35833332, 0.1328125, 0.29375002]",d4f608c7be0ede3b9925ed2cc5b5c55c01988063cdaab9fbf43c9088e6ef075c,158,262
validation_dog_30f86cc9bf87e615_0,30f86cc9bf87e615,data/processed_clean/validation/dog/validation_dog_30f86cc9bf87e615_0.jpg,dog,0,train,"[0.0, 0.0, 1.0, 1.0]",add8e9c98c97d996cdaf70d2d19442098673842b56786c7f2a243b498bbef3a2,1024,768
validation_dog_31b1caa71db5cc9c_0,31b1caa71db5cc9c,data/processed_clean/validation/dog/validation_dog_31b1caa71db5cc9c_0.jpg,dog,0,train,"[0.16777042, 0.0, 0.58719648, 1.0]",4d9ecd51ee68f1553e89d7e0462dbc54e6cc67ca74a873cc2e4e1fbebcd22bf7,523,1024
validation_dog_334ad0a6f4dfbeef_0,334ad0a6f4dfbeef,data/processed_clean/validation/dog/validation_dog_334ad0a6f4dfbeef_0.jpg,dog,0,train,"[0.0, 0.24375, 0.7109375, 0.75625]",9a77fc86d0d357ff358db4fe529645554fa675939590c9c656bf1b1b3fa32556,786,627
validation_dog_33bffc67784a8bf2_0,33bffc67784a8bf2,data/processed_clean/validation/dog/validation_dog_33bffc67784a8bf2_0.jpg,dog,0,train,"[0.0, 0.01618705, 0.845735, 0.98381295]",6d051fdc3b6ef353b57ca07844b3e63309d094251af00304a8857b5baf427847,926,1024
validation_dog_35dc1191f902bd74_0,35dc1191f902bd74,data/processed_clean/validation/dog/validation_dog_35dc1191f902bd74_0.jpg,dog,0,train,"[0.3038348, 0.0, 0.45132743999999997, 1.0]",c972a2f95d812e556d77345388b843410e4af57cb3dced17a7f41950ede547f6,536,683
validation_dog_35fd63d8285cd603_1,35fd63d8285cd603,data/processed_clean/validation/dog/validation_dog_35fd63d8285cd603_1.jpg,dog,0,train,"[0.4100295, 0.13716814, 0.5899705, 0.86061946]",8e60d354443e8bd7116390107e07482aea8e7256a9fd77751442e4fc2b6eb58e,652,636
validation_dog_376c88a2570886f3_0,376c88a2570886f3,data/processed_clean/validation/dog/validation_dog_376c88a2570886f3_0.jpg,dog,0,train,"[0.31121644, 0.33264464, 0.3222749, 0.18388425999999997]",ec30472d8e364644c4a4b534e0f2235dca4f23c613914c0255c20df7bb007b7f,383,167
validation_dog_37c532e1d1b3fe8e_0,37c532e1d1b3fe8e,data/processed_clean/validation/dog/validation_dog_37c532e1d1b3fe8e_0.jpg,dog,0,train,"[0.27291667, 0.2859375, 0.55624998, 0.42812500000000003]",decbabeba5a0071bda17d199c74e9a6006356b8a8ef8878e6606a6f3b9134ace,496,508
validation_dog_37dc3e8479b70ba2_0,37dc3e8479b70ba2,data/processed_clean/validation/dog/validation_dog_37dc3e8479b70ba2_0.jpg,dog,0,train,"[0.025270758, 0.0, 0.655234642, 1.0]",8b84deddf53847239379379ac04b456827ac34ed81b755e348f1876589158195,751,1024
validation_dog_38eeb175d378e7ac_0,38eeb175d378e7ac,data/processed_clean/validation/dog/validation_dog_38eeb175d378e7ac_0.jpg,dog,0,train,"[0.072916664, 0.271875, 0.887500036, 0.6484375]",2448670a5fd72719b2e38e8539aa61645ed3150c705f94e1498308eb80174fcb,767,771
validation_dog_399eb56dbffa49a2_0,399eb56dbffa49a2,data/processed_clean/validation/dog/validation_dog_399eb56dbffa49a2_0.jpg,dog,0,train,"[0.36725664, 0.0, 0.63274336, 1.0]",ef44436fa6e5384c03bb32a4fb97094fb7a10563203b37be000d3de03b1ac3a6,700,683
validation_dog_3c494d318ee583ca_0,3c494d318ee583ca,data/processed_clean/validation/dog/validation_dog_3c494d318ee583ca_0.jpg,dog,0,train,"[0.01, 0.026101142, 0.964, 0.973898858]",5295a48cab94f9ca95c3f3eb8d881fd1b0a57dd9fb7f1880382907a3fdaacd86,836,1024
validation_dog_3c57daa84d034a3b_0,3c57daa84d034a3b,data/processed_clean/validation/dog/validation_dog_3c57daa84d034a3b_0.jpg,dog,0,train,"[0.08460472, 0.12235294, 0.84882108, 0.75764706]",5a1551db55adf56b0463abb1c59acb447a42dc397d2d7c0e9de26c661a2c516d,1007,531
validation_dog_424c7b959f792bd7_0,424c7b959f792bd7,data/processed_clean/validation/dog/validation_dog_424c7b959f792bd7_0.jpg,dog,0,train,"[0.20353982, 0.0, 0.63716814, 1.0]",598ef5c4f5c760e79018d048d5a9258a112d720ff4bbba9e74e420593e3d8468,757,683
validation_dog_431e793f1cbd596a_0,431e793f1cbd596a,data/processed_clean/validation/dog/validation_dog_431e793f1cbd596a_0.jpg,dog,0,train,"[0.425, 0.25, 0.35156250000000006, 0.57916665]",b642e59ec44967b4f7d6cc0b88d2c910d77cd6183b58fe098b3bc5022bfefb4f,418,516
validation_dog_432addb8f0bcbfdd_0,432addb8f0bcbfdd,data/processed_clean/validation/dog/validation_dog_432addb8f0bcbfdd_0.jpg,dog,0,train,"[0.1734375, 0.2125, 0.2484375, 0.7875]",39f788945a19ab69b8dfe14bdc5bce1af0a4e491d4bb2702149cca830015e5f4,295,544
validation_dog_43732fc96c52bcf3_0,43732fc96c52bcf3,data/processed_clean/validation/dog/validation_dog_43732fc96c52bcf3_0.jpg,dog,0,train,"[0.12831858, 0.13716814, 0.63495572, 0.8392330100000001]",3d6ea9d47b48cb285ac50024e8726715e0d602ed8b5752c18e745ddd79327b39,503,952
validation_dog_480566dbf02a7643_0,480566dbf02a7643,data/processed_clean/validation/dog/validation_dog_480566dbf02a7643_0.jpg,dog,0,train,"[0.17058824, 0.15964523, 0.48970586, 0.84035477]",f799bfd87006077722c227204837d016dbe97a414db65b0f3056e0c1284169f7,581,617
validation_dog_488d4412c71bf3f1_0,488d4412c71bf3f1,data/processed_clean/validation/dog/validation_dog_488d4412c71bf3f1_0.jpg,dog,0,train,"[0.0, 0.0, 0.8611521, 1.0]",315ae31b0c27ca2bd4de2fefbf786f18676d42516c73243efceb68ac08b1c120,952,686
validation_dog_48e94350bbe7f09a_0,48e94350bbe7f09a,data/processed_clean/validation/dog/validation_dog_48e94350bbe7f09a_0.jpg,dog,0,train,"[0.039881833, 0.0, 0.960118167, 1.0]",ff2cf7678fc9956a22bd4896687b620c755dedb6116e0ffcf11628c1afcf60bc,1024,685
validation_dog_495b0bd632ca8b02_0,495b0bd632ca8b02,data/processed_clean/validation/dog/validation_dog_495b0bd632ca8b02_0.jpg,dog,0,train,"[0.2484375, 0.39166668, 0.521875, 0.34791662000000007]",2bd89de65301ae65679763ee270e252d393ac4975e229fd652f96d04786e7de8,620,310
validation_dog_49a7d4072520bce9_0,49a7d4072520bce9,data/processed_clean/validation/dog/validation_dog_49a7d4072520bce9_0.jpg,dog,0,train,"[0.2515625, 0.09166667, 0.7484375, 0.8166666899999999]",63de0aea46b25fbe9e8bad0541e7d9883dc24cc275cfa80257d98617c7551c01,828,728
validation_dog_4b7ca572ce0a7af7_0,4b7ca572ce0a7af7,data/processed_clean/validation/dog/validation_dog_4b7ca572ce0a7af7_0.jpg,dog,0,train,"[0.038348082, 0.026548672, 0.961651918, 0.973451328]",84fede957f9a364cfb00ac49c857188e63a70cf812de98eafe837a5aa14e121f,1024,683
validation_dog_4daf447f4e6ab24b_0,4daf447f4e6ab24b,data/processed_clean/validation/dog/validation_dog_4daf447f4e6ab24b_0.jpg,dog,0,train,"[0.24675325, 0.11445783, 0.6277056, 0.8584337400000001]",efe1046bd773f01cc73fb0a13e562ece3cf464ce86ce8d92384c9f3dc1957ab7,519,977
validation_dog_4fef0124480ef304_0,4fef0124480ef304,data/processed_clean/validation/dog/validation_dog_4fef0124480ef304_0.jpg,dog,0,train,"[0.38348082, 0.061946902, 0.5280236300000001, 0.719026528]",fa27eb76498932f3ec624e05f794f82ab8d098544046514c3cfff5918ca622e4,628,570
validation_dog_507818300a98ad6b_0,507818300a98ad6b,data/processed_clean/validation/dog/validation_dog_507818300a98ad6b_0.jpg,dog,0,train,"[0.09927798, 0.31768954, 0.54332132, 0.39891696000000004]",0ec87f6f87eb5d3dbba603f985246fcb5c39eb74eb64707d64e2895245213c51,646,473
validation_dog_52cf321a6b15f3da_0,52cf321a6b15f3da,data/processed_clean/validation/dog/validation_dog_52cf321a6b15f3da_0.jpg,dog,0,train,"[0.28382352, 0.17073171, 0.70294118, 0.82926829]",4c4f59f42f1c0165be5e835e434904953e4f2743e769dfe8bc29c46874e1e142,791,609
validation_dog_53f0bdc8615b66fc_0,53f0bdc8615b66fc,data/processed_clean/validation/dog/validation_dog_53f0bdc8615b66fc_0.jpg,dog,0,train,"[0.22648084, 0.09363296, 0.77351916, 0.90074904]",917cd95e5634a9f03b15750dc036565cb332910a134e2abdcc2bb39adf2b914e,855,931
validation_dog_56fa8cab74a29873_0,56fa8cab74a29873,data/processed_clean/validation/dog/validation_dog_56fa8cab74a29873_0.jpg,dog,0,train,"[0.20637329, 0.20386267, 0.49772381000000004, 0.68669527]",3466022de49290d9b6ed93033cf5dddb2aec8dcf3d554f4f7aeda2a86743e4c6,591,577
validation_dog_576261bb2f9bd292_0,576261bb2f9bd292,data/processed_clean/validation/dog/validation_dog_576261bb2f9bd292_0.jpg,dog,0,train,"[0.051643193, 0.14583333, 0.859154937, 0.85416667]",3ff73136fa0d0da1dfd8044a1b7a284594d3de370f98ee9a2fef50fe54e90cc4,1003,709
validation_dog_582992b3386117ec_0,582992b3386117ec,data/processed_clean/validation/dog/validation_dog_582992b3386117ec_0.jpg,dog,0,train,"[0.43870014, 0.0, 0.30576075999999996, 1.0]",b3464d111b23aefb6d4a595a509ce1f59aee68348017a0a090fb375c93a0996c,363,685
validation_dog_5a44ac2b3f074d53_0,5a44ac2b3f074d53,data/processed_clean/validation/dog/validation_dog_5a44ac2b3f074d53_0.jpg,dog,0,train,"[0.115625, 0.114583336, 0.884375, 0.885416664]",a0d0e9114581316b27975d2f6053baec133b5fa6d83400564ca06d59d4810be9,978,734
validation_dog_5ab0933fb15db43d_0,5ab0933fb15db43d,data/processed_clean/validation/dog/validation_dog_5ab0933fb15db43d_0.jpg,dog,0,train,"[0.0, 0.0, 0.9572271, 0.9159292]",639ecdc5bc73c202adbd77c1488d8ada14c300b26b6e2a54154d336e47b6d568,1024,676
validation_dog_5c0221eb01911f18_0,5c0221eb01911f18,data/processed_clean/validation/dog/validation_dog_5c0221eb01911f18_0.jpg,dog,0,train,"[0.04231975, 0.04989605, 0.9247649, 0.93762995]",caab4b865d8267bbba41b192665096a7bde85daf94f8e07301fb23dc9e61102a,1024,773
validation_dog_5cb36098d78337c6_0,5cb36098d78337c6,data/processed_clean/validation/dog/validation_dog_5cb36098d78337c6_0.jpg,dog,0,train,"[0.09060403, 0.033009708, 0.90939597, 0.966990292]",235efe21786fe54e3a1f68a8fb39a259e26fb3c00191917b4b386b379cf4d3a7,1006,885
validation_dog_5f07a2aed668c901_0,5f07a2aed668c901,data/processed_clean/validation/dog/validation_dog_5f07a2aed668c901_0.jpg,dog,0,train,"[0.190625, 0.11899791, 0.6078125000000001, 0.73486429]",e399f59943061477215664875b3beaf511a84d5a29222e0c9c31ecbb332a3efc,722,654
validation_dog_5fd11be190a581cf_0,5fd11be190a581cf,data/processed_clean/validation/dog/validation_dog_5fd11be190a581cf_0.jpg,dog,0,train,"[0.1840731, 0.1825, 0.7088773, 0.64]",e58973dd9c9daca725bffd2c056d66807a32bab960d7d26071c8f0b8d3933a9e,842,398
validation_dog_5fde5c5d62741e20_0,5fde5c5d62741e20,data/processed_clean/validation/dog/validation_dog_5fde5c5d62741e20_0.jpg,dog,0,train,"[0.0265625, 0.2875, 0.9296875, 0.45833334000000003]",1ed9f9f8b602fd56dac77251c6f16a5281e2997ca02eafeccb2c4846da0f1d84,1024,408
validation_dog_604e5ac986858a9b_0,604e5ac986858a9b,data/processed_clean/validation/dog/validation_dog_604e5ac986858a9b_0.jpg,dog,0,train,"[0.128125, 0.0, 0.6953125, 1.0]",954f610241cd87bf7b405ff8dd1f1d5a28e9698a34211abe262e57359c178733,826,768
validation_dog_63e7940903568380_0,63e7940903568380,data/processed_clean/validation/dog/validation_dog_63e7940903568380_0.jpg,dog,0,train,"[0.0, 0.0, 1.0, 0.99819493]",41492c9288965146f2f3e18b983a0298e962ba8f82b13bdb2cfc55591708ee01,1024,1024
validation_dog_64bf90024379e3ea_0,64bf90024379e3ea,data/processed_clean/validation/dog/validation_dog_64bf90024379e3ea_0.jpg,dog,0,train,"[0.0, 0.07743363, 0.9262537, 0.92256637]",f9390738c2fa5569f38f442002edb40921a08d64f95af532b24ac2d9cc94c0af,1024,681
validation_dog_6521a19adf7c0a59_0,6521a19adf7c0a59,data/processed_clean/validation/dog/validation_dog_6521a19adf7c0a59_0.jpg,dog,0,train,"[0.015151516, 0.27155173, 0.978787884, 0.72844827]",68d07be264cd51bcec6c22864c9caccc29845215845869daf01d2d8c3542df68,1024,567
validation_dog_6525d80c32c15d54_0,6525d80c32c15d54,data/processed_clean/validation/dog/validation_dog_6525d80c32c15d54_0.jpg,dog,0,train,"[0.0029411765, 0.042128604, 0.8676470635, 0.9556540960000001]",842df81099ab251d19a7a63a560dac681d233b581f8c8dec83835d1daeab76da,963,680
validation_dog_6598b8d0cfefde50_0,6598b8d0cfefde50,data/processed_clean/validation/dog/validation_dog_6598b8d0cfefde50_0.jpg,dog,0,train,"[0.0921875, 0.054166667, 0.834375, 0.7249999730000001]",d95f1138705429c687e19ace24800fca4e7fee6af98ff034d3030060933a867b,991,643
validation_dog_65a40656a6ba5344_0,65a40656a6ba5344,data/processed_clean/validation/dog/validation_dog_65a40656a6ba5344_0.jpg,dog,0,train,"[0.073746316, 0.097345136, 0.899704984, 0.8561947139999999]",7abc1ad6ebcfc7ea9b6fc1f9778e67d8f981b92371b4e7c0da3b11ebec96ce09,1022,663
validation_dog_6790e69648bec4ad_2,6790e69648bec4ad,data/processed_clean/validation/dog/validation_dog_6790e69648bec4ad_2.jpg,dog,0,train,"[0.5729013, 0.2699115, 0.20618560000000008, 0.5132743399999999]",c2a38a7bd855998fdec380a0df511c4f760ce3db050cd3b90515dcede47a094e,245,405
validation_dog_6b683f7a50a72267_0,6b683f7a50a72267,data/processed_clean/validation/dog/validation_dog_6b683f7a50a72267_0.jpg,dog,0,train,"[0.3653586, 0.16144578, 0.26928280000000004, 0.72048192]",3501128bacf3c9bd0a25db7eab99f09c54d3df7adf409c622c0c79e95fb74670,320,481
validation_dog_6bd300d5eef039b5_1,6bd300d5eef039b5,data/processed_clean/validation/dog/validation_dog_6bd300d5eef039b5_1.jpg,dog,0,train,"[0.0, 0.25884956, 0.63126844, 0.74115044]",eecc19887b5228d6b1221ba831eaab57c677e9aa252575d2038e89ebbe23a544,698,547
validation_dog_6db939f6c402c2e2_1,6db939f6c402c2e2,data/processed_clean/validation/dog/validation_dog_6db939f6c402c2e2_1.jpg,dog,0,train,"[0.27621862, 0.2869757, 0.7223042799999999, 0.7019868]",9d65bbdee9cd95556b9e6deaecfb536d6d20c766ecf94cb338ba352ce65a7bec,800,527
validation_dog_6f5cbca4a53e763a_0,6f5cbca4a53e763a,data/processed_clean/validation/dog/validation_dog_6f5cbca4a53e763a_0.jpg,dog,0,train,"[0.096875, 0.0, 0.903125, 0.94166666]",2502e994736df9741a7f77e8384969fe7df6cc9ca918abe1e66d0a1ae2164a8f,999,768
validation_dog_705ee57d654345e0_0,705ee57d654345e0,data/processed_clean/validation/dog/validation_dog_705ee57d654345e0_0.jpg,dog,0,train,"[0.153125, 0.14375, 0.65625, 0.85625]",b455d4d472cf86bd1ccf2797b3301c38d4f6eabac7cd4f9e7e3df69d9e5c3a5e,780,710
validation_dog_74c7fd404f49c94c_0,74c7fd404f49c94c,data/processed_clean/validation/dog/validation_dog_74c7fd404f49c94c_0.jpg,dog,0,train,"[0.28803545, 0.0, 0.71196455, 1.0]",b8fea8f461640896976afc5dedee4176f38c5d8d14eb524048f4f5fa1a4cf1d5,787,685
validation_dog_7869e25ff600c726_0,7869e25ff600c726,data/processed_clean/validation/dog/validation_dog_7869e25ff600c726_0.jpg,dog,0,train,"[0.08163265, 0.0, 0.73155415, 1.0]",0087094f28c5deed6f71086769664892ed18b9727c0c2f2ef678ae51b2dc8e45,869,774
validation_dog_78f8d051e3b5bab0_0,78f8d051e3b5bab0,data/processed_clean/validation/dog/validation_dog_78f8d051e3b5bab0_0.jpg,dog,0,train,"[0.14454277, 0.015486726, 0.67994098, 0.984513274]",419a5d1bd4f70269937f3bafab1e365e8ad256178b017262de77990a0a1ab4a5,808,683
validation_dog_7c240d9e3ad44c54_0,7c240d9e3ad44c54,data/processed_clean/validation/dog/validation_dog_7c240d9e3ad44c54_0.jpg,dog,0,train,"[0.22924188, 0.24187726, 0.63718412, 0.75090254]",b20878dbc27c056c319b8fbc8ae0613c1e0a9e33e28734ffe51cf40613d3c0a0,756,838
validation_dog_7ca9ef4f8b1d38f4_0,7ca9ef4f8b1d38f4,data/processed_clean/validation/dog/validation_dog_7ca9ef4f8b1d38f4_0.jpg,dog,0,train,"[0.0, 0.1179941, 1.0, 0.8820059]",92afd5aa80df33fda4f02d6529b6ee7b7cbdaf40b2bb2a95f55ee711b79529bc,683,975
validation_dog_7cf4751f40b7d95c_0,7cf4751f40b7d95c,data/processed_clean/validation/dog/validation_dog_7cf4751f40b7d95c_0.jpg,dog,0,train,"[0.2375, 0.0, 0.4796875, 1.0]",364147482dbaacfb5948e920a1955f784960b9fb09dbf9299c484d81f33ed0f2,570,768
validation_dog_7d9b1df7c075f872_1,7d9b1df7c075f872,data/processed_clean/validation/dog/validation_dog_7d9b1df7c075f872_1.jpg,dog,0,train,"[0.45833334, 0.0, 0.54166666, 1.0]",135c8bf76712e3ef3bcf59ec172b9d5270e4250df447dd9136318bd66afd006d,599,805
validation_dog_7e838bcfab6fd1fb_0,7e838bcfab6fd1fb,data/processed_clean/validation/dog/validation_dog_7e838bcfab6fd1fb_0.jpg,dog,0,train,"[0.0, 0.0, 0.32522798, 0.94635195]",5e8d1ea10b8f93baf725c9310ec3101c350011b660bf1927812d3776a9c34773,360,726
validation_dog_8153697ae14854f4_0,8153697ae14854f4,data/processed_clean/validation/dog/validation_dog_8153697ae14854f4_0.jpg,dog,0,train,"[0.17699115, 0.046460178, 0.82300885, 0.827433622]",ca9c90bd1d8cca11d18b1bea8ff1c9252d3837b4926acfd8b4a65eaac0332bec,910,642
validation_dog_8164eaabee138d1f_0,8164eaabee138d1f,data/processed_clean/validation/dog/validation_dog_8164eaabee138d1f_0.jpg,dog,0,train,"[0.04719764, 0.07964602, 0.73303836, 0.86061948]",f35558ffb9099bc8e44a202da428613157628b5106089268eb5bbf68ac9ac77e,859,676
validation_dog_8213e9ab88e99814_0,8213e9ab88e99814,data/processed_clean/validation/dog/validation_dog_8213e9ab88e99814_0.jpg,dog,0,train,"[0.13421829, 0.0088495575, 0.7138643100000001, 0.9911504425]",17abf0c648aec346f7c049be37c9bde8fe0681babcaa8bbc7e1d5d5aee01402c,848,683
validation_dog_83ac271b730040dd_0,83ac271b730040dd,data/processed_clean/validation/dog/validation_dog_83ac271b730040dd_0.jpg,dog,0,train,"[0.21010101, 0.07915994, 0.59797979, 0.78998386]",bc89a754678c152a70fa42abfd5c312ce09ae55fbb79d0f15332fadc75c511c1,568,939
validation_dog_84ad5529365523eb_0,84ad5529365523eb,data/processed_clean/validation/dog/validation_dog_84ad5529365523eb_0.jpg,dog,0,train,"[0.085545726, 0.006637168, 0.811209434, 0.993362832]",45585858ef4e7bdd1e39a12cfd4778f7afa1be628ccf092a7bf3818626ed9ecc,964,683
validation_dog_857d2f7ce68659c3_0,857d2f7ce68659c3,data/processed_clean/validation/dog/validation_dog_857d2f7ce68659c3_0.jpg,dog,0,train,"[0.1953125, 0.15, 0.48124999999999996, 0.85]",b5d493ae2ec14ae20f24f93c0d6d8ed074b36911f39c681a161ec59e7f328b83,571,705
validation_dog_878a935409f12155_0,878a935409f12155,data/processed_clean/validation/dog/validation_dog_878a935409f12155_0.jpg,dog,0,train,"[0.0, 0.0, 0.7140625, 1.0]",abdf360a6c9b7a92d3df7179e7ee3f7608c12c419c484b74036d1caa0d74844b,790,768
validation_dog_87e1ce5fa3740d9b_0,87e1ce5fa3740d9b,data/processed_clean/validation/dog/validation_dog_87e1ce5fa3740d9b_0.jpg,dog,0,train,"[0.0453125, 0.16041666, 0.9546875, 0.73958334]",2209240fd495fb3228b356c62138763b56f86af7babe54f0b518cfc371f8468a,1024,659
validation_dog_88f9a25d6b651612_0,88f9a25d6b651612,data/processed_clean/validation/dog/validation_dog_88f9a25d6b651612_0.jpg,dog,0,train,"[0.3019608, 0.21131447, 0.6980392, 0.73211313]",90e63aebbf6b3b9e6aba0728d236b5c73d2dd73fd4997a968755a4092dbb4f5f,655,868
validation_dog_8b3fa9be61b1998e_0,8b3fa9be61b1998e,data/processed_clean/validation/dog/validation_dog_8b3fa9be61b1998e_0.jpg,dog,0,train,"[0.08125, 0.0, 0.71875, 1.0]",f0a77bf92c2601f6b1ec210fee701dc045a71b2195eb2cd7639df7b98ce08601,854,768
validation_dog_8c2da0b9dc5e3083_0,8c2da0b9dc5e3083,data/processed_clean/validation/dog/validation_dog_8c2da0b9dc5e3083_0.jpg,dog,0,train,"[0.0, 0.25201073, 1.0, 0.71983913]",a60eb1d2cd9762567cddbab41fb10b2145e3ea1e16f3355318dc8231f8915bf9,565,825
validation_dog_8dde4e9d7005e9b8_0,8dde4e9d7005e9b8,data/processed_clean/validation/dog/validation_dog_8dde4e9d7005e9b8_0.jpg,dog,0,train,"[0.20943953, 0.18141593, 0.51917403, 0.6106194699999999]",c835273f20ce698241db7f0b9b31e46824f7d69c164af6e8c9894079fce0cf85,617,483
validation_dog_8ec6c33282e9639f_0,8ec6c33282e9639f,data/processed_clean/validation/dog/validation_dog_8ec6c33282e9639f_0.jpg,dog,0,train,"[0.0, 0.06666667, 0.75, 0.85833333]",8d9d6e2eded62cbefdbd860d840599de7153ba72b7b564b75b87a0aa619ac658,829,763
validation_dog_8f1b8dfe77ed4ffd_0,8f1b8dfe77ed4ffd,data/processed_clean/validation/dog/validation_dog_8f1b8dfe77ed4ffd_0.jpg,dog,0,train,"[0.18289086, 0.10176991, 0.73746314, 0.8274335899999999]",59b1a6f9aefb8015714e0464c4c947e4d25ddf6d95ec1ade7dc895b3b9787f43,876,656
validation_dog_901df63e59f13dea_0,901df63e59f13dea,data/processed_clean/validation/dog/validation_dog_901df63e59f13dea_0.jpg,dog,0,train,"[0.146875, 0.21666667, 0.3828125, 0.73333333]",f1173a8dfbc30018ce43ef99b2d0c77145d69fd6f50d8f18ce4263b0a70b8e92,455,647
validation_dog_9166c53d5b96f8ea_0,9166c53d5b96f8ea,data/processed_clean/validation/dog/validation_dog_9166c53d5b96f8ea_0.jpg,dog,0,train,"[0.3234375, 0.20625, 0.6765625, 0.79375]",70b5a1b8c34321ec1dd1bf494559cd73949f78e72d7954084907f747d157be72,748,658
validation_dog_917cdc9ceb17c54b_0,917cdc9ceb17c54b,data/processed_clean/validation/dog/validation_dog_917cdc9ceb17c54b_0.jpg,dog,0,train,"[0.14498645, 0.15625, 0.63685635, 0.6923077]",20f1eaf4d6815f9be106529436c436b16a98c213fd75f01a4635380e231cd367,757,464
validation_dog_92248e44189d81ca_0,92248e44189d81ca,data/processed_clean/validation/dog/validation_dog_92248e44189d81ca_0.jpg,dog,0,train,"[0.178125, 0.09166667, 0.68125, 0.90833333]",fd8be5051ac8d7c2c869bcc84d995c27746b6bc666db81b46294a4cc6abf1250,809,753
validation_dog_92c2abdcff2c95ab_0,92c2abdcff2c95ab,data/processed_clean/validation/dog/validation_dog_92c2abdcff2c95ab_0.jpg,dog,0,train,"[0.15, 0.39583334, 0.728125, 0.5750000200000001]",c84cf7f43687b7c634023cd05e52ab3fcd68030c3a1b8cb72b1085215bc039e9,865,499
validation_dog_994b85699caf797b_0,994b85699caf797b,data/processed_clean/validation/dog/validation_dog_994b85699caf797b_0.jpg,dog,0,train,"[0.0, 0.2, 1.0, 0.7632353000000001]",42be1718a39772c2440fb0b2bdf640f245469d067331c9d798a35aac1d47216b,680,882
validation_dog_9c734e3459c14801_0,9c734e3459c14801,data/processed_clean/validation/dog/validation_dog_9c734e3459c14801_0.jpg,dog,0,train,"[0.0734375, 0.05, 0.9265625, 0.95]",2ad2723f10c01a6fbf039574f9bd0a68493d966a459409c86ddf6a7203f287de,1024,768
validation_dog_9ea9c7ee5928bf70_0,9ea9c7ee5928bf70,data/processed_clean/validation/dog/validation_dog_9ea9c7ee5928bf70_0.jpg,dog,0,train,"[0.2046875, 0.09791667, 0.5515625, 0.90208333]",d80212d7d90454e71db80a17f9464fe9a15e0940bbe808a6a694d42acac1f82b,656,748
validation_dog_9ef7e542078d923b_0,9ef7e542078d923b,data/processed_clean/validation/dog/validation_dog_9ef7e542078d923b_0.jpg,dog,0,train,"[0.2640118, 0.0, 0.7359882, 1.0]",0027c59e2be09077af17187a85cbce89452a3204ec5ab238cf9c2403724c22f3,814,683
validation_dog_9f66947fe3705a67_0,9f66947fe3705a67,data/processed_clean/validation/dog/validation_dog_9f66947fe3705a67_0.jpg,dog,0,train,"[0.28529412, 0.09534368, 0.65882355, 0.90465632]",d3e1ea857f8d6bb3e6c2a6328c015a8dc532d788c6c33583118ca05fb358178b,783,664
validation_dog_a08cb1fb02f89cde_0,a08cb1fb02f89cde,data/processed_clean/validation/dog/validation_dog_a08cb1fb02f89cde_0.jpg,dog,0,train,"[0.029368576, 0.19733925, 0.929515424, 0.6829268500000001]",bc3f9218310d6a8dc0481f1ae6afd06a9d7ef644aaf75b31555de438c0bf73b4,1024,537
validation_dog_a0d8b4e2d649c121_0,a0d8b4e2d649c121,data/processed_clean/validation/dog/validation_dog_a0d8b4e2d649c121_0.jpg,dog,0,train,"[0.0144, 0.07959183, 0.9856, 0.92040817]",2b8311d3626be6feab8140991ac20030fb1f1b055ca961d4c6b04ab15bd56d71,1024,798
validation_dog_a18fa484f0e6337f_0,a18fa484f0e6337f,data/processed_clean/validation/dog/validation_dog_a18fa484f0e6337f_0.jpg,dog,0,train,"[0.03757829, 0.0, 0.66597081, 0.87831515]",5e8336a1aa2b13efaa166da9c4621aed3892c0c1596b2e8f21c9246adf101450,579,971
validation_dog_a3173ec3ace3604c_0,a3173ec3ace3604c,data/processed_clean/validation/dog/validation_dog_a3173ec3ace3604c_0.jpg,dog,0,train,"[0.303125, 0.0, 0.696875, 1.0]",c2177fbea20471fcb0646d3ea491cd428c1d87734d50b359f7aed71d1ddceaa8,771,768
validation_dog_a626279c790570aa_0,a626279c790570aa,data/processed_clean/validation/dog/validation_dog_a626279c790570aa_0.jpg,dog,0,train,"[0.349454, 0.17451523, 0.30421214, 0.44598337]",ff8994b70d79c41893dcf8a026951ab09f6c12ef1c93703058b151a11eea14e8,361,299
validation_dog_a6ca068d9aaad3b3_0,a6ca068d9aaad3b3,data/processed_clean/validation/dog/validation_dog_a6ca068d9aaad3b3_0.jpg,dog,0,train,"[0.21712539, 0.084, 0.78287461, 0.916]",2a3665f16a986a22a5eeb5e09e63060043f76668cdc6f902ce02e7653d96d062,566,1013
validation_dog_a71021cbcb420dc2_0,a71021cbcb420dc2,data/processed_clean/validation/dog/validation_dog_a71021cbcb420dc2_0.jpg,dog,0,train,"[0.17378497, 0.006651885, 0.82621503, 0.993348115]",6e6e991ea06f30b40392af864dde644ee4bc995ea955460132e3da7bf4fab606,914,681
validation_dog_a7b0e7d56d784f8a_0,a7b0e7d56d784f8a,data/processed_clean/validation/dog/validation_dog_a7b0e7d56d784f8a_0.jpg,dog,0,train,"[0.125, 0.040387724, 0.7096774, 0.873990326]",ddaf50cbfc8793fc306b390fc2943ca6b205fb81a886ca5fcd227a4d1875478a,675,1008
validation_dog_a7cc827c821f5e60_0,a7cc827c821f5e60,data/processed_clean/validation/dog/validation_dog_a7cc827c821f5e60_0.jpg,dog,0,train,"[0.06629834, 0.03716814, 0.85819521, 0.96283186]",a43f901f09599346ef0fe11a64cd64c4c727d689436271aff88db9c6c0306a8f,977,1024
validation_dog_a89ad22fb48d38c8_0,a89ad22fb48d38c8,data/processed_clean/validation/dog/validation_dog_a89ad22fb48d38c8_0.jpg,dog,0,train,"[0.10192024, 0.0794702, 0.66469716, 0.9205298]",f9ddba52334239cf0d7c3b70c5ff6af6bbf4cb3a594d704fbeb05819f805cc5b,789,681
validation_dog_a9bfe6b80b90df13_0,a9bfe6b80b90df13,data/processed_clean/validation/dog/validation_dog_a9bfe6b80b90df13_0.jpg,dog,0,train,"[0.22708334, 0.1234375, 0.42291666000000006, 0.703125]",26593c0400abf4e8379147afd4793c7bf7a97bee88e7ab5e60db420b657e2e4e,377,835
validation_dog_abcdec9ba2f16efd_0,abcdec9ba2f16efd,data/processed_clean/validation/dog/validation_dog_abcdec9ba2f16efd_0.jpg,dog,0,train,"[0.046875, 0.0, 0.953125, 1.0]",3a6432f13c9a110f692c99de13910ad8249c6a715b8fbfc949eb4862d78d2e9d,1024,768
validation_dog_af8464aefa6c9959_0,af8464aefa6c9959,data/processed_clean/validation/dog/validation_dog_af8464aefa6c9959_0.jpg,dog,0,train,"[0.0, 0.0, 0.78755075, 1.0]",6bfc7ed2605e29df93992905feb74c4d7b3cc49bd77264bb3dbb9a923e25f231,871,576
validation_dog_af85e466e327df23_0,af85e466e327df23,data/processed_clean/validation/dog/validation_dog_af85e466e327df23_0.jpg,dog,0,train,"[0.058333334, 0.3, 0.816666666, 0.3875]",67335962e52ae33f626a8193dcf6dc91dfc56a546349de3795992c26137ab4dc,722,461
validation_dog_b1bfdbdf9dce22c7_0,b1bfdbdf9dce22c7,data/processed_clean/validation/dog/validation_dog_b1bfdbdf9dce22c7_0.jpg,dog,0,train,"[0.4625, 0.41666666, 0.3515625, 0.35416664000000003]",b8a4a05ea1e2c94a852a557bb46fd54b94ffcc993c458e87652ffaea59ea1055,417,316
validation_dog_b4495892e47757be_0,b4495892e47757be,data/processed_clean/validation/dog/validation_dog_b4495892e47757be_0.jpg,dog,0,train,"[0.16666667, 0.11061947, 0.71976403, 0.88716813]",521dc323d17cd71234f4a741664c73b4bb6f0141e6ee3c74007886e9986408b5,855,656
validation_dog_b5ee37d3e7650eb0_0,b5ee37d3e7650eb0,data/processed_clean/validation/dog/validation_dog_b5ee37d3e7650eb0_0.jpg,dog,0,train,"[0.1421875, 0.01875, 0.8578125, 0.98125]",e45f00cbe5573e2d5955b6de1437ccec542dbfb24ed2b975ea36fe04962849a5,949,768
validation_dog_b70a9a76a7846b1e_0,b70a9a76a7846b1e,data/processed_clean/validation/dog/validation_dog_b70a9a76a7846b1e_0.jpg,dog,0,train,"[0.2758112, 0.09050772, 0.460177, 0.7284768500000001]",8fe586a0bb7f11176b80440816b498a3352c501a8158ae6882c406454974d07b,546,578
validation_dog_b7701f7bed474664_0,b7701f7bed474664,data/processed_clean/validation/dog/validation_dog_b7701f7bed474664_0.jpg,dog,0,train,"[0.17582418, 0.15145229, 0.66718992, 0.67842321]",5b5385f6d2597ebcec2eff0f40d5f3596d6f452f9b34b09a0b22be912b5d7cd5,793,610
validation_dog_b77916282fc0a833_0,b77916282fc0a833,data/processed_clean/validation/dog/validation_dog_b77916282fc0a833_0.jpg,dog,0,train,"[0.0, 0.20071048, 0.9211009, 0.79928952]",b9bd12e714d80760a7ff687ba3ece2a9ea6bed34511a133979eaaa3c0283f333,987,884
validation_dog_b88e19dbe211810a_0,b88e19dbe211810a,data/processed_clean/validation/dog/validation_dog_b88e19dbe211810a_0.jpg,dog,0,train,"[0.0022123894, 0.16519174, 0.9092920606, 0.82300886]",4b2aff8b10ab7345135d94d5cd34d46866422bfb3f04d61d720d8ae26aeaeeb2,672,922
validation_dog_b922cd91a6c97ab5_0,b922cd91a6c97ab5,data/processed_clean/validation/dog/validation_dog_b922cd91a6c97ab5_0.jpg,dog,0,train,"[0.30676693, 0.019522777, 0.64661652, 0.980477223]",834917a2afb032f1ed14b27c1d201dd7011b5c1b5253180b0f7339b843c6dd3b,763,710
validation_dog_bab35b697739e6d4_0,bab35b697739e6d4,data/processed_clean/validation/dog/validation_dog_bab35b697739e6d4_0.jpg,dog,0,train,"[0.2984375, 0.1875, 0.36875, 0.8125]",a324694fd6a2ec90a34512465a7c24eb79ef52fb1329d44db0a09d9f4644ea4c,438,674
validation_dog_bbe29152a436cdf6_0,bbe29152a436cdf6,data/processed_clean/validation/dog/validation_dog_bbe29152a436cdf6_0.jpg,dog,0,train,"[0.065625, 0.0, 0.7265625, 1.0]",9204fe408c7c26996c03d1681be1b2969ded70d02623e5695d06c7128fa6845c,863,768
validation_dog_bfdc4abc376e4506_0,bfdc4abc376e4506,data/processed_clean/validation/dog/validation_dog_bfdc4abc376e4506_0.jpg,dog,0,train,"[0.1225, 0.28333333, 0.8225, 0.5966666700000001]",767275f54254e4e54bd89cb7df92f3a0f90b9445107929ee91decf29027d17d4,966,531
validation_dog_c00bb10ecccaa7ca_1,c00bb10ecccaa7ca,data/processed_clean/validation/dog/validation_dog_c00bb10ecccaa7ca_1.jpg,dog,0,train,"[0.4921875, 0.16666667, 0.5078125, 0.83333333]",4ee69e39809c5241d9818f4ca192b536c8f19713a6490c7726cbe7850130b62d,562,691
validation_dog_c1c35e3d75f8fd23_0,c1c35e3d75f8fd23,data/processed_clean/validation/dog/validation_dog_c1c35e3d75f8fd23_0.jpg,dog,0,train,"[0.021875, 0.045833334, 0.978125, 0.954166666]",eb35d5cb92d6fe8944b86f36d92dae347c727dd7745965820dcccdd46075847d,1024,768
validation_dog_c52e6904b5e4107b_0,c52e6904b5e4107b,data/processed_clean/validation/dog/validation_dog_c52e6904b5e4107b_0.jpg,dog,0,train,"[0.031042129, 0.19440353, 0.964523271, 0.72754047]",9975f33013876817d35f17d5c5c6ed4da1fba2a373a23cbdd007dd6afc7e486e,681,865
validation_dog_c5c4aebeddaa6853_0,c5c4aebeddaa6853,data/processed_clean/validation/dog/validation_dog_c5c4aebeddaa6853_0.jpg,dog,0,train,"[0.0, 0.046460178, 0.77138644, 0.953539822]",623c37a0e2e8b2981ddcbef2060c65ac7c6e9932a020732571015980318dee84,853,683
validation_dog_c8524ad27fddebe7_0,c8524ad27fddebe7,data/processed_clean/validation/dog/validation_dog_c8524ad27fddebe7_0.jpg,dog,0,train,"[0.0234375, 0.0, 0.68125, 1.0]",0a1788380244484b727de0d24ef075ee2b997c9295c5a39b38f5b82640b905d8,777,768
validation_dog_c94fbcdd633e11b3_0,c94fbcdd633e11b3,data/processed_clean/validation/dog/validation_dog_c94fbcdd633e11b3_0.jpg,dog,0,train,"[0.030973451, 0.07522124, 0.969026549, 0.92477876]",53f990b2ac48a42ec7f6ee73770d141a005a960d16dddcf760f1194c1a93785e,683,1023
validation_dog_ca5e25f648f55068_0,ca5e25f648f55068,data/processed_clean/validation/dog/validation_dog_ca5e25f648f55068_0.jpg,dog,0,train,"[0.08125, 0.3, 0.6083333599999999, 0.36093749999999997]",c4b771f61465eb17ef342afa5d4a46c15576d71166c0ba4147203707e786be96,542,428
validation_dog_cae8ea62d95c2f13_0,cae8ea62d95c2f13,data/processed_clean/validation/dog/validation_dog_cae8ea62d95c2f13_0.jpg,dog,0,train,"[0.23541667, 0.13, 0.63749997, 0.81166666]",1091d440b662c7e138dd4a444a213715433a610db5c2583ac9686d838d2be6fe,606,957
validation_dog_cca18370032dd8d1_8,cca18370032dd8d1,data/processed_clean/validation/dog/validation_dog_cca18370032dd8d1_8.jpg,dog,0,train,"[0.49583334, 0.6, 0.3770833, 0.38125]",18d819f899037a0d7384023b9b8805dbc1bceb090141e01b1f890d63bbc62b81,336,441
validation_dog_cd02b72850465e65_0,cd02b72850465e65,data/processed_clean/validation/dog/validation_dog_cd02b72850465e65_0.jpg,dog,0,train,"[0.0671875, 0.11875, 0.8578125000000001, 0.86458335]",68745aa7ac21dcb1e860301866019567817223f00c1e3a8522b547081285e777,1017,730
validation_dog_cf3c4d24b3cd9b62_0,cf3c4d24b3cd9b62,data/processed_clean/validation/dog/validation_dog_cf3c4d24b3cd9b62_0.jpg,dog,0,train,"[0.0491453, 0.045801528, 0.9487179299999999, 0.952671772]",c2b1c726c38fe51279d8867e536a07695136229f5adaa63609819516fb58ec81,731,1024
validation_dog_cffe032fe37d6237_0,cffe032fe37d6237,data/processed_clean/validation/dog/validation_dog_cffe032fe37d6237_0.jpg,dog,0,train,"[0.0, 0.09312639, 0.7260677, 0.89135256]",05ed852c72575c45404587049c938576822a01d172371d425024a3c3d7e3453d,803,666
validation_dog_d432d45e42ae7e15_0,d432d45e42ae7e15,data/processed_clean/validation/dog/validation_dog_d432d45e42ae7e15_0.jpg,dog,0,train,"[0.09927798, 0.32310468, 0.36101084, 0.52888092]",0681dcea3819fffb68a9cbebc8c75ce739f76cd3ffbfc5d5925f727a4f79b978,429,628
validation_dog_d463ca9265a00ab0_0,d463ca9265a00ab0,data/processed_clean/validation/dog/validation_dog_d463ca9265a00ab0_0.jpg,dog,0,train,"[0.1359375, 0.0, 0.6328125, 1.0]",f82dd90b357ac506b08ed5c71f1300d4649011cc07a2f3b5bb5d29bbca967a0e,752,768
validation_dog_d5e5d445aa2d0cb5_0,d5e5d445aa2d0cb5,data/processed_clean/validation/dog/validation_dog_d5e5d445aa2d0cb5_0.jpg,dog,0,train,"[0.24705882, 0.1286031, 0.75294118, 0.8713969]",e0d6ac9c07715173bdac3298472a7783dc3e7ad29ea5454fa04cd2ff5f523a4a,833,640
validation_dog_d6ed7aec7b1a73b9_0,d6ed7aec7b1a73b9,data/processed_clean/validation/dog/validation_dog_d6ed7aec7b1a73b9_0.jpg,dog,0,train,"[0.13968958, 0.116347566, 0.6119733900000001, 0.864506634]",f6ffa25690eac72a803df0cfe52a33e93cdb163e276040488afe3d7d7bd556c4,483,976
validation_dog_d7448f9c7a7907eb_0,d7448f9c7a7907eb,data/processed_clean/validation/dog/validation_dog_d7448f9c7a7907eb_0.jpg,dog,0,train,"[0.0, 0.042035397, 0.72713864, 0.957964603]",55973bcf0c57cee0961dadce87c4c7d4b0a04718b7efbb951f1e2fb4bb893410,804,683
validation_dog_d92f7bdf1bfbcb31_0,d92f7bdf1bfbcb31,data/processed_clean/validation/dog/validation_dog_d92f7bdf1bfbcb31_0.jpg,dog,0,train,"[0.42259413, 0.11076443, 0.39748956999999996, 0.60842432]",092ea13c9bf3bb662b24e495415ec44967934bf59fe0ec959be2ae773602d9f9,352,722
validation_dog_d9d3c313a971cbd6_0,d9d3c313a971cbd6,data/processed_clean/validation/dog/validation_dog_d9d3c313a971cbd6_0.jpg,dog,0,train,"[0.10191083, 0.0859375, 0.78662417, 0.9140625]",7d07d2bcb0fa15782393e33c2ca9be1b0fcba7c5a98ce6f1de4572502b1baf47,458,1011
validation_dog_da27c3fb8c58661f_0,da27c3fb8c58661f,data/processed_clean/validation/dog/validation_dog_da27c3fb8c58661f_0.jpg,dog,0,train,"[0.315625, 0.0, 0.34375000000000006, 0.99375]",ffb886085d4d7e6a8d524dca409e3cd2482d7209e59ef5d9e695c3d798d6599e,408,768
validation_dog_da4e13456eb5d8a2_0,da4e13456eb5d8a2,data/processed_clean/validation/dog/validation_dog_da4e13456eb5d8a2_0.jpg,dog,0,train,"[0.3028065, 0.121412806, 0.44017726, 0.878587194]",68ace8833968b88b5df0e83a07f2edbf98162aa5f846491a8c4e21bc5829acf8,523,650
validation_dog_dbb45f2b3f5f361d_0,dbb45f2b3f5f361d,data/processed_clean/validation/dog/validation_dog_dbb45f2b3f5f361d_0.jpg,dog,0,train,"[0.16425993, 0.016245488, 0.83574007, 0.857400712]",426b8bf1a42774d368253010ef4ec544ad1fec7e0664857104a77b478736f427,924,965
validation_dog_dc6608c3f0fcb0ee_0,dc6608c3f0fcb0ee,data/processed_clean/validation/dog/validation_dog_dc6608c3f0fcb0ee_0.jpg,dog,0,train,"[0.41374046, 0.094017096, 0.39694654000000007, 0.8589743040000001]",c0569e0d81100952f562fa605a045da3868cd1d7a48da74dd7486e294641ece1,472,713
validation_dog_ddf22b4a1bbcc016_0,ddf22b4a1bbcc016,data/processed_clean/validation/dog/validation_dog_ddf22b4a1bbcc016_0.jpg,dog,0,train,"[0.055837564, 0.029411765, 0.9416243360000001, 0.970588235]",c0c82a3795bb9846df546a522322702b0dec5027be31cb5a1a2244f5a08d6fdb,913,1024
validation_dog_df13f7dced3c2aa8_0,df13f7dced3c2aa8,data/processed_clean/validation/dog/validation_dog_df13f7dced3c2aa8_0.jpg,dog,0,train,"[0.14580265, 0.0, 0.65832105, 1.0]",315e5478a8a210082de25fe7daf72d8f30f3447f00422842f9951d8a98f703a6,782,680
validation_dog_e1cd59a613e17088_0,e1cd59a613e17088,data/processed_clean/validation/dog/validation_dog_e1cd59a613e17088_0.jpg,dog,0,train,"[0.16772823, 0.124423966, 0.6093418199999999, 0.8617511339999999]",a4b935106bb1313c4e559f9c7e2fe830f1c8ad28a2ae958366c3feb31d724fbb,523,967
validation_dog_e2f025adbf4012b1_1,e2f025adbf4012b1,data/processed_clean/validation/dog/validation_dog_e2f025adbf4012b1_1.jpg,dog,0,train,"[0.7421875, 0.15, 0.15625, 0.41666665999999997]",7fb63347d372f53c0c963cb25a9e5c241b12156192549fbdbd8e499567f827bd,186,371
validation_dog_e43b7c1a18c33783_0,e43b7c1a18c33783,data/processed_clean/validation/dog/validation_dog_e43b7c1a18c33783_0.jpg,dog,0,train,"[0.0, 0.03003003, 1.0, 0.96996997]",e21ca164053e6038f351d76c2f43a6ed519abd1d8221a5fae724f28a4dfd3855,707,1024
validation_dog_e5b2f74566fa06c4_0,e5b2f74566fa06c4,data/processed_clean/validation/dog/validation_dog_e5b2f74566fa06c4_0.jpg,dog,0,train,"[0.15, 0.19375, 0.85, 0.7958333000000001]",ef7c01db72edd8ae7754d274075bcb880d690ccebc0f4da86fd21dd598196863,940,668
validation_dog_e6ed666055c509fa_0,e6ed666055c509fa,data/processed_clean/validation/dog/validation_dog_e6ed666055c509fa_0.jpg,dog,0,train,"[0.0, 0.079166666, 0.815625, 0.920833334]",6230af32c2e525e14de318689126832fb4e023633536a80bc6ee5176eedc770b,902,764
validation_dog_ea935980b15c70b0_0,ea935980b15c70b0,data/processed_clean/validation/dog/validation_dog_ea935980b15c70b0_0.jpg,dog,0,train,"[0.0, 0.0, 1.0, 1.0]",84a6239313a250bf7ffc8411dc80c595c38563c1545fa0a1ccec1eac87530b28,681,1024
validation_dog_ecc92a92a33d164e_0,ecc92a92a33d164e,data/processed_clean/validation/dog/validation_dog_ecc92a92a33d164e_0.jpg,dog,0,train,"[0.0375, 0.0, 0.8796875000000001, 1.0]",06eabe1189fa5e90a192bbcd34f0246828d336a93ce50c7dfa528501975de2d8,1011,768
validation_dog_ed523292cd775236_0,ed523292cd775236,data/processed_clean/validation/dog/validation_dog_ed523292cd775236_0.jpg,dog,0,train,"[0.20842572, 0.110456556, 0.79157428, 0.889543444]",ce10ccfa5575e77eff4968a0e7fc5c69c74ffd3a7c9ec2fc1f424e43938d40b0,582,984
validation_dog_eeab99350f31f0d0_0,eeab99350f31f0d0,data/processed_clean/validation/dog/validation_dog_eeab99350f31f0d0_0.jpg,dog,0,train,"[0.047267355, 0.09713025, 0.700147715, 0.90286975]",365ab469f86582ac39486029f30cd55d66c07e7e81ab31cad5e53127fbcdb5b2,823,668
validation_dog_f0978d59928eeb60_0,f0978d59928eeb60,data/processed_clean/validation/dog/validation_dog_f0978d59928eeb60_0.jpg,dog,0,train,"[0.121875, 0.00625, 0.6765625000000001, 0.99375]",e0b1dbf36f8f934ba5f2a51606ab9fc639aea4d954b95b8f228824f4a9209adf,804,768
validation_dog_f35353824f7e1192_0,f35353824f7e1192,data/processed_clean/validation/dog/validation_dog_f35353824f7e1192_0.jpg,dog,0,train,"[0.2, 0.024, 0.744, 0.976]",38fe962065948a97a2a5a115315aa15d6befaaf18023d66438bd4f1c95caee75,880,768
validation_dog_f3b66b38c1b8e6f6_0,f3b66b38c1b8e6f6,data/processed_clean/validation/dog/validation_dog_f3b66b38c1b8e6f6_0.jpg,dog,0,train,"[0.0, 0.024336284, 1.0, 0.975663716]",c055aeea0484fbe3f3343e833e89a9a78e8bf0474a8602d944a3641183922992,1024,682
validation_dog_fc071ee31c4ed6ff_0,fc071ee31c4ed6ff,data/processed_clean/validation/dog/validation_dog_fc071ee31c4ed6ff_0.jpg,dog,0,train,"[0.44247788, 0.17477876, 0.46312682000000005, 0.6747787399999999]",a3cb2848a0dda81af5997b2a3664aa95b2dbc5bab328e3c083586b33f43330a1,550,534
validation_dog_fde84fbaa64ab182_0,fde84fbaa64ab182,data/processed_clean/validation/dog/validation_dog_fde84fbaa64ab182_0.jpg,dog,0,train,"[0.0, 0.0, 0.9396985, 1.0]",a33626fc941e8004be5a1f509ad371e5bfee3697781998116a1a0420e41bfbd6,1024,880
validation_dog_fff50186c03c8474_0,fff50186c03c8474,data/processed_clean/validation/dog/validation_dog_fff50186c03c8474_0.jpg,dog,0,train,"[0.18584071, 0.21681416, 0.44985248999999994, 0.54424781]",8d67f2bddbcebdedf71ec7681763ea684774780cf0a1836850369e0239613765,535,432
test_cat_00567dcce4a5f7d9_0,00567dcce4a5f7d9,data/processed_clean/test/cat/test_cat_00567dcce4a5f7d9_0.jpg,cat,1,train,"[0.0703125, 0.05, 0.9296875, 0.6895833]",2b8bf74a2b00b87ae23a5ab8cb164dc78d236c8865ed68fd8ea16d2ba5c5b485,1024,610
test_cat_017c776a67956dd9_0,017c776a67956dd9,data/processed_clean/test/cat/test_cat_017c776a67956dd9_0.jpg,cat,1,train,"[0.26106194, 0.19247788, 0.7286135600000001, 0.80752212]",217e98c3c7d47f43f13389fb4b071a5ef91a6a86e506a1dfb18bec38f5dc0d1f,816,596
test_cat_01a471db31e88727_0,01a471db31e88727,data/processed_clean/test/cat/test_cat_01a471db31e88727_0.jpg,cat,1,train,"[0.1765625, 0.09791667, 0.6015625, 0.90208333]",e0ef84548dff8ed3386b38057c07c4bcdd10e5ac7edda12adeb3069aa3fde7d0,714,748
test_cat_01cc07838fc28a68_0,01cc07838fc28a68,data/processed_clean/test/cat/test_cat_01cc07838fc28a68_0.jpg,cat,1,train,"[0.0, 0.0899705, 1.0, 0.9100295]",d7d3191bf536df82470140908360a6e0ab826ca6508b6e5eb908b99d394c6f9e,683,1006
test_cat_020418f41a5dde99_0,020418f41a5dde99,data/processed_clean/test/cat/test_cat_020418f41a5dde99_0.jpg,cat,1,train,"[0.025073746, 0.0, 0.974926254, 1.0]",e6cc55b65ea64f6a149a6e8187e5b00f260d213b322bac603ecff6a325a81a4b,1024,683
test_cat_02e94b92d16c65de_0,02e94b92d16c65de,data/processed_clean/test/cat/test_cat_02e94b92d16c65de_0.jpg,cat,1,train,"[0.24117647, 0.0, 0.61470588, 0.8292683]",160e7017e0e35a75afec79584a6404d7834f9e88ae75e5b2448dc4bafb300f53,730,607
test_cat_043d38140a8252f1_0,043d38140a8252f1,data/processed_clean/test/cat/test_cat_043d38140a8252f1_0.jpg,cat,1,train,"[0.25920472, 0.19290465, 0.74079528, 0.62971175]",93f89c99ec37d1e96f352083cded5dbd434ec467821a8855c5334ac96d2c7312,819,497
test_cat_046f48d5c2c8d898_0,046f48d5c2c8d898,data/processed_clean/test/cat/test_cat_046f48d5c2c8d898_0.jpg,cat,1,train,"[0.19911504, 0.022123894, 0.68584072, 0.9181416059999999]",5229d174b508513d44693fce6d9404fdbecbdea5b00fdf893629a959389622bf,814,683
test_cat_04bd02346a23482a_0,04bd02346a23482a,data/processed_clean/test/cat/test_cat_04bd02346a23482a_0.jpg,cat,1,train,"[0.0, 0.1125, 0.8296875, 0.87291665]",945593503ba64a749ebcfbc96b27133c607d4575e41eb6833b077cb3ab32b2e8,918,735
test_cat_070796cae7b21655_0,070796cae7b21655,data/processed_clean/test/cat/test_cat_070796cae7b21655_0.jpg,cat,1,train,"[0.328125, 0.0125, 0.603125, 0.9875]",b41d43a07dc0ccc27397b048a5bc7ac3d208488b345de843e3cb9d0767533d17,716,768
test_cat_072075cc0668cc68_0,072075cc0668cc68,data/processed_clean/test/cat/test_cat_072075cc0668cc68_0.jpg,cat,1,train,"[0.5923567, 0.77880186, 0.40764330000000004, 0.14285714000000005]",c8236f1a2789a0298f12bebdf04fb2652616f13f9f005987949b91b4aac922d5,326,169
test_cat_07adde55744da629_0,07adde55744da629,data/processed_clean/test/cat/test_cat_07adde55744da629_0.jpg,cat,1,train,"[0.0, 0.0, 1.0, 1.0]",ad4b822f54033ae7180b7494edc9e6388f73d0375d6fbade7310a9bf0ec8c283,1024,683
test_cat_07bdad692a27b235_0,07bdad692a27b235,data/processed_clean/test/cat/test_cat_07bdad692a27b235_0.jpg,cat,1,train,"[0.0347432, 0.03671706, 0.91691845, 0.9503240000000001]",64102d6b6e5f11db5e3c8f3a4d25da4fda6ed160aaa350cd3d4044e10b72fb64,1024,717
test_cat_08e305c9897827dd_0,08e305c9897827dd,data/processed_clean/test/cat/test_cat_08e305c9897827dd_0.jpg,cat,1,train,"[0.0, 0.11732852, 1.0, 0.8068591799999999]",92c619b279b1b8bb6579ff03d4a9468cfdb5066d8dc8119c6a015e89112fa2e2,1024,958
test_cat_08eef8249bb1c096_0,08eef8249bb1c096,data/processed_clean/test/cat/test_cat_08eef8249bb1c096_0.jpg,cat,1,train,"[0.1953125, 0.0875, 0.8046875, 0.9125]",24ca0ddd4e69530e828799a0980a47c93832682fe123e93f8e4b65fa1a177f93,890,757
test_cat_0a10e5741162ef98_0,0a10e5741162ef98,data/processed_clean/test/cat/test_cat_0a10e5741162ef98_0.jpg,cat,1,train,"[0.04715447, 0.0, 0.8699187300000001, 1.0]",335bf55704450089365cf1bae0bbca9a467ea5cacd133ad345ab94f18d69b23c,1010,831
test_cat_0b061ceda8f590e7_0,0b061ceda8f590e7,data/processed_clean/test/cat/test_cat_0b061ceda8f590e7_0.jpg,cat,1,train,"[0.35, 0.026666667, 0.33000000000000007, 0.933333333]",45b5385818fc955e053fe11e239cc229e8f5afa3be2b3b8e636dc27c8439dfa3,392,768
test_cat_0b748340e89165f4_0,0b748340e89165f4,data/processed_clean/test/cat/test_cat_0b748340e89165f4_0.jpg,cat,1,train,"[0.0, 0.0, 0.8541667, 1.0]",93edf92e269ba6351ebb61f07e292819d6d7cd32c932ecf6ebb247cf80ae5c6d,945,807
test_cat_0c7a5b1dea4d17a9_0,0c7a5b1dea4d17a9,data/processed_clean/test/cat/test_cat_0c7a5b1dea4d17a9_0.jpg,cat,1,train,"[0.020648967, 0.03539823, 0.979351033, 0.96460177]",a3419161272c41671f4cf87b6e7682fc84f0dec1e2153e2520ed78f86e7c7055,1024,683
test_cat_0cbf8493b636ce37_0,0cbf8493b636ce37,data/processed_clean/test/cat/test_cat_0cbf8493b636ce37_0.jpg,cat,1,train,"[0.0, 0.1585903, 0.62278104, 0.8414097]",7b65aadab6067d3c316b0d151926ea972e306421395e0d1588ba3d9c3afaea2f,689,625
test_cat_0d2486e1b0367db4_0,0d2486e1b0367db4,data/processed_clean/test/cat/test_cat_0d2486e1b0367db4_0.jpg,cat,1,train,"[0.10830325, 0.0, 0.89169675, 1.0]",5fc8a12b3e468e02079529c7185a94c009a81f8ad0b066bc2cd398dbddb533e5,986,1024
test_cat_0d64005d60bca667_1,0d64005d60bca667,data/processed_clean/test/cat/test_cat_0d64005d60bca667_1.jpg,cat,1,train,"[0.67893964, 0.09312639, 0.13843886000000005, 0.21286031]",3afcbc64f6b44dcdb8da23360e7e0a7c8fa161b2fc843c30dda3b2c896845f45,164,168
test_cat_0ea4852b0c090058_0,0ea4852b0c090058,data/processed_clean/test/cat/test_cat_0ea4852b0c090058_0.jpg,cat,1,train,"[0.0, 0.11587302, 1.0, 0.69047618]",1b66cd47ee5a6c1c78d227c53269644e2b14d573104c7eab83ef9c89081e24b3,791,820
test_cat_0ffa5ed1c5e9eeae_0,0ffa5ed1c5e9eeae,data/processed_clean/test/cat/test_cat_0ffa5ed1c5e9eeae_0.jpg,cat,1,train,"[0.0, 0.0, 1.0, 1.0]",7f514f982816e4779ea163d06b3a58bf7109b83cd8e908b32db3fe43ed285741,1024,768
test_cat_10d3664ec0bb4dc9_0,10d3664ec0bb4dc9,data/processed_clean/test/cat/test_cat_10d3664ec0bb4dc9_0.jpg,cat,1,train,"[0.1046875, 0.26875, 0.8953125, 0.73125]",74dfa03f2b0831ad40a9f44d0d1c8ac479098064c7c7f27ab389d2f5c445fc2c,990,607
test_cat_14f100eb85e81b95_0,14f100eb85e81b95,data/processed_clean/test/cat/test_cat_14f100eb85e81b95_0.jpg,cat,1,train,"[0.21533923, 0.042035397, 0.52802361, 0.957964603]",e91a4983636035c9717b7ddcdeaf8662d3028e5a7488700e675f17825d6b9b49,627,683
test_cat_1521f8e16a5f7fdd_0,1521f8e16a5f7fdd,data/processed_clean/test/cat/test_cat_1521f8e16a5f7fdd_0.jpg,cat,1,train,"[0.08394698, 0.10421286, 0.84241532, 0.89578714]",3ad50213ad57035763c73bb2bb6b034df576a5e6834f700a85396983c24d57cc,1001,658
test_cat_1652367c424bc834_0,1652367c424bc834,data/processed_clean/test/cat/test_cat_1652367c424bc834_0.jpg,cat,1,train,"[0.12536873, 0.095132746, 0.73893807, 0.904867254]",3ad383facb10458aee8c5415228726b813fed774a7343b80d726ea55787f86e9,878,667
test_cat_166f70ea6f71c41d_0,166f70ea6f71c41d,data/processed_clean/test/cat/test_cat_166f70ea6f71c41d_0.jpg,cat,1,train,"[0.0, 0.0, 1.0, 1.0]",f251acefb4f3c5e8a63620563f45b455227c88f455eb04b3c96f3042e30ec2be,1024,766
test_cat_16ce2d19ca5302a6_0,16ce2d19ca5302a6,data/processed_clean/test/cat/test_cat_16ce2d19ca5302a6_0.jpg,cat,1,train,"[0.0, 0.0, 0.902, 1.0]",71e129a3e9133a764d086f4a447facbdb2e6675e3798c7a21be5ea2218fe91b2,998,768
test_cat_1701c9c2a847b1bd_0,1701c9c2a847b1bd,data/processed_clean/test/cat/test_cat_1701c9c2a847b1bd_0.jpg,cat,1,train,"[0.0073855245, 0.015452539, 0.9822747355, 0.9690949010000001]",64e87ec199fe086e17b75cd28204722dc39f5b24371d5c51ba48137c78a6a9a6,1024,685
test_cat_188ca42f30e882c5_0,188ca42f30e882c5,data/processed_clean/test/cat/test_cat_188ca42f30e882c5_0.jpg,cat,1,train,"[0.25815603, 0.07816092, 0.74184397, 0.6942528800000001]",05eb97ddd924311abc097373300bf83fdc9b32f6883445cb0d367fee48bf69ca,820,509
test_cat_19c4a0cc64449c25_0,19c4a0cc64449c25,data/processed_clean/test/cat/test_cat_19c4a0cc64449c25_0.jpg,cat,1,train,"[0.0, 0.009025271, 1.0, 0.990974729]",83bc6ae45ca012034f1048ff4126745222f7c6d9e2e9f2f2d7796819e68c1643,768,768
test_cat_1a088883e69e1c47_0,1a088883e69e1c47,data/processed_clean/test/cat/test_cat_1a088883e69e1c47_0.jpg,cat,1,train,"[0.0, 0.03529412, 0.983368, 0.6635293800000001]",fadab39b6beddd4a30258c21bc485f203a892cbf8ec01c38abd43a9e073e36d2,1024,680
test_cat_1af51178e84a4350_0,1af51178e84a4350,data/processed_clean/test/cat/test_cat_1af51178e84a4350_0.jpg,cat,1,train,"[0.0, 0.0, 1.0, 1.0]",333ac98561ab3ceea042847196983d048a88427f0ff25aa54dd6c3e3803a7c27,1024,846
test_cat_1b00dd518444b7f8_0,1b00dd518444b7f8,data/processed_clean/test/cat/test_cat_1b00dd518444b7f8_0.jpg,cat,1,train,"[0.17870036, 0.014440433, 0.6895307, 0.985559567]",1c9db17f5ff30d3aea8c4de8cb06b4ee972ef042df7f1c9f2f6c7d4381411df4,819,1024
test_cat_1bc87374987751ad_0,1bc87374987751ad,data/processed_clean/test/cat/test_cat_1bc87374987751ad_0.jpg,cat,1,train,"[0.029227557, 0.0203125, 0.939457173, 0.9593750000000001]",58ae3f10b86b93ddff9cc1ecf7638c433f38d73141418cf15525c739116c504c,768,1024
test_cat_1bf9895846159376_0,1bf9895846159376,data/processed_clean/test/cat/test_cat_1bf9895846159376_0.jpg,cat,1,train,"[0.04347826, 0.02519685, 0.95652174, 0.97480315]",2a108e44da09769c7d233b643270906d067d55a2596b4a072000acbe5eb3af75,780,1024
test_cat_1cd1a4dcd90e3066_0,1cd1a4dcd90e3066,data/processed_clean/test/cat/test_cat_1cd1a4dcd90e3066_0.jpg,cat,1,train,"[0.11510792, 0.08892922, 0.77338128, 0.9019963799999999]",cc16115e89d6b87eff8c10af4a6acc6b1f4dec73a81329fae05835c4606b1505,918,998
test_cat_1ea7e3c249f359b2_0,1ea7e3c249f359b2,data/processed_clean/test/cat/test_cat_1ea7e3c249f359b2_0.jpg,cat,1,train,"[0.0797227, 0.1393597, 0.81629116, 0.779661]",05ec7c297739882e1e2f98064385bafc1cd5e81c121b6fcff47a95ede7b9f40f,969,851
test_cat_1ed5e97f0e6252cd_0,1ed5e97f0e6252cd,data/processed_clean/test/cat/test_cat_1ed5e97f0e6252cd_0.jpg,cat,1,train,"[0.0, 0.0, 0.8903924, 1.0]",b0bf90e9bee78b80fcbf365455cfe4cc0f7b189fa7c2444fee3ef49e43a2ef65,985,576
test_cat_1fe43470b6489c7d_0,1fe43470b6489c7d,data/processed_clean/test/cat/test_cat_1fe43470b6489c7d_0.jpg,cat,1,train,"[0.14431487, 0.085011184, 0.8265305900000001, 0.7807606460000001]",8ddad041e118eef3cd52c47d218fdb5db8afd1535f030febb938c128074ef27f,944,604
test_cat_2061937fe90d4e71_0,2061937fe90d4e71,data/processed_clean/test/cat/test_cat_2061937fe90d4e71_0.jpg,cat,1,train,"[0.0, 0.079422385, 1.0, 0.920577615]",246a84bea67a18309123e556f9d95044583197a75ef9fa161cfe21eec371f1f4,1024,1018
test_cat_20ff8d78660a1cf9_0,20ff8d78660a1cf9,data/processed_clean/test/cat/test_cat_20ff8d78660a1cf9_0.jpg,cat,1,train,"[0.12256809, 0.16582915, 0.78988331, 0.56616415]",b936a860b653f79aa5ee2e1a83961d67bf528bf60f2d6b0a78c00bc1cceb0141,809,673
test_cat_213313f9f9fe0f8a_0,213313f9f9fe0f8a,data/processed_clean/test/cat/test_cat_213313f9f9fe0f8a_0.jpg,cat,1,train,"[0.12979351, 0.055309735, 0.80383479, 0.944690265]",21ce15be2dfd07d31d5dd9ec112ced29c3883558d44fbb6ecae24ad76a68b38b,955,682
test_cat_224e8ae49051778b_0,224e8ae49051778b,data/processed_clean/test/cat/test_cat_224e8ae49051778b_0.jpg,cat,1,train,"[0.03815261, 0.2, 0.71285143, 0.6451613]",069293dd45dd370727926c77748ae37b1df3ad089f1ef50e72e1135a55d4caec,827,476
test_cat_23b43d43a750986c_0,23b43d43a750986c,data/processed_clean/test/cat/test_cat_23b43d43a750986c_0.jpg,cat,1,train,"[0.22123894, 0.0, 0.50796456, 0.9723247]",785c8c272bb002312e0953623177212ab2f42abb99ce2efa550990cf0223e97c,603,982
test_cat_2422941251e13a0e_0,2422941251e13a0e,data/processed_clean/test/cat/test_cat_2422941251e13a0e_0.jpg,cat,1,train,"[0.21238938, 0.26696166, 0.74778762, 0.73303834]",12ca7d60f5f17e82e6c3873e26850dbed40b999e9c2932bdfc71258713941a99,579,811
test_cat_27e8fb1d10c59f1a_0,27e8fb1d10c59f1a,data/processed_clean/test/cat/test_cat_27e8fb1d10c59f1a_0.jpg,cat,1,train,"[0.0, 0.0, 1.0, 1.0]",4ee5dc2b9ce9a9c25f69e3872012db1b71aa42554cc70c2993f41d172c2fe78e,683,1024
test_cat_28e3525d81cccaba_0,28e3525d81cccaba,data/processed_clean/test/cat/test_cat_28e3525d81cccaba_0.jpg,cat,1,train,"[0.31351352, 0.216, 0.47567563999999996, 0.784]",7974fd28bf8ab541527e9c6c4db4fea9b1de98c6a31caa25283b6fc732964686,565,586
test_cat_292e1ade3a1a1107_0,292e1ade3a1a1107,data/processed_clean/test/cat/test_cat_292e1ade3a1a1107_0.jpg,cat,1,train,"[0.0546875, 0.0, 0.88125, 0.98541665]",89a31725e1eb94085a188604a97f82ed3494bcc02c437c6ecc2f693e8009ef8a,1024,768
test_cat_2b162562c3dab2ee_0,2b162562c3dab2ee,data/processed_clean/test/cat/test_cat_2b162562c3dab2ee_0.jpg,cat,1,train,"[0.18141593, 0.11283186, 0.73893807, 0.84070799]",0d3fffcd86b66ee3266be904188c4e4ea871d62ac85e4f51500dc31d83e1bb90,878,652
test_cat_2b34e312e241b910_0,2b34e312e241b910,data/processed_clean/test/cat/test_cat_2b34e312e241b910_0.jpg,cat,1,train,"[0.290625, 0.022916667, 0.4515625, 0.854166693]",674e34cf23afcc6629994aa12f06c172a3de2d50e87e140fad535d9827752438,536,726
test_cat_2b757019dc70148e_0,2b757019dc70148e,data/processed_clean/test/cat/test_cat_2b757019dc70148e_0.jpg,cat,1,train,"[0.16524702, 0.18390805, 0.65417373, 0.62643675]",728a67310a1e23cf96d6f5d628382218ed16f6b30bd033fa760a22675abb04ac,655,558
test_cat_2bebc4733a3af42d_0,2bebc4733a3af42d,data/processed_clean/test/cat/test_cat_2bebc4733a3af42d_0.jpg,cat,1,train,"[0.0, 0.05956679, 0.82490975, 0.83393501]",38eb6c4ba6ad2c44747bc02cfae2a2562dc2b8a0ce93d947ac8aa70fd99c4a5f,684,737
test_cat_2bf6e7d6d96bcce6_0,2bf6e7d6d96bcce6,data/processed_clean/test/cat/test_cat_2bf6e7d6d96bcce6_0.jpg,cat,1,train,"[0.215625, 0.075, 0.7124999999999999, 0.8562500000000001]",3f99074b3ff22404bf43cfb0ac8242ec43f955eb9b10255809010eb8658371c8,847,763
test_cat_2d198a939e46cf98_0,2d198a939e46cf98,data/processed_clean/test/cat/test_cat_2d198a939e46cf98_0.jpg,cat,1,train,"[0.45310014, 0.1987705, 0.10810810999999998, 0.25204917000000004]",97df2e1f620d8ec0fe388bd262a2043327af346b298f2a58763050f81e832f3e,129,232
test_cat_2e71a8791610c237_0,2e71a8791610c237,data/processed_clean/test/cat/test_cat_2e71a8791610c237_0.jpg,cat,1,train,"[0.23529412, 0.43890676, 0.5354969300000001, 0.22025723999999997]",d19025c4d54e50ae6f5f52006459a12a1de7d73aea81eafffd6daef83c165f03,505,262
test_cat_2e908d2d78ca538d_0,2e908d2d78ca538d,data/processed_clean/test/cat/test_cat_2e908d2d78ca538d_0.jpg,cat,1,train,"[0.033873342, 0.12638581, 0.804123758, 0.8736141900000001]",497366f08e555916b2062e286051753cfbef995f5c9061559d56c5bfedeaa3a9,924,643
test_cat_2e93e2885c0827d2_0,2e93e2885c0827d2,data/processed_clean/test/cat/test_cat_2e93e2885c0827d2_0.jpg,cat,1,train,"[0.02660407, 0.075, 0.85446013, 0.925]",db0f1461de0ff3db0e5068ebb2b50c8227758847a70cfa3e320a7558615f69f5,972,769
test_cat_2fa536c7a51fa047_0,2fa536c7a51fa047,data/processed_clean/test/cat/test_cat_2fa536c7a51fa047_0.jpg,cat,1,train,"[0.027083334, 0.20555556, 0.7729166660000001, 0.69722224]",e43e8cf6f7ac8e863e20b453c4e6c369c7549af99de7e03f5424a5e4128bbfde,883,621
test_cat_302702f7bebac30f_0,302702f7bebac30f,data/processed_clean/test/cat/test_cat_302702f7bebac30f_0.jpg,cat,1,train,"[0.134375, 0.39791667, 0.6515624999999999, 0.52291668]",b3b4980242318a67ebdb8060bf04f18a1f2322f8b1bf1bdb7a13299a9a15fe54,774,466
test_cat_3075e899a8d2ef86_0,3075e899a8d2ef86,data/processed_clean/test/cat/test_cat_3075e899a8d2ef86_0.jpg,cat,1,train,"[0.1671875, 0.12708333, 0.671875, 0.7708333700000001]",bdff72bfcd7cd45af9c269cb03807dc53bc10e8a8f7dfb585ddd806ba4c8fca6,798,687
test_cat_3161b69db01591e2_0,3161b69db01591e2,data/processed_clean/test/cat/test_cat_3161b69db01591e2_0.jpg,cat,1,train,"[0.0, 0.0, 0.8955696, 0.98556703]",54dd9ef09d5810d99eaed90b73b6c927ac9caca8e9ecaf0cd806d7fbd3ea459c,990,787
test_cat_340f429a3d6dfbab_0,340f429a3d6dfbab,data/processed_clean/test/cat/test_cat_340f429a3d6dfbab_0.jpg,cat,1,train,"[0.05625, 0.25625, 0.8359375, 0.68333336]",a6d15f88ac893ea1c4920fd9355e7e9ca2f0cefedc43cc14118e6a2b0e90285a,982,609
test_cat_342c0c4f38532117_0,342c0c4f38532117,data/processed_clean/test/cat/test_cat_342c0c4f38532117_0.jpg,cat,1,train,"[0.04375, 0.0109375, 0.93958335, 0.9671875]",47ffcdf3ea25cf38fd6a7c701025c213924e6fea9029c2542f223be639978754,768,1024
test_cat_34b0fb7c57c11e3b_0,34b0fb7c57c11e3b,data/processed_clean/test/cat/test_cat_34b0fb7c57c11e3b_0.jpg,cat,1,train,"[0.0, 0.0, 1.0, 1.0]",97b07bcfc3932ea8a648104b1e75b2755a4da8a74bba47c8a6c36f6c4560b63e,1024,768
test_cat_34e3a3602aff3c7d_0,34e3a3602aff3c7d,data/processed_clean/test/cat/test_cat_34e3a3602aff3c7d_0.jpg,cat,1,train,"[0.028125, 0.0, 0.971875, 1.0]",7475fe438900944e4c6d440fe350d5184cd21c63d26ce8b229adc3ccb98b561d,1024,768
test_cat_359ee5f482872afd_0,359ee5f482872afd,data/processed_clean/test/cat/test_cat_359ee5f482872afd_0.jpg,cat,1,train,"[0.036101084, 0.03429603, 0.779783416, 0.91877257]",3b192e8f3530d4a96d1c4cb9daa988324af8ecfd5f79d9df1b937a2ec90c420a,899,1024
test_cat_3601922acfc80330_0,3601922acfc80330,data/processed_clean/test/cat/test_cat_3601922acfc80330_0.jpg,cat,1,train,"[0.0018115942, 0.0018018018, 0.9981884058, 0.9981981982]",91e8234746d10afc0e6abbdd983a3a9a82b07259117b244c85c1186fc0cf86ed,1018,1024
test_cat_365ed10eaae7141a_0,365ed10eaae7141a,data/processed_clean/test/cat/test_cat_365ed10eaae7141a_0.jpg,cat,1,train,"[0.0, 0.0, 0.48895434, 0.9977827]",a483cf070c1154cf542b4453ab80025b3047119ee264a5eecd683cef551f4e95,541,681
test_cat_37838ec82ceea001_0,37838ec82ceea001,data/processed_clean/test/cat/test_cat_37838ec82ceea001_0.jpg,cat,1,train,"[0.0, 0.0, 0.74375, 1.0]",23a588c11bbdcc4cee8991a9eb6877ddb86d361ce9eb5e6d847ccd30a4a4d4ea,823,768
test_cat_38c094572f37fb6f_0,38c094572f37fb6f,data/processed_clean/test/cat/test_cat_38c094572f37fb6f_0.jpg,cat,1,train,"[0.0, 0.0, 1.0, 1.0]",cd3a4913c48aa4ab65763efc9f40086cfc4991a96ea00cda92830d8c1b76d82b,1024,1024
test_cat_3907f9531d6b2174_0,3907f9531d6b2174,data/processed_clean/test/cat/test_cat_3907f9531d6b2174_0.jpg,cat,1,train,"[0.0, 0.2819277, 0.5623306, 0.62650604]",6eea5c9cd6138a9a341f8946b08068e6251b19eb93bb8cc2ec8168dc22e7fa49,622,418
test_cat_39266888cec0a7b6_0,39266888cec0a7b6,data/processed_clean/test/cat/test_cat_39266888cec0a7b6_0.jpg,cat,1,train,"[0.1921875, 0.0, 0.8078125, 0.99791664]",c162a5c4e4f0b918734ec2210caef90c2535ade9ad6ea96dde57534c664cabb1,893,768
test_cat_3a9f9e058de4e843_0,3a9f9e058de4e843,data/processed_clean/test/cat/test_cat_3a9f9e058de4e843_0.jpg,cat,1,train,"[0.1390625, 0.0, 0.65, 1.0]",2f0fd15da6de90fc9fb0f4d087ded6924401440a7e9e97ecce742bf8e1fd278c,772,768
test_cat_3b11cab6188cd0e8_0,3b11cab6188cd0e8,data/processed_clean/test/cat/test_cat_3b11cab6188cd0e8_0.jpg,cat,1,train,"[0.0, 0.0, 0.7935103, 1.0]",781e84ad956c7b7c9db903e10d86db3aada09aefe724baa29499312d8123d691,878,683
test_cat_3b953530d59d434c_1,3b953530d59d434c,data/processed_clean/test/cat/test_cat_3b953530d59d434c_1.jpg,cat,1,train,"[0.08122744, 0.4368231, 0.83935021, 0.5631769]",63ec631a89146f4b3e263d6f36e6c61a83ce201889140f19bfd636827b20e690,997,623
test_cat_3dff3fb317ff6bc1_0,3dff3fb317ff6bc1,data/processed_clean/test/cat/test_cat_3dff3fb317ff6bc1_0.jpg,cat,1,train,"[0.07039711, 0.025270758, 0.86642599, 0.974729242]",f3f81aaab25e13bd287856448838138c44458229180f34e6d2293e12675e514f,1023,1024
test_cat_3e7437af6b15b9df_0,3e7437af6b15b9df,data/processed_clean/test/cat/test_cat_3e7437af6b15b9df_0.jpg,cat,1,train,"[0.16341463, 0.12433155, 0.71219513, 0.79946525]",861cffe3acb1704bea87e0667054cc02906994187c5c173b9d51c855d7a5142b,464,949
test_cat_3eefc87b39fc86a6_0,3eefc87b39fc86a6,data/processed_clean/test/cat/test_cat_3eefc87b39fc86a6_0.jpg,cat,1,train,"[0.0, 0.0022123894, 0.9985251, 0.9977876106]",2564b3d41a73ef79ef324bf1fc462eeb2857c19c8b723e83bba0c5d2b7107b13,1024,683
test_cat_40118e68097b1a16_0,40118e68097b1a16,data/processed_clean/test/cat/test_cat_40118e68097b1a16_0.jpg,cat,1,train,"[0.0, 0.0, 1.0, 1.0]",78c02c893033db74567f965d8ba7acb2a5f4d9c60ca1725a319da620f666685a,1024,768
test_cat_4026314886cb0ca8_0,4026314886cb0ca8,data/processed_clean/test/cat/test_cat_4026314886cb0ca8_0.jpg,cat,1,train,"[0.0, 0.010434783, 1.0, 0.989565217]",d77cfa8accc7f4350770433b540a5e62c1355557eba6fcfa57a658af014f8163,686,1024
test_cat_402ec7eb19a9b990_0,402ec7eb19a9b990,data/processed_clean/test/cat/test_cat_402ec7eb19a9b990_0.jpg,cat,1,train,"[0.0, 0.0, 1.0, 1.0]",2853d77605372e48770553e7799eca4843c00b641964ebf47effef594ba6a584,1024,681
test_cat_408f23e2f15b31d4_0,408f23e2f15b31d4,data/processed_clean/test/cat/test_cat_408f23e2f15b31d4_0.jpg,cat,1,train,"[0.1075, 0.055555556, 0.8125, 0.858333344]",d9bfdd50604b14320b5941269d7ee1ad062b46554eba569ef5b87f62e91f81b7,965,906
test_cat_410b6cd3a0657bbe_0,410b6cd3a0657bbe,data/processed_clean/test/cat/test_cat_410b6cd3a0657bbe_0.jpg,cat,1,train,"[0.0, 0.0, 0.925, 0.8625]",1540de3c71e82ec5a87ada723793031e8389a6db19c41de8f73f31514176c0d4,1023,715
test_cat_41cb695195f705e3_0,41cb695195f705e3,data/processed_clean/test/cat/test_cat_41cb695195f705e3_0.jpg,cat,1,train,"[0.1453125, 0.03125, 0.41250000000000003, 0.96875]",2f73a6bb51a11bb689905e1771592fe13a2340d5b15512a7096f41122dd4550e,490,768
test_cat_41e8b495221c60de_0,41e8b495221c60de,data/processed_clean/test/cat/test_cat_41e8b495221c60de_0.jpg,cat,1,train,"[0.0046875, 0.0, 0.9953125, 1.0]",3ae25f02cc528c34d7b98bdad3126fe7d7b39ff7df6740bd2149189907c2b0f6,1024,768
test_cat_433b1019e2b38c86_0,433b1019e2b38c86,data/processed_clean/test/cat/test_cat_433b1019e2b38c86_0.jpg,cat,1,train,"[0.0, 0.0, 0.8203125, 1.0]",28383cc41651cafa0fd61fbad024c691d70bdd991bcf301cde9577dc237163a7,907,768
test_cat_43f0c92c88e51a84_0,43f0c92c88e51a84,data/processed_clean/test/cat/test_cat_43f0c92c88e51a84_0.jpg,cat,1,train,"[0.0, 0.12916666, 0.778125, 0.8291666400000001]",3da0c63e7a63f95c62446e716ad1655613ff6a55816512ae183e764370ff5ca6,861,720
test_cat_466e41c35e268820_0,466e41c35e268820,data/processed_clean/test/cat/test_cat_466e41c35e268820_0.jpg,cat,1,train,"[0.07644306, 0.0, 0.92355694, 1.0]",c10b373c199e34b4e250255650fd3b91c2b615773c58c0325fd8c1e205976450,1021,765
test_cat_4710b2de9d1b7e37_0,4710b2de9d1b7e37,data/processed_clean/test/cat/test_cat_4710b2de9d1b7e37_0.jpg,cat,1,train,"[0.05304212, 0.0, 0.94695788, 1.0]",4a55b6e0b594fe7f2c3a704bf08d76b0fc6228cc8fba8d3ed2c997fb28fbe39b,1024,765
test_cat_4765ca9c5ab26b14_0,4765ca9c5ab26b14,data/processed_clean/test/cat/test_cat_4765ca9c5ab26b14_0.jpg,cat,1,train,"[0.22418879, 0.0, 0.77581121, 1.0]",d2064907ac64246a1a40ad763cb09079710f9962b11a10811435136c4f2f9ec7,858,683
test_cat_4770e9bc3023065a_0,4770e9bc3023065a,data/processed_clean/test/cat/test_cat_4770e9bc3023065a_0.jpg,cat,1,train,"[0.0, 0.0, 1.0, 1.0]",e3be95c0c83fa79c868bd3def6213fd7a4246fa065a1920b34814078bc2ffa00,1024,788
test_cat_47856da5a73dfbd7_0,47856da5a73dfbd7,data/processed_clean/test/cat/test_cat_47856da5a73dfbd7_0.jpg,cat,1,train,"[0.0, 0.0, 1.0, 1.0]",2959d5f376d0e4449afb7e051fed5d4c7268f74e5b449ad97bd0cfbf618bd5e5,1024,683
test_cat_47a01ae352237ed4_0,47a01ae352237ed4,data/processed_clean/test/cat/test_cat_47a01ae352237ed4_0.jpg,cat,1,train,"[0.31019202, 0.10816777, 0.49187592, 0.63576163]",a988c902e029ee85ffbfd59dbfe685c09fd1988ca7b04c619880bd2007e7b617,585,505
test_cat_48b1dbd33bf0485d_0,48b1dbd33bf0485d,data/processed_clean/test/cat/test_cat_48b1dbd33bf0485d_0.jpg,cat,1,train,"[0.065318815, 0.27672955, 0.855365485, 0.49895175]",a37065b16bbc8258050467ef63711fb63be78a5043e4e7533494d6c3d6377308,1013,441
test_cat_49b8f40d3cc801ad_0,49b8f40d3cc801ad,data/processed_clean/test/cat/test_cat_49b8f40d3cc801ad_0.jpg,cat,1,train,"[0.0, 0.2359375, 0.90416664, 0.5968749999999999]",159c52150de70ec128d2bb32838f0a0b06ce27d112a181a907f9a9ee008c833c,750,709
test_cat_4adaf99870705b25_0,4adaf99870705b25,data/processed_clean/test/cat/test_cat_4adaf99870705b25_0.jpg,cat,1,train,"[0.0, 0.0203125, 1.0, 0.9796875]",7fce0ee2c2e4715977a456adf44f7176369ca76b9e4611853e8bfde38dc7e1b3,768,1024
test_cat_4b8fe9ef78727bf3_0,4b8fe9ef78727bf3,data/processed_clean/test/cat/test_cat_4b8fe9ef78727bf3_0.jpg,cat,1,train,"[0.0, 0.0939759, 0.80108255, 0.9060241]",42eb6c53f0f25aafc0642a25375e8c63276da8875b98a41adf14d9be52a2750f,886,564
test_cat_4cf3d95bccb1f6ee_0,4cf3d95bccb1f6ee,data/processed_clean/test/cat/test_cat_4cf3d95bccb1f6ee_0.jpg,cat,1,train,"[0.0, 0.0, 0.7758112, 0.99557525]",dca97bfb5261a03d33b68e8f3b588e8df4687f8f629b5668ccd556acfc492ca2,858,683
test_cat_50bf790cf497dd92_1,50bf790cf497dd92,data/processed_clean/test/cat/test_cat_50bf790cf497dd92_1.jpg,cat,1,train,"[0.41911766, 0.05986696, 0.43970588000000005, 0.93791574]",240e5272bc76ce9862cdf3db4b598f900024cef22b4a81c4c7c1dcb946f3e003,522,680
test_cat_5118b5f18517537b_0,5118b5f18517537b,data/processed_clean/test/cat/test_cat_5118b5f18517537b_0.jpg,cat,1,train,"[0.1046875, 0.0, 0.47656250000000006, 1.0]",508ff652e6693d68a8bc0d49bbd80af13b0d90984f80c31dcc76656877b68018,566,768
test_cat_511d3f6782eaedf2_0,511d3f6782eaedf2,data/processed_clean/test/cat/test_cat_511d3f6782eaedf2_0.jpg,cat,1,train,"[0.0, 0.0, 1.0, 1.0]",f7cb2d50501cbfa55846e6f44676d6c257914196fb56977c248e7b1605fdcca1,1024,768
test_cat_52080617389a5e12_0,52080617389a5e12,data/processed_clean/test/cat/test_cat_52080617389a5e12_0.jpg,cat,1,train,"[0.0015625, 0.0, 0.9984375, 1.0]",0dcc9d441f7a0e4e49f3d5c57b41edc6ba8f054cc7ea139c7b921a6dac9bac3a,1024,768
test_cat_530a59073149a771_0,530a59073149a771,data/processed_clean/test/cat/test_cat_530a59073149a771_0.jpg,cat,1,train,"[0.13053097, 0.17256637, 0.59734513, 0.7522123900000001]",b101d356be62c929d55b203ed492ffd91f577b360638c138ef876023aa8f55ec,474,894
test_cat_53bb7b316bcf14a1_0,53bb7b316bcf14a1,data/processed_clean/test/cat/test_cat_53bb7b316bcf14a1_0.jpg,cat,1,train,"[0.036764707, 0.04255319, 0.963235293, 0.95744681]",a4a7d49e3753858363d0e7f9568ff8761552059a7453d954c3f5d1bc078c4a39,988,1024
test_cat_54794c05586a2c14_0,54794c05586a2c14,data/processed_clean/test/cat/test_cat_54794c05586a2c14_0.jpg,cat,1,train,"[0.1460177, 0.09955752, 0.7153392, 0.69911504]",c35384e51d0743e02258f797e959fc3892d667e5394e499702b174380e50f824,850,554
test_cat_55649a5d54e2bd7a_0,55649a5d54e2bd7a,data/processed_clean/test/cat/test_cat_55649a5d54e2bd7a_0.jpg,cat,1,train,"[0.028023599, 0.0022123894, 0.955752201, 0.9955752106]",6cd5e9cad188037e7e0c19b88f802febb3f0be9c57722a6dfd0e186b626806fa,1024,684
test_cat_55d3576d4da19c99_0,55d3576d4da19c99,data/processed_clean/test/cat/test_cat_55d3576d4da19c99_0.jpg,cat,1,train,"[0.29985228, 0.200883, 0.30280652, 0.7549669]",57c395a6d21821eb89730a5ee12d6b5d9d2874a6ab1675fe3cb2e88e0bd31d31,360,589
test_cat_566a21a1ec1e2a47_0,566a21a1ec1e2a47,data/processed_clean/test/cat/test_cat_566a21a1ec1e2a47_0.jpg,cat,1,train,"[0.0, 0.043290045, 0.8755656, 0.956709955]",fd819e640c206c2b280a547d54c7929c148b46f6e9e4f8152b2b9d5c830df811,618,1024
test_cat_56faf63600778748_0,56faf63600778748,data/processed_clean/test/cat/test_cat_56faf63600778748_0.jpg,cat,1,train,"[0.05743741, 0.006651885, 0.70397649, 0.993348115]",f865bed5219a1835b2970f9f38f2675fdf9e69f92e7989c32b28e6176ad579be,836,681
test_cat_58e32b1be1a8b5b4_0,58e32b1be1a8b5b4,data/processed_clean/test/cat/test_cat_58e32b1be1a8b5b4_0.jpg,cat,1,train,"[0.0, 0.0, 0.875, 1.0]",d13ec95cbe5f2f4197ad362e7bdc6383087bf649c53319898f0f47ff4acb80c2,968,768
test_cat_59ea6adc8f093fa0_0,59ea6adc8f093fa0,data/processed_clean/test/cat/test_cat_59ea6adc8f093fa0_0.jpg,cat,1,train,"[0.0140625, 0.0, 0.9859375, 0.8541667]",fc4d2e99d9d530121418b6c8d44dd8974b95744b9a5893fa6c7a5a6f55c01075,1024,708
test_cat_5b0c9af2803addc2_0,5b0c9af2803addc2,data/processed_clean/test/cat/test_cat_5b0c9af2803addc2_0.jpg,cat,1,train,"[0.0, 0.0375, 0.709375, 0.9625]",fbfc9fc870c195935a81b38bcb4ed48385956986de9126eada40f3395c077411,785,768
test_cat_5b87fe3dc049e0d3_0,5b87fe3dc049e0d3,data/processed_clean/test/cat/test_cat_5b87fe3dc049e0d3_0.jpg,cat,1,train,"[0.014440433, 0.08483755, 0.985559567, 0.91516245]",945de34fe5e8218e2fc39d07ff790162c079a1cbf37bd5c2165195d241ed3985,1024,1012
test_cat_5c6afbf283d1b1be_0,5c6afbf283d1b1be,data/processed_clean/test/cat/test_cat_5c6afbf283d1b1be_0.jpg,cat,1,train,"[0.179941, 0.081858404, 0.820059, 0.918141596]",adb917654ece9ae05819d3a2943f1205662269f9a07f45e67bb312701576bdd9,907,678
test_cat_5ca655917acee913_0,5ca655917acee913,data/processed_clean/test/cat/test_cat_5ca655917acee913_0.jpg,cat,1,train,"[0.0, 0.0, 0.978125, 1.0]",8c02a869db4e5ceac9a76c1228226c78f69090a318a427c15baa3b6e10c2634b,1024,768
test_cat_5e99d307339cecae_0,5e99d307339cecae,data/processed_clean/test/cat/test_cat_5e99d307339cecae_0.jpg,cat,1,train,"[0.2171875, 0.027083334, 0.55625, 0.972916666]",a721a0bf725d85c94131d6a219534e4eabd26abd6182197b251d2b26e1f7e2dd,661,768
test_cat_5ef00b088d73e9c5_0,5ef00b088d73e9c5,data/processed_clean/test/cat/test_cat_5ef00b088d73e9c5_0.jpg,cat,1,train,"[0.18362832, 0.016224189, 0.81637168, 0.983775811]",d7fd4114f9c9e24a61664ac73584de7c807351a25aa73a2f4235e3c3c1ca36b4,602,1024
test_cat_604546966837bdb6_1,604546966837bdb6,data/processed_clean/test/cat/test_cat_604546966837bdb6_1.jpg,cat,1,train,"[0.5611193, 0.17920354, 0.43740789999999996, 0.67256636]",7e83f4c366231a690800272be248523bdf5d490c93d620e31d8e0bdd796fe7d1,485,532
test_cat_60f4752a2fdb1664_0,60f4752a2fdb1664,data/processed_clean/test/cat/test_cat_60f4752a2fdb1664_0.jpg,cat,1,train,"[0.0, 0.0, 1.0, 0.9458333]",c4a773852071d54cf384883542088f17b401b451b4cae893040e77b78084796f,1024,768
test_cat_62c155d596eb133f_0,62c155d596eb133f,data/processed_clean/test/cat/test_cat_62c155d596eb133f_0.jpg,cat,1,train,"[0.24889544, 0.06430155, 0.75110456, 0.84700665]",1655aa13feedd3461e0bb87a706e1a3fee1b9995b167be98f571421df1762808,831,667
test_cat_6370fbb3697d21eb_0,6370fbb3697d21eb,data/processed_clean/test/cat/test_cat_6370fbb3697d21eb_0.jpg,cat,1,train,"[0.0, 0.18584071, 0.8541973, 0.81415929]",80e419f9145e10cab12884265ead160e0d1e85c066c6cc2e9f1249e0aa0bd49c,945,600
test_cat_637364d5847bbad9_0,637364d5847bbad9,data/processed_clean/test/cat/test_cat_637364d5847bbad9_0.jpg,cat,1,train,"[0.0, 0.0, 0.8788774, 0.8300221]",30834681f7bb59bcc2911161597ffe62f7977349de63117db5a81aa424e6938b,972,614
test_cat_6393e5f873aa5de5_0,6393e5f873aa5de5,data/processed_clean/test/cat/test_cat_6393e5f873aa5de5_0.jpg,cat,1,train,"[0.10726073, 0.0, 0.87788777, 1.0]",8ca90620e84c1ee592f919ed0153142b4ce640c5fb54b7e54d4a78de39cbcbf9,986,854
test_cat_640de5e23beef372_0,640de5e23beef372,data/processed_clean/test/cat/test_cat_640de5e23beef372_0.jpg,cat,1,train,"[0.032448377, 0.19911504, 0.684365783, 0.75442481]",a7edbee2ebd5942c1b0a29cf3e01b6b263b57a29f0ae21fe1bf45c5fe2ab0092,790,588
test_cat_64103c4b84b9a880_0,64103c4b84b9a880,data/processed_clean/test/cat/test_cat_64103c4b84b9a880_0.jpg,cat,1,train,"[0.1234375, 0.31875, 0.4859375, 0.68125]",7b6df20adcff7204d7287a4ea87582a8e653b7cbe29bf509fb5ae3fd71cd937f,577,565
test_cat_6412b564cd6a8443_0,6412b564cd6a8443,data/processed_clean/test/cat/test_cat_6412b564cd6a8443_0.jpg,cat,1,train,"[0.165625, 0.0, 0.6, 1.0]",7fb66a83cea85a2acdb3a6dcea382e69aad3b836072bb343126d88d2025971f5,713,768
test_cat_64604c6be9624926_0,64604c6be9624926,data/processed_clean/test/cat/test_cat_64604c6be9624926_0.jpg,cat,1,train,"[0.140625, 0.10625, 0.859375, 0.8083333]",4b06694d995d37d9351c2fbdcb80f5b95d26ef6fd61328788f12d99410e1fd5f,950,720
test_cat_6518fce105f9e19c_0,6518fce105f9e19c,data/processed_clean/test/cat/test_cat_6518fce105f9e19c_0.jpg,cat,1,train,"[0.085365854, 0.0, 0.914634146, 1.0]",959358d70dd6f1473ebfb6c3a67e6f61e3215c8cba17943007412fe99e3fbf03,1012,731
test_cat_6637aeda749e3614_0,6637aeda749e3614,data/processed_clean/test/cat/test_cat_6637aeda749e3614_0.jpg,cat,1,train,"[0.0, 0.0, 1.0, 1.0]",5d965436a586936f5c3dd7e4b3946be62d2f4509bdc7d8d1cc8761531d57340e,1024,768
test_cat_689e17ccd947491c_0,689e17ccd947491c,data/processed_clean/test/cat/test_cat_689e17ccd947491c_0.jpg,cat,1,train,"[0.053125, 0.0020833334, 0.946875, 0.9958333066]",c08d15dea228641e9558cae35cff6da760b8aa9a42bbe1c4f27bd40fd49c4a4b,1024,768
test_cat_68fc56b5b09c8545_0,68fc56b5b09c8545,data/processed_clean/test/cat/test_cat_68fc56b5b09c8545_0.jpg,cat,1,train,"[0.06875, 0.0765625, 0.88541665, 0.84375]",7eec6b3dfaa548acd73d8aae8294f503b649f8a42a426ab8e695d9ca50b63814,768,1003
test_cat_69f01c3ba009ac96_0,69f01c3ba009ac96,data/processed_clean/test/cat/test_cat_69f01c3ba009ac96_0.jpg,cat,1,train,"[0.0, 0.0, 1.0, 1.0]",9eb85f478e43d0670ef812d81c04c35d0a8619fffa2956b365020004d4425355,1024,768
test_cat_69f955b20c4aae30_0,69f955b20c4aae30,data/processed_clean/test/cat/test_cat_69f955b20c4aae30_0.jpg,cat,1,train,"[0.0, 0.015486726, 0.99115044, 0.984513274]",b090a3c6b7e51a76fd5a5763d8a46c61bedc36cd1765078c5c5392c7079d09be,1024,683
test_cat_6aa407f3acf1c0cc_0,6aa407f3acf1c0cc,data/processed_clean/test/cat/test_cat_6aa407f3acf1c0cc_0.jpg,cat,1,train,"[0.053125, 0.0, 0.946875, 0.95]",5015fd0972c3c9f3415a12010f5bff6be18f23486dbb463d0945053e148dc370,1024,768
test_cat_6b9d3856e1f5b1cc_0,6b9d3856e1f5b1cc,data/processed_clean/test/cat/test_cat_6b9d3856e1f5b1cc_0.jpg,cat,1,train,"[0.0, 0.0, 1.0, 1.0]",dc8613f8cd51d8e1b15d342bb07c79d23a63792f91ae676e070799acc9098cc8,1024,768
test_cat_6c195e7c6aa1c0e5_0,6c195e7c6aa1c0e5,data/processed_clean/test/cat/test_cat_6c195e7c6aa1c0e5_0.jpg,cat,1,train,"[0.42027026, 0.0, 0.40675673999999995, 1.0]",01b83f0b4c189a1e37b6520eade17519d16365acfdc86ad90c8fe2cd3fab7c02,483,574
test_cat_6c2259924e6160c1_0,6c2259924e6160c1,data/processed_clean/test/cat/test_cat_6c2259924e6160c1_0.jpg,cat,1,train,"[0.050541516, 0.037906136, 0.785198584, 0.880866464]",94b03a1ac67caff4de785eb8482b2349e6fc3b9dd9231a09eec3da6379b7bb8d,920,1013
test_cat_6c29933ec8698de5_0,6c29933ec8698de5,data/processed_clean/test/cat/test_cat_6c29933ec8698de5_0.jpg,cat,1,train,"[0.0, 0.03539823, 0.9454277, 0.96460177]",154f8b549363689edf4588c7dc78bd6037cba7e9a4b9d2b16f475adb7a96b311,1024,683
test_cat_6cb77d0b00b00628_0,6cb77d0b00b00628,data/processed_clean/test/cat/test_cat_6cb77d0b00b00628_0.jpg,cat,1,train,"[0.2315951, 0.029787235, 0.7684049, 0.970212765]",2fe21dcc7dde1936d0b4b6116c22134124689b76299590c27d49d46e278570be,850,738
test_cat_6d42ce1d79d3c7bd_0,6d42ce1d79d3c7bd,data/processed_clean/test/cat/test_cat_6d42ce1d79d3c7bd_0.jpg,cat,1,train,"[0.0, 0.29791668, 0.9484375, 0.48749998]",cd475b1484548522977b07e794606e521d8df1bc2913465b7206057ad6fa7e42,1024,434
test_cat_6dc99f3894b86d20_0,6dc99f3894b86d20,data/processed_clean/test/cat/test_cat_6dc99f3894b86d20_0.jpg,cat,1,train,"[0.0, 0.0, 0.9306785, 1.0]",0ae1a27e776ddb37044c13a454cea556f25fabe936f20f3309ad83b43a76baf8,1024,683
test_cat_6e4bfaae84b8d107_0,6e4bfaae84b8d107,data/processed_clean/test/cat/test_cat_6e4bfaae84b8d107_0.jpg,cat,1,train,"[0.2140845, 0.06712963, 0.47183096999999996, 0.9328703700000001]",74a54d389e68a49492c0ba7216229155ed79d8409f375a5d265bf59a6540e7c6,560,624
test_cat_6e8416e20b4c7668_1,6e8416e20b4c7668,data/processed_clean/test/cat/test_cat_6e8416e20b4c7668_1.jpg,cat,1,train,"[0.45427728, 0.23893805, 0.45870208, 0.67920355]",6c3aec1200920346c46b8f57beda1511e9ebe5a6304c1c2932c718679d839ffd,544,538
test_cat_6f50beea2a3c8e39_1,6f50beea2a3c8e39,data/processed_clean/test/cat/test_cat_6f50beea2a3c8e39_1.jpg,cat,1,train,"[0.409375, 0.18541667, 0.346875, 0.81249997]",7f73bea27ff0dfece7b7fc083c5d1ca17455cdaaf70f02a87aa7e25151416636,412,676
test_cat_6fa3618f5c349941_0,6fa3618f5c349941,data/processed_clean/test/cat/test_cat_6fa3618f5c349941_0.jpg,cat,1,train,"[0.0, 0.0, 0.9707692, 1.0]",747ea241bc150cbb2880081c71e055cb23f0d5e679ba85b7d39eeda7341870c5,1024,743
test_cat_70769e6e06cb1c4d_0,70769e6e06cb1c4d,data/processed_clean/test/cat/test_cat_70769e6e06cb1c4d_0.jpg,cat,1,train,"[0.12371134, 0.0, 0.87481586, 1.0]",03fdda04a75ff46db469a97aeb7bd1721c54b3e1f44ee7ab90a9cbe4ac01798f,969,681
test_cat_71292659fa121a41_0,71292659fa121a41,data/processed_clean/test/cat/test_cat_71292659fa121a41_0.jpg,cat,1,train,"[0.33038348, 0.092920355, 0.64749262, 0.579645995]",8353d4d964389f8acff4d6912ec92da25d19140f38853732c7adf5c5ced594b4,739,459
test_cat_713d733f78b82d47_0,713d733f78b82d47,data/processed_clean/test/cat/test_cat_713d733f78b82d47_0.jpg,cat,1,train,"[0.1597633, 0.017621145, 0.58875743, 0.982378855]",8d8f37560deef96128c56f8ae30eef35d66219a115acb80a2006799a4fb371c9,700,687
test_cat_7214b3d165f6f448_0,7214b3d165f6f448,data/processed_clean/test/cat/test_cat_7214b3d165f6f448_0.jpg,cat,1,train,"[0.0, 0.054166667, 1.0, 0.9458333329999999]",1fe07e59e501deedd320b9d7c006043db206e867a1ae9eb3faa38fbe44779ad8,1024,768
test_cat_73af5ab6dc9adbe2_0,73af5ab6dc9adbe2,data/processed_clean/test/cat/test_cat_73af5ab6dc9adbe2_0.jpg,cat,1,train,"[0.22008863, 0.0, 0.77991137, 1.0]",b974611f56da6f2067be5643f8a93609efc45e5a0ceb68ec968df0383d0110d2,863,685
test_cat_7402a07683d9475f_0,7402a07683d9475f,data/processed_clean/test/cat/test_cat_7402a07683d9475f_0.jpg,cat,1,train,"[0.0, 0.0020833334, 1.0, 0.9979166666]",bb18315229d7beab144ddad8db0c2627140d12ac1969aa2e564bcd64d850ffa2,1024,768
test_cat_7497c74324998e8f_0,7497c74324998e8f,data/processed_clean/test/cat/test_cat_7497c74324998e8f_0.jpg,cat,1,train,"[0.0, 0.0, 1.0, 1.0]",921f955b0468b28e10aa158e0fdedf0180070c75beb661c0e10295845aec5a0c,1024,943
test_cat_76596e4a364fd50e_0,76596e4a364fd50e,data/processed_clean/test/cat/test_cat_76596e4a364fd50e_0.jpg,cat,1,train,"[0.11111111, 0.2358643, 0.88888889, 0.7641357]",5fa145e468d31f7a9992c8808e87172cc19dc51c692ad2745793bcb56c2609f9,786,845
test_cat_76a16e31ffacfda7_0,76a16e31ffacfda7,data/processed_clean/test/cat/test_cat_76a16e31ffacfda7_0.jpg,cat,1,train,"[0.0, 0.0, 0.7310469, 0.7256318]",58146bd0f914b912d14b71ad660d9ba2c83c8bb9206f115f0a6c63b9ed834f9c,808,802
test_cat_7796986244462c56_0,7796986244462c56,data/processed_clean/test/cat/test_cat_7796986244462c56_0.jpg,cat,1,train,"[0.209375, 0.21041666, 0.6671875, 0.58958334]",47c98e03471ed7176b2f8fe7bc7760c10fe2c74e5c7b2be749dbb86cc93ef7be,792,526
test_cat_77be5aaf2dbe2a2c_0,77be5aaf2dbe2a2c,data/processed_clean/test/cat/test_cat_77be5aaf2dbe2a2c_0.jpg,cat,1,train,"[0.0, 0.0, 1.0, 1.0]",9d6e702a7402f55fc8b2d67eca6c986d742be0d685075c4a723dfc06ffd9f281,684,1024
test_cat_789f94a97582717f_0,789f94a97582717f,data/processed_clean/test/cat/test_cat_789f94a97582717f_0.jpg,cat,1,train,"[0.0, 0.0, 1.0, 1.0]",a6a3e2cc3dce3f1866823c7e4103baaddf695ca21f4d18cd21eab15f226c70ad,1024,895
test_cat_7ac355b44ccedaae_0,7ac355b44ccedaae,data/processed_clean/test/cat/test_cat_7ac355b44ccedaae_0.jpg,cat,1,train,"[0.0, 0.006637168, 1.0, 0.993362832]",6a42726f3b35d75138d005e71613a87d7e9a86c05c4f0cae67d4dabd5b077d38,1024,683
test_cat_7b8b83ce65bfa2d5_0,7b8b83ce65bfa2d5,data/processed_clean/test/cat/test_cat_7b8b83ce65bfa2d5_0.jpg,cat,1,train,"[0.0, 0.0, 1.0, 1.0]",953af19499be71468b1a489d829d642d2ffeb7f6fbc6369c09dd6915feb41f78,1024,768
test_cat_7c04003e5e5e4bb7_0,7c04003e5e5e4bb7,data/processed_clean/test/cat/test_cat_7c04003e5e5e4bb7_0.jpg,cat,1,train,"[0.23125, 0.09583333, 0.6984375, 0.90416667]",dfa993aada9bd74116bef599de260b7670c5853b6fc478df42ebafaedf0bee22,829,750
test_cat_7d0c8221ae913f3a_0,7d0c8221ae913f3a,data/processed_clean/test/cat/test_cat_7d0c8221ae913f3a_0.jpg,cat,1,train,"[0.17746913, 0.042283297, 0.74845677, 0.957716703]",50e884d6ed9bf38110dcedb951a5d621a419b841bfe7f0d650743fa46a92a095,889,749
test_cat_7d1ecaa360b6e480_0,7d1ecaa360b6e480,data/processed_clean/test/cat/test_cat_7d1ecaa360b6e480_0.jpg,cat,1,train,"[0.39175257, 0.0, 0.60824743, 1.0]",b9cef755909dcadeea3752db939fe56eb00057103bd1da08b033a86eb98464cb,673,680
test_cat_7e102636e7abfc43_0,7e102636e7abfc43,data/processed_clean/test/cat/test_cat_7e102636e7abfc43_0.jpg,cat,1,train,"[0.0015649452, 0.16666667, 0.9687010948000001, 0.83333333]",9127c1770167cf3963063cc3df9f9a929f2742a22655e91be1aa42c80aa29597,1024,692
test_cat_7edf7963e52fc54c_0,7edf7963e52fc54c,data/processed_clean/test/cat/test_cat_7edf7963e52fc54c_0.jpg,cat,1,train,"[0.07175572, 0.0, 0.83969468, 1.0]",c9169895f44f4d141288c938e46ef87074b7bf2308f6416264e649c711f82c1f,997,732
test_cat_7f17d07dcc75de3a_0,7f17d07dcc75de3a,data/processed_clean/test/cat/test_cat_7f17d07dcc75de3a_0.jpg,cat,1,train,"[0.109375, 0.06458333, 0.7796875, 0.8979166700000001]",6a1bf16d63c62f119c7044be1717f4c0adc4a45330acdb9d9bd5371a2754f669,926,768
test_cat_80b95a8935913250_0,80b95a8935913250,data/processed_clean/test/cat/test_cat_80b95a8935913250_0.jpg,cat,1,train,"[0.0, 0.004601227, 1.0, 0.995398773]",7015171ab289879d6aafe55e30a2eda3652493d2710ccca8a420187050591713,739,1024
test_cat_82362d80d002229b_0,82362d80d002229b,data/processed_clean/test/cat/test_cat_82362d80d002229b_0.jpg,cat,1,train,"[0.17990655, 0.10474861, 0.82009345, 0.89525139]",f554808357078dcd9e011e201e585ac8e0d817a99f76837dd3db597eab3b69e6,542,990
test_cat_83fa478c3b912153_0,83fa478c3b912153,data/processed_clean/test/cat/test_cat_83fa478c3b912153_0.jpg,cat,1,train,"[0.11929308, 0.070953436, 0.59793812, 0.929046564]",4b8f1219254c6a40a9723b152f28bbcb89d25e38ee4e6aafb78c98c72eed113a,710,681
test_cat_843253b2f613251d_0,843253b2f613251d,data/processed_clean/test/cat/test_cat_843253b2f613251d_0.jpg,cat,1,train,"[0.0, 0.0, 1.0, 1.0]",6f4f1030d66977d7f3644f34916980311f3c006bc7af3ba10368d117ed87f1b3,1024,768
test_cat_85946b14b88d058e_0,85946b14b88d058e,data/processed_clean/test/cat/test_cat_85946b14b88d058e_0.jpg,cat,1,train,"[0.0, 0.0, 1.0, 1.0]",0a41cac0d7ab45eebb18faeb7c4769c96d874ea4e6ecfaa27952324f936c294b,1024,768
test_cat_864bf52bb2f1c3c5_0,864bf52bb2f1c3c5,data/processed_clean/test/cat/test_cat_864bf52bb2f1c3c5_0.jpg,cat,1,train,"[0.0, 0.0, 1.0, 1.0]",943289a1a5b50ef289fe7f23363dc2eca8b48bf0bb335c1d82ebcf451387770e,1024,680
test_cat_878459e2af3454e7_0,878459e2af3454e7,data/processed_clean/test/cat/test_cat_878459e2af3454e7_0.jpg,cat,1,train,"[0.0072202166, 0.27436823, 0.8339350134, 0.7238267]",c0029bfa29509ab1d64a557fd004d05a8fc0c81a0a30c9834e4e717c32d27254,930,802
test_cat_885cae61d7aeac40_0,885cae61d7aeac40,data/processed_clean/test/cat/test_cat_885cae61d7aeac40_0.jpg,cat,1,train,"[0.08559499, 0.0, 0.74112731, 0.9235569]",a17d454b5fa1a339a1917b44b35e1a0b3a6573f16a5cf65f3e44ea9870477998,658,1021
test_cat_88b54d1c4c59ac23_0,88b54d1c4c59ac23,data/processed_clean/test/cat/test_cat_88b54d1c4c59ac23_0.jpg,cat,1,train,"[0.0, 0.1367647, 0.9490022, 0.8632353]",872055a0f6e0fc7c0dce1763b3d6acca1bfe9e978f2ed645a823bbbe0ee55374,680,955
test_cat_894064372069dd20_0,894064372069dd20,data/processed_clean/test/cat/test_cat_894064372069dd20_0.jpg,cat,1,train,"[0.15735294, 0.0022172949, 0.83676466, 0.9977827051]",ff01f9f2b9fc187d3f136f08b0cc9077ac1ec6acd294bcf62a60b6e4a458a4a0,931,680
test_cat_897b96f7eb5410d8_0,897b96f7eb5410d8,data/processed_clean/test/cat/test_cat_897b96f7eb5410d8_0.jpg,cat,1,train,"[0.0, 0.0, 1.0, 1.0]",9ec1cc0f0f4b00feb7a137ce4359f8ddfede8133b94cc1b3ee64d8850fd33d76,730,1024
test_cat_89f24ade918c841b_0,89f24ade918c841b,data/processed_clean/test/cat/test_cat_89f24ade918c841b_0.jpg,cat,1,train,"[0.10191083, 0.3196931, 0.34904459, 0.370844]",12405d6bad661b8d059460daaeb8c67da67723d52cd938831fd21aadf1203d47,414,219
test_cat_8ab75af736d14735_0,8ab75af736d14735,data/processed_clean/test/cat/test_cat_8ab75af736d14735_0.jpg,cat,1,train,"[0.2953125, 0.38541666, 0.5, 0.50000004]",b79dc3a6619629ad425adc5ba66bab0128bb9b181b03083a0ee115902f826677,594,446
test_cat_8b6b61d74826b5ea_0,8b6b61d74826b5ea,data/processed_clean/test/cat/test_cat_8b6b61d74826b5ea_0.jpg,cat,1,train,"[0.086892486, 0.03982301, 0.913107514, 0.96017699]",5f24c86c73fd86a9ba4bc74bbee1710950a52614020ce3864b635d12b5efd943,1010,682
test_cat_8d6e292b0e7bb123_0,8d6e292b0e7bb123,data/processed_clean/test/cat/test_cat_8d6e292b0e7bb123_0.jpg,cat,1,train,"[0.079422385, 0.50541514, 0.31046929500000003, 0.20036101000000006]",02b739af675d2ee2d707127ffe0e673f875e95b60ee53777d3de0b983d19b7de,369,238
test_cat_8dd4ce788c43cc46_0,8dd4ce788c43cc46,data/processed_clean/test/cat/test_cat_8dd4ce788c43cc46_0.jpg,cat,1,train,"[0.0328125, 0.21666667, 0.9671875, 0.6729166799999999]",bb26b847efcdb973de20dcbd93436d259e9af6544c760dbd1c578ffcb9092cf0,1024,600
test_cat_8de8d77e2ca8fa2b_0,8de8d77e2ca8fa2b,data/processed_clean/test/cat/test_cat_8de8d77e2ca8fa2b_0.jpg,cat,1,train,"[0.165625, 0.06875, 0.765625, 0.8479167]",16c5290afd09da7dc416d7f2a15851dcf888c80307c60a4fb2a74ba48c7f7b32,909,755
test_cat_8e003fca9f06f06f_0,8e003fca9f06f06f,data/processed_clean/test/cat/test_cat_8e003fca9f06f06f_0.jpg,cat,1,train,"[0.0, 0.00625, 0.8890625, 0.99375]",a424880c090f713ee231884758d21fc23f00f97b8cd90f909a14998d6bf2bf89,983,768
test_cat_8e7847985669065b_0,8e7847985669065b,data/processed_clean/test/cat/test_cat_8e7847985669065b_0.jpg,cat,1,train,"[0.0, 0.016925247, 0.99769056, 0.983074753]",4fd48976fb4fcfd9f89d1f8026d4740eba5d0b5206dcc02bba79bdc6e261625b,625,1024
test_cat_8fad4a55b48d14c6_0,8fad4a55b48d14c6,data/processed_clean/test/cat/test_cat_8fad4a55b48d14c6_0.jpg,cat,1,train,"[0.15162455, 0.22743683, 0.81588448, 0.63176897]",504309f03d41dc0bd66f1c1779a2a5b7a3f1a80b5d205696d0e69be24f342fbb,936,751
test_cat_91ea1d7a4c7f4c0a_0,91ea1d7a4c7f4c0a,data/processed_clean/test/cat/test_cat_91ea1d7a4c7f4c0a_0.jpg,cat,1,train,"[0.0, 0.0, 1.0, 0.97291666]",698f249994bc288f0cecf104516d2cfa7e1bd0f8bd4cc2944b5b4cc5febd3a14,1024,768
test_cat_92049cf94ef40df0_0,92049cf94ef40df0,data/processed_clean/test/cat/test_cat_92049cf94ef40df0_0.jpg,cat,1,train,"[0.0, 0.023504274, 0.8460366, 0.974358956]",5b37fda99142fc1bc0c8d4bfd27bb86c51125d73b2f4d952e9501a6e56ff8d9b,936,731
test_cat_934f4a497abf345b_0,934f4a497abf345b,data/processed_clean/test/cat/test_cat_934f4a497abf345b_0.jpg,cat,1,train,"[0.0125, 0.059375, 0.9041667, 0.9390625]",dfa31ea9cdb0c26692d7e97c0b5184e87d3be485d7b75d219df36aacc2ad7c61,760,1024
test_cat_9543984b8ba4e8a4_0,9543984b8ba4e8a4,data/processed_clean/test/cat/test_cat_9543984b8ba4e8a4_0.jpg,cat,1,train,"[0.0, 0.0, 1.0, 1.0]",818a88e5bf296b59a630d1e8e2e175da30553e6115f66d1a34681339b51602d8,1024,768
test_cat_97169012eb621885_0,97169012eb621885,data/processed_clean/test/cat/test_cat_97169012eb621885_0.jpg,cat,1,train,"[0.1740413, 0.1880531, 0.7168141299999999, 0.7920354000000001]",b27a4b3e1a14edb3fad0cb2516d8b892d9496a80599e74dff45115cec7532e82,852,598
test_cat_98a1e07d6eb8dc47_0,98a1e07d6eb8dc47,data/processed_clean/test/cat/test_cat_98a1e07d6eb8dc47_0.jpg,cat,1,train,"[0.14791666, 0.17683882, 0.76666664, 0.82316118]",aa72d336f36e450af47a547a771487185a714f2edf977a75c3a492c01effeaaf,683,910
test_cat_98b195fcac98b793_0,98b195fcac98b793,data/processed_clean/test/cat/test_cat_98b195fcac98b793_0.jpg,cat,1,train,"[0.3453125, 0.0, 0.6546875, 0.92083335]",869c6e5867d69072c73a7756a018ed2e43bf6c37390cf8c6376283865c99e9b3,724,764
test_cat_993abcdfcc589f69_0,993abcdfcc589f69,data/processed_clean/test/cat/test_cat_993abcdfcc589f69_0.jpg,cat,1,train,"[0.0073746312, 0.03761062, 0.9926253688, 0.96238938]",ba99cd41a0806f9ebe507bb3d838d676c4241bb8a455c0a7eaa3780861dd7594,1024,683
test_cat_9a3fd995b7439480_0,9a3fd995b7439480,data/processed_clean/test/cat/test_cat_9a3fd995b7439480_0.jpg,cat,1,train,"[0.2775, 0.15333334, 0.56, 0.84666666]",ea007d40e08c749c318c264682a049772058716e205fab1f0da2267e71d21609,665,702
test_cat_9b41f49091fed458_0,9b41f49091fed458,data/processed_clean/test/cat/test_cat_9b41f49091fed458_0.jpg,cat,1,train,"[0.0, 0.13055556, 1.0, 0.73888887]",51429e1e598cdcfeb07cc00e02e802d428a793d43687133d2635aa7a1fd5e79c,1024,658
test_cat_9cbc3edd65aa7d44_0,9cbc3edd65aa7d44,data/processed_clean/test/cat/test_cat_9cbc3edd65aa7d44_0.jpg,cat,1,train,"[0.10339734, 0.0, 0.89660266, 1.0]",3e489b9a06d6862c5aa30b49c2b427437fd6e25d6816c6e5c589827f4cd023ee,992,685
test_cat_9e7ddc46c217c210_0,9e7ddc46c217c210,data/processed_clean/test/cat/test_cat_9e7ddc46c217c210_0.jpg,cat,1,train,"[0.1453958, 0.0, 0.68497576, 1.0]",d4ace344cd49b33a8d98b3157c20baf61ca7261a7bec34b7e1018e99047934da,813,819
test_cat_9ff9b7fd35df9535_0,9ff9b7fd35df9535,data/processed_clean/test/cat/test_cat_9ff9b7fd35df9535_0.jpg,cat,1,train,"[0.0, 0.0, 1.0, 1.0]",faeb23b2f007c09f40222b011df1efad3730df8b2a79be802e642d89272c4354,683,1024
test_cat_a0393782540896b6_0,a0393782540896b6,data/processed_clean/test/cat/test_cat_a0393782540896b6_0.jpg,cat,1,train,"[0.0, 0.0, 0.9936306, 1.0]",510153be6b3200cb1e2f44f50f334ed31741a28ba1f38c21077f084204331f5c,1024,797
test_cat_a11d943ecae8acd1_0,a11d943ecae8acd1,data/processed_clean/test/cat/test_cat_a11d943ecae8acd1_0.jpg,cat,1,train,"[0.6768953, 0.433213, 0.2779783, 0.20938629999999997]",b861d2a6ef307e4452e7d35aa1817ac44b8258ee79f7294050af8174513af5ba,331,249
test_cat_a121ebf099e57200_0,a121ebf099e57200,data/processed_clean/test/cat/test_cat_a121ebf099e57200_0.jpg,cat,1,train,"[0.08394698, 0.0, 0.50515462, 0.9380531]",149bc098f494ba1bd4cb746d62487112401dccb84a47c3fb7277aee9d98e1942,600,682
test_cat_a19c03812eb1875b_0,a19c03812eb1875b,data/processed_clean/test/cat/test_cat_a19c03812eb1875b_0.jpg,cat,1,train,"[0.042, 0.0, 0.958, 0.98704106]",a62f38f4f8f1b7b8e41e71ca564c541520d3a4a68cf869b750d2771de1bb76fc,1024,948
test_cat_a2a2287e72feb242_0,a2a2287e72feb242,data/processed_clean/test/cat/test_cat_a2a2287e72feb242_0.jpg,cat,1,train,"[0.09747292, 0.0, 0.90252708, 1.0]",390cdf51303fba8ca33b279a654795819636d553cb6d32f1ee647c3fd72b2b13,998,1024
test_cat_a3039547d8046a65_0,a3039547d8046a65,data/processed_clean/test/cat/test_cat_a3039547d8046a65_0.jpg,cat,1,train,"[0.0017271157, 0.003773585, 0.9740932443000001, 0.996226415]",82568bef3f00d90c5ef535078fcaaa7d507688da2a8db7f0a6de139dcfc1a921,1024,938
test_cat_a35bfdad67e725b1_0,a35bfdad67e725b1,data/processed_clean/test/cat/test_cat_a35bfdad67e725b1_0.jpg,cat,1,train,"[0.0, 0.0, 0.7444609, 0.82339954]",9d232ae92dbfa7cf26cbd85a31d4b68f41263520cb9419d63891d88d22e99cce,823,610
test_cat_a54c386f1775042a_0,a54c386f1775042a,data/processed_clean/test/cat/test_cat_a54c386f1775042a_0.jpg,cat,1,train,"[0.1089838, 0.028824834, 0.8910162, 0.971175166]",ba4fae9f288f6174f17458a874e177a0c7946670c1349b47ddb9547a926ac6ee,985,681
test_cat_a5c1496e115ef77c_0,a5c1496e115ef77c,data/processed_clean/test/cat/test_cat_a5c1496e115ef77c_0.jpg,cat,1,train,"[0.15781711, 0.0, 0.62094399, 1.0]",96b94c2c2237abcab09cb787a864b806e823306938cc0c4c7a5182edf2ab7824,737,683
test_cat_a6130350d2fa2fc5_0,a6130350d2fa2fc5,data/processed_clean/test/cat/test_cat_a6130350d2fa2fc5_0.jpg,cat,1,train,"[0.2109375, 0.08125, 0.6375, 0.725]",4112599074f0d9c06c83ad4b7c57e0a87f568d28a880ca9e425f6d3c7b058399,757,646
test_cat_a61ff3ecdb8af95f_0,a61ff3ecdb8af95f,data/processed_clean/test/cat/test_cat_a61ff3ecdb8af95f_0.jpg,cat,1,train,"[0.0, 0.0, 0.8308824, 1.0]",7bd4c22b08985a82f8350fce28c9908815632bb893bb1eb5022fa621aff32e2b,919,679
test_cat_a6929d36cab14179_0,a6929d36cab14179,data/processed_clean/test/cat/test_cat_a6929d36cab14179_0.jpg,cat,1,train,"[0.0736377, 0.16851442, 0.7525773, 0.6696230299999999]",5117925ca947b8834ee6586bc77e8c2a8da18557bdebdd19f0b6a0f7cd41502c,894,529
test_cat_a6a3a585a171e977_0,a6a3a585a171e977,data/processed_clean/test/cat/test_cat_a6a3a585a171e977_0.jpg,cat,1,train,"[0.0, 0.0, 1.0, 1.0]",412cdca9784a45da08a4f61d071014db3f7ce260f4798e53b007d05d2a08e148,1024,683
test_cat_a83d931e28c72cbe_0,a83d931e28c72cbe,data/processed_clean/test/cat/test_cat_a83d931e28c72cbe_0.jpg,cat,1,train,"[0.16875, 0.31875, 0.7916667, 0.5578125]",fbeb61e367e9f921efdbeb7ab659d5b5bccda57e371e0344cdd45118f9139096,687,662
test_cat_a8b0cc3ee726d2e1_0,a8b0cc3ee726d2e1,data/processed_clean/test/cat/test_cat_a8b0cc3ee726d2e1_0.jpg,cat,1,train,"[0.0, 0.35198557, 0.98736465, 0.6480144299999999]",b6a2c6fc926efaffa886be502a54f43fa68db5ce370a9e5eabf78faa3cbc67cc,1024,717
test_cat_a924b6b406ef589c_0,a924b6b406ef589c,data/processed_clean/test/cat/test_cat_a924b6b406ef589c_0.jpg,cat,1,train,"[0.026595745, 0.0, 0.9716311950000001, 1.0]",65158d9059903155ab7ee628be12f5f0898813fd27bce8f2d594087b17deddb9,797,768
test_cat_a9954b37a08c826b_0,a9954b37a08c826b,data/processed_clean/test/cat/test_cat_a9954b37a08c826b_0.jpg,cat,1,train,"[0.1921875, 0.13958333, 0.5640624999999999, 0.85833331]",5ebf1d0a81ced27bba7568741e38d4d4951a7ef90a221d1bd68c1263b9998a7b,670,714
test_cat_aa988796b28b8849_0,aa988796b28b8849,data/processed_clean/test/cat/test_cat_aa988796b28b8849_0.jpg,cat,1,train,"[0.0, 0.0, 0.93862814, 1.0]",28f08dbea2ca9b08c5a914fac1cdd17aa491204297b8491b7d3d9313d22eca6b,1024,1024
test_cat_abe0724ee7751cd9_0,abe0724ee7751cd9,data/processed_clean/test/cat/test_cat_abe0724ee7751cd9_0.jpg,cat,1,train,"[0.22713864, 0.061946902, 0.77286136, 0.938053098]",75532a4836d073f2110981c23ec8e069cde85199a01af5c5511f606e8d29b5ef,855,683
test_cat_acbbb23073d0acbd_0,acbbb23073d0acbd,data/processed_clean/test/cat/test_cat_acbbb23073d0acbd_0.jpg,cat,1,train,"[0.05631399, 0.08795411, 0.94368601, 0.91204589]",d3eb40a1dd8a1c9d8ffe1ba3a78a3c851567cce11081ed6ca1167dafcc45027d,1024,900
test_cat_ae2677268e3a7e9e_0,ae2677268e3a7e9e,data/processed_clean/test/cat/test_cat_ae2677268e3a7e9e_0.jpg,cat,1,train,"[0.0, 0.03318584, 1.0, 0.96681416]",9d9dc726049de253800a48d59c2cc66843894dd1b867f6ea3d9f009662870018,1024,683
test_cat_ae999449e9ac5349_0,ae999449e9ac5349,data/processed_clean/test/cat/test_cat_ae999449e9ac5349_0.jpg,cat,1,train,"[0.0, 0.0, 1.0, 0.789823]",16d6a5a350bac055cea8f8352e178d59c7b854874cf62113363a03e5f27f4d2a,1024,583
test_cat_aee4b36360722b28_0,aee4b36360722b28,data/processed_clean/test/cat/test_cat_aee4b36360722b28_0.jpg,cat,1,train,"[0.0014749262, 0.0, 0.9985250738, 0.9977876]",651b847d642e9ae320288f0ff1eaba6a49be754178716244f5d7d320d9858995,1024,682
test_cat_aff4a70901f64f8c_0,aff4a70901f64f8c,data/processed_clean/test/cat/test_cat_aff4a70901f64f8c_0.jpg,cat,1,train,"[0.0, 0.0, 1.0, 0.8960177]",c01d4fa461d26a132353f0647e8443fe4fc31e45e98bb48f497c919328ef8f02,1024,661
test_cat_b045f820847fc41a_0,b045f820847fc41a,data/processed_clean/test/cat/test_cat_b045f820847fc41a_0.jpg,cat,1,train,"[0.34711966, 0.18984547, 0.6528803400000001, 0.81015453]",1cc964a45ee5c8836f7bf895b7f885a9062b94600750b5475048e1a87bc6ed2e,722,599
test_cat_b23cb38f0dd3c940_0,b23cb38f0dd3c940,data/processed_clean/test/cat/test_cat_b23cb38f0dd3c940_0.jpg,cat,1,train,"[0.0, 0.036789298, 0.8725, 0.712374572]",87c38953ca0329ed7548e56123e0a85b2e83652d1ff074884f4c9e4f5e3068a2,965,617
test_cat_b3ace0bde1e54f25_0,b3ace0bde1e54f25,data/processed_clean/test/cat/test_cat_b3ace0bde1e54f25_0.jpg,cat,1,train,"[0.20041753, 0.0625, 0.5845511699999999, 0.878125]",9ba08f1899ad7dcc5390bff588a44a5f58d60756db0eccb10cb8801f34153b1d,521,1024
test_cat_b3f8e9249661bff1_0,b3f8e9249661bff1,data/processed_clean/test/cat/test_cat_b3f8e9249661bff1_0.jpg,cat,1,train,"[0.0, 0.03448276, 0.626, 0.96551724]",e51eefc2e43c9597828e8e699bb315205c453eba088d5c0427fedf4b4b54a540,692,653
test_cat_b58a5ed0f2c0c666_0,b58a5ed0f2c0c666,data/processed_clean/test/cat/test_cat_b58a5ed0f2c0c666_0.jpg,cat,1,train,"[0.215625, 0.077083334, 0.5890625, 0.912499966]",c85cc3d93bcfa444fe932e121840379561ea6ee738f60067b9ccc5ca6395e89e,699,765
test_cat_b70a703ab6fca521_0,b70a703ab6fca521,data/processed_clean/test/cat/test_cat_b70a703ab6fca521_0.jpg,cat,1,train,"[0.0, 0.0, 0.86745214, 0.93348116]",673748bf6ff3d78cdc205c6c1066e5a2a51d2e2d943ee3c55d487fec95d7eb9b,959,681
test_cat_b8304b2504e77a05_0,b8304b2504e77a05,data/processed_clean/test/cat/test_cat_b8304b2504e77a05_0.jpg,cat,1,train,"[0.0328125, 0.0, 0.9671875, 1.0]",68731c428ccdc925180f4809289d684086445bc67e3b244f8e46491428f5b7b7,1024,768
test_cat_b871a437b1d7812b_0,b871a437b1d7812b,data/processed_clean/test/cat/test_cat_b871a437b1d7812b_0.jpg,cat,1,train,"[0.03529412, 0.0, 0.91058828, 1.0]",489a8536abc455512dd4b9d54db3cb8f1b0fb9e94cd0b6c50b505e23a6106be8,1024,682
test_cat_b93faf745c927d2b_0,b93faf745c927d2b,data/processed_clean/test/cat/test_cat_b93faf745c927d2b_0.jpg,cat,1,train,"[0.1109375, 0.10625, 0.8890625, 0.89375]",0394561bef3e419718dbc75230628c6bbc787fd843b117dd428ac49f521d4279,983,741
test_cat_ba2d4b14bd4da247_0,ba2d4b14bd4da247,data/processed_clean/test/cat/test_cat_ba2d4b14bd4da247_0.jpg,cat,1,train,"[0.14306785, 0.044247787, 0.80235985, 0.889380513]",a1213ba2947db5c01b988966a5951195db40a4b5bc2c086fa62daf37c02681ed,943,683
test_cat_bad1824afeffb9ac_0,bad1824afeffb9ac,data/processed_clean/test/cat/test_cat_bad1824afeffb9ac_0.jpg,cat,1,train,"[0.0, 0.0, 1.0, 1.0]",4f2e7d03221cc87e0de2092f9cfd4775622e73d0a9daabcae9522c36729c9a2b,1024,683
test_cat_bbb61dd03ea173fb_0,bbb61dd03ea173fb,data/processed_clean/test/cat/test_cat_bbb61dd03ea173fb_0.jpg,cat,1,train,"[0.045383412, 0.025, 0.896713588, 0.94166664]",73ed777c410aca96e00cce659bcd18ed5639f843f5b75b6095fd6626a8cc6afb,1024,770
test_cat_bc1c3bf2da52fe84_0,bc1c3bf2da52fe84,data/processed_clean/test/cat/test_cat_bc1c3bf2da52fe84_0.jpg,cat,1,train,"[0.015625, 0.42916667, 0.984375, 0.30208333]",6395af43190eda65169fbd091f80c04bbcf2d7e36ffcdf845324827463e1174f,1024,269
test_cat_bc36915d20f057dc_0,bc36915d20f057dc,data/processed_clean/test/cat/test_cat_bc36915d20f057dc_0.jpg,cat,1,train,"[0.11341853, 0.06938776, 0.83067097, 0.86326531]",763c0c67b33f394e64ab00d9ff082812e40538c58b8d1d8e3e323384b4a891fe,976,802
test_cat_bc375957c9bba2df_0,bc375957c9bba2df,data/processed_clean/test/cat/test_cat_bc375957c9bba2df_0.jpg,cat,1,train,"[0.048672568, 0.097345136, 0.730088532, 0.709439564]",5cff00d7de3a70efa0330f91f77dea7f9987f84d74d68996756c5738cb50a0e0,572,842
test_cat_c0303c533156ff7c_1,c0303c533156ff7c,data/processed_clean/test/cat/test_cat_c0303c533156ff7c_1.jpg,cat,1,train,"[0.0, 0.10625, 0.715625, 0.8916666400000001]",69e00038a3165046f17c544e14231d5194fc8a847817d72c82bfcbaf7e092348,791,741
test_cat_c05d8d16b0e950f6_0,c05d8d16b0e950f6,data/processed_clean/test/cat/test_cat_c05d8d16b0e950f6_0.jpg,cat,1,train,"[0.0, 0.0, 0.925, 1.0]",2d6c6a11392d56ceeac9eab4fa0cd476fc6a6dff960f6cf1a0a3d0273539dbea,1023,768
test_cat_c1bb108c18ef09e2_0,c1bb108c18ef09e2,data/processed_clean/test/cat/test_cat_c1bb108c18ef09e2_0.jpg,cat,1,train,"[0.30235988, 0.059734512, 0.5471976199999999, 0.940265488]",a44b07b5fccf789613fa1b6601af87fbbd5171d54956b1a499dbcb1883bda382,650,683
test_cat_c222ec3b75ec692e_0,c222ec3b75ec692e,data/processed_clean/test/cat/test_cat_c222ec3b75ec692e_0.jpg,cat,1,train,"[0.026548672, 0.20132743, 0.7905604980000001, 0.51106197]",724074dcd62c5b99d123a92c228fd4b10e82d37472da362f1f9d8a93ae88c350,901,404
test_cat_c67168286f8b4f05_0,c67168286f8b4f05,data/processed_clean/test/cat/test_cat_c67168286f8b4f05_0.jpg,cat,1,train,"[0.0, 0.19512194, 0.875, 0.8048780600000001]",6d31aa1455beaacff3c34dd85453448bb8ae9643eb81af9de64f46461077125d,968,591
test_cat_c71186eb526c51bc_0,c71186eb526c51bc,data/processed_clean/test/cat/test_cat_c71186eb526c51bc_0.jpg,cat,1,train,"[0.005905512, 0.07615894, 0.994094488, 0.92384106]",9dd55cc978c3943b124756712b68dbae4a48c996f8b6e1abd0d99e20e95a9c92,861,1022
test_cat_c81ae20b22437a49_1,c81ae20b22437a49,data/processed_clean/test/cat/test_cat_c81ae20b22437a49_1.jpg,cat,1,train,"[0.51875, 0.0, 0.475, 0.9291667]",2c212051ec2e4aecd6e0f4eb28566e6619675bd8ae480af46583d17589ff8a68,532,768
test_cat_c9629b6266aa68d7_2,c9629b6266aa68d7,data/processed_clean/test/cat/test_cat_c9629b6266aa68d7_2.jpg,cat,1,train,"[0.22271386, 0.36504424, 0.34070798999999996, 0.48672565999999995]",d8448bbc5eb325689d35da8536ec3c206876271e1422a7620a2d3ee09979bddf,405,385
test_cat_cb123121de0f76e3_0,cb123121de0f76e3,data/processed_clean/test/cat/test_cat_cb123121de0f76e3_0.jpg,cat,1,train,"[0.30700448, 0.037199125, 0.59761552, 0.864332635]",cc4a39576b3e994135e9875930413c6b1ea03945956a1ad3cf80535da2c183aa,710,678
test_cat_cd4df709482dcf0f_0,cd4df709482dcf0f,data/processed_clean/test/cat/test_cat_cd4df709482dcf0f_0.jpg,cat,1,train,"[0.090625, 0.0, 0.909375, 1.0]",013b51be0f1f57365c7b60063a515e12b2c321ff8cd569c706eb396c97901cb9,1006,768
test_cat_ce26d0f13deb5842_2,ce26d0f13deb5842,data/processed_clean/test/cat/test_cat_ce26d0f13deb5842_2.jpg,cat,1,train,"[0.0027777778, 0.48541668, 0.5055555222, 0.49166662]",8054503626cbd4b512904e1abfdd9b5692bb484e9006b8aaa208e1b724ad6610,421,567
test_cat_cec9154fd453bf8d_0,cec9154fd453bf8d,data/processed_clean/test/cat/test_cat_cec9154fd453bf8d_0.jpg,cat,1,train,"[0.1328125, 0.22083333, 0.64375, 0.77916667]",0b65e102296b2832fbc0be842940d093d514232a4f1ff82de3c55d90b99c197e,765,646
test_cat_d009b964ecfcef77_0,d009b964ecfcef77,data/processed_clean/test/cat/test_cat_d009b964ecfcef77_0.jpg,cat,1,train,"[0.05794948, 0.13377193, 0.70728082, 0.86622807]",ad31ef3cf8f3ba20ee1fff5f9a8f65639a400185240c3091a67c76c63496e207,841,649
test_cat_d02296ce9f5281b8_0,d02296ce9f5281b8,data/processed_clean/test/cat/test_cat_d02296ce9f5281b8_0.jpg,cat,1,train,"[0.15882353, 0.0, 0.8397059, 1.0]",e0c1b67d83ac9f347f43d1d98bbea155696422c4c01a0522a0b2750a878dd4d8,930,680
test_cat_d035ae2a860f7fc2_0,d035ae2a860f7fc2,data/processed_clean/test/cat/test_cat_d035ae2a860f7fc2_0.jpg,cat,1,train,"[0.0, 0.0020833334, 0.9984375, 0.9979166666]",2ab93e149eab94c349b9e1d6d90d27050e19e3035e28fc36089c7faedd3d278d,1024,768
test_cat_d1aff379fe1d7090_0,d1aff379fe1d7090,data/processed_clean/test/cat/test_cat_d1aff379fe1d7090_0.jpg,cat,1,train,"[0.00625, 0.008333334, 0.9875, 0.983333366]",090d13738c23856d44f9395ef127ab5d2b318400a5b425c752657c29aab7fc81,1024,768
test_cat_d2b4ef0548d9df6b_0,d2b4ef0548d9df6b,data/processed_clean/test/cat/test_cat_d2b4ef0548d9df6b_0.jpg,cat,1,train,"[0.0, 0.0, 1.0, 1.0]",ae2b8dae02e57f1a05dfecc3a830a4eb65bbb537f4d9f6aba339b7f01f8e2065,1024,640
test_cat_d2fb96f8af047139_0,d2fb96f8af047139,data/processed_clean/test/cat/test_cat_d2fb96f8af047139_0.jpg,cat,1,train,"[0.31875, 0.13958333, 0.6796875, 0.85833331]",b2afc5a140d4f4e8888c5285291f1e105119ce113a600049c4caf37b8c05d76c,753,714
test_cat_d3487e4cf55c90d3_0,d3487e4cf55c90d3,data/processed_clean/test/cat/test_cat_d3487e4cf55c90d3_0.jpg,cat,1,train,"[0.1519174, 0.16371681, 0.8097345, 0.8362831900000001]",4ee68b188a175a39c6ac8e0968b84dc60f64543372987d6397c59ef701df6f75,935,617
test_cat_d3a76f97a3bf7f65_0,d3a76f97a3bf7f65,data/processed_clean/test/cat/test_cat_d3a76f97a3bf7f65_0.jpg,cat,1,train,"[0.0, 0.0, 0.9410898, 1.0]",d69e7dbc8de45876d84df2d48a1eac39e0a02f0f81436960e3ad871a8964bb66,1024,681
test_cat_d3f353de81735efd_0,d3f353de81735efd,data/processed_clean/test/cat/test_cat_d3f353de81735efd_0.jpg,cat,1,train,"[0.0, 0.0, 1.0, 1.0]",74fecadb1afae17f1f9f6e97b0d5ad534dcad234ed6b1ee8da34ae85c22e6787,1024,768
test_cat_d428059f03412517_0,d428059f03412517,data/processed_clean/test/cat/test_cat_d428059f03412517_0.jpg,cat,1,train,"[0.35007384, 0.41721854, 0.51403252, 0.43929355999999997]",c0c9e89cf1dfd556e7f08eb360ee5731e397b68ab51a6b204e55b44d98a0171d,611,349
test_cat_d43e5c440137d1ef_0,d43e5c440137d1ef,data/processed_clean/test/cat/test_cat_d43e5c440137d1ef_0.jpg,cat,1,train,"[0.0, 0.0, 1.0, 0.9927798]",b2e13f539d88183eba9b1ab872f77055ab951dc2bbdc068e4a047ae44344076e,1024,1024
test_cat_d5a19e615dc779ef_1,d5a19e615dc779ef,data/processed_clean/test/cat/test_cat_d5a19e615dc779ef_1.jpg,cat,1,train,"[0.11275964, 0.0, 0.85905046, 1.0]",efdf28332498ec765beeec9cdd324cb0e01a695f8f9028ce5b0bc613bd0fd6f6,979,691
test_cat_d6cee88392432433_0,d6cee88392432433,data/processed_clean/test/cat/test_cat_d6cee88392432433_0.jpg,cat,1,train,"[0.0013550136, 0.17307693, 0.6761517864, 0.82692307]",19e285901e28ff19e559ba111becf30387114d199fdc53a6a6a52a68d1c05d64,749,515
test_cat_d6f47aa23d0012b8_0,d6f47aa23d0012b8,data/processed_clean/test/cat/test_cat_d6f47aa23d0012b8_0.jpg,cat,1,train,"[0.28529412, 0.050997782, 0.71470588, 0.949002218]",f61340b97e6185ca6ba7b7895f381fcface9181133b4a844e95938b66b15c7b3,790,680
test_cat_d86ea77694e45cee_0,d86ea77694e45cee,data/processed_clean/test/cat/test_cat_d86ea77694e45cee_0.jpg,cat,1,train,"[0.015659954, 0.0, 0.982102906, 1.0]",cf02bf0ab6c6890656d652c85cd755ce0e4e71982e920ffebb47c95ee15d055c,717,1024
test_cat_d913812c81d60d4b_0,d913812c81d60d4b,data/processed_clean/test/cat/test_cat_d913812c81d60d4b_0.jpg,cat,1,train,"[0.26696166, 0.013274336, 0.66814158, 0.986725664]",23dd4c281425990beb04f5feac63b1072499a6c107f0b66a82be969141f7b791,793,683
test_cat_d941dd09385ab609_0,d941dd09385ab609,data/processed_clean/test/cat/test_cat_d941dd09385ab609_0.jpg,cat,1,train,"[0.0, 0.047916666, 0.875, 0.820833334]",c48f3ead74169ff76adae88501ae2a7725080de409b66561a6bc18e0f2eb1a7b,968,718
test_cat_d9628593257d44de_0,d9628593257d44de,data/processed_clean/test/cat/test_cat_d9628593257d44de_0.jpg,cat,1,train,"[0.21145375, 0.15964523, 0.78854625, 0.84035477]",7def78ba24baaa335003c492321480e131c96be53d59d19d31fd4cecc95604f6,872,615
test_cat_da265f7e4a8c376e_0,da265f7e4a8c376e,data/processed_clean/test/cat/test_cat_da265f7e4a8c376e_0.jpg,cat,1,train,"[0.014492754, 0.16853933, 0.775362306, 0.81348313]",56e2e34109a43e72285098ae64bde762af8c4e066c696d61144793f13ab15576,872,593
test_cat_db3ba0b4629d4da7_0,db3ba0b4629d4da7,data/processed_clean/test/cat/test_cat_db3ba0b4629d4da7_0.jpg,cat,1,train,"[0.0018975332, 0.0, 0.9962049668, 1.0]",54756f4666fde4f583add23c484fbd3d711529ed2ef9be9c7c51c43043c4666b,929,1024
test_cat_db8e394235fabb06_0,db8e394235fabb06,data/processed_clean/test/cat/test_cat_db8e394235fabb06_0.jpg,cat,1,train,"[0.0, 0.0, 1.0, 1.0]",a3ea8b8fe1478ba345cfd1dcd047ccb7cfae7e87b4007ffdb4598eed7faa2ba6,1024,768
test_cat_dd476c2a7daef1dc_0,dd476c2a7daef1dc,data/processed_clean/test/cat/test_cat_dd476c2a7daef1dc_0.jpg,cat,1,train,"[0.009375, 0.09791667, 0.990625, 0.70625003]",02511a01292d71f896d112003926d907e49ca503a4cc767b3ae8450690bb44ef,1024,629
test_cat_dd4ae08476de9fd5_0,dd4ae08476de9fd5,data/processed_clean/test/cat/test_cat_dd4ae08476de9fd5_0.jpg,cat,1,train,"[0.0, 0.0, 1.0, 1.0]",d2e0519fa0962ee2d45945d11845a7108ed0d4f6f1e295640f92e66cfc5a2470,1024,683
test_cat_de08d5d70c292d59_0,de08d5d70c292d59,data/processed_clean/test/cat/test_cat_de08d5d70c292d59_0.jpg,cat,1,train,"[0.0, 0.0, 1.0, 1.0]",e72a2c0cc1a545228f5468e725134e9e2a3e0c7602b25c9be7de5ed834c80c5e,1024,819
test_cat_de8f8d687fd97aa0_0,de8f8d687fd97aa0,data/processed_clean/test/cat/test_cat_de8f8d687fd97aa0_0.jpg,cat,1,train,"[0.10456554, 0.0, 0.72459496, 1.0]",da8456dc366b399c5fce8b1f76acab70f3afc1fd48b3abe09c015c31504c5907,860,681
test_cat_deec76c0bcbba90a_0,deec76c0bcbba90a,data/processed_clean/test/cat/test_cat_deec76c0bcbba90a_0.jpg,cat,1,train,"[0.0, 0.0028901733, 0.8013544, 0.9739884267000001]",0d400409616616f722aa5287e8dcabad0943ee45e2e789f1bfc2e1a8150a32c5,568,1024
test_cat_dfcd2f8eb994add8_0,dfcd2f8eb994add8,data/processed_clean/test/cat/test_cat_dfcd2f8eb994add8_0.jpg,cat,1,train,"[0.03, 0.0, 0.9475, 0.9605263]",1c00dcff35f24323513d011f6bcb0933768b9ce3f0e0cca515f6ed1688043363,1024,778
test_cat_e09677ead695afb6_0,e09677ead695afb6,data/processed_clean/test/cat/test_cat_e09677ead695afb6_0.jpg,cat,1,train,"[0.27740863, 0.0, 0.72259137, 1.0]",db81ec8cdf66a0c8284fc27f0137e3266b12a45c218a798c2f2501fe0633c471,799,865
test_cat_e0fbea41f0299ea6_0,e0fbea41f0299ea6,data/processed_clean/test/cat/test_cat_e0fbea41f0299ea6_0.jpg,cat,1,train,"[0.0234375, 0.0, 0.940625, 0.98333335]",85d3d508d75084c0a4613665d9530efe44c60b6a76816b7cf3f6a52ff87a12e4,1024,768
test_cat_e241d99ccae1c616_0,e241d99ccae1c616,data/processed_clean/test/cat/test_cat_e241d99ccae1c616_0.jpg,cat,1,train,"[0.054635763, 0.0, 0.945364237, 1.0]",4fba1b796776715cef4c1e4b50b674c33ad348bee603170d4473820f2202b8e8,1024,862
test_cat_e2d5807258ac37a2_0,e2d5807258ac37a2,data/processed_clean/test/cat/test_cat_e2d5807258ac37a2_0.jpg,cat,1,train,"[0.0, 0.0, 0.84977907, 1.0]",4793fbf41e028cc8966aa85334ae162027fe9de1bda41ec1b48d59de0a0f189f,940,681
test_cat_e653e2eac3883154_0,e653e2eac3883154,data/processed_clean/test/cat/test_cat_e653e2eac3883154_0.jpg,cat,1,train,"[0.0, 0.2827443, 0.86206895, 0.5301454999999999]",de573a85de42fa88c4cc5301d7f451b8bca219516856f88938cc8697dcbdf743,953,475
test_cat_e674556cbb590495_0,e674556cbb590495,data/processed_clean/test/cat/test_cat_e674556cbb590495_0.jpg,cat,1,train,"[0.12684366, 0.095132746, 0.87315634, 0.904867254]",aa38a08db3d72c70d465c2ca113a11660608c2adaf77560d56de16ef828ced8f,966,667
test_cat_e73a08db2b7335ed_0,e73a08db2b7335ed,data/processed_clean/test/cat/test_cat_e73a08db2b7335ed_0.jpg,cat,1,train,"[0.4660767, 0.40044248, 0.339233, 0.21681416000000003]",ca18b767d760e7ebb633fdb777168e645289162f5b91af4d5ccfd156258b925a,403,172
test_cat_e7af060d245a54ad_0,e7af060d245a54ad,data/processed_clean/test/cat/test_cat_e7af060d245a54ad_0.jpg,cat,1,train,"[0.3359375, 0.3125, 0.5546875, 0.48750000000000004]",fce00b6c3249fa5d5c670a335b605b51a98e99195eaa5509a9e1aa6580f0c552,658,434
test_cat_e8683b6f42c2dbf4_0,e8683b6f42c2dbf4,data/processed_clean/test/cat/test_cat_e8683b6f42c2dbf4_0.jpg,cat,1,train,"[0.1765625, 0.05625, 0.53125, 0.78541664]",23343a7421649f924d3dc2fbea6f95b804cc874628f0988410f7f476d78521de,631,695
test_cat_ea694b2e2c807b6f_0,ea694b2e2c807b6f,data/processed_clean/test/cat/test_cat_ea694b2e2c807b6f_0.jpg,cat,1,train,"[0.36875, 0.20833333, 0.625, 0.76874997]",1161888404e28c1cd5e977c48d87e4cb213ef608ea5bb208df94c96c8bca3296,698,655
test_cat_ead484356be8fa1f_0,ead484356be8fa1f,data/processed_clean/test/cat/test_cat_ead484356be8fa1f_0.jpg,cat,1,train,"[0.0, 0.0125, 1.0, 0.9875]",20c1db055639a578b33e73ea22a01a4de4212f5853c4462dc6c3c6de12992f37,768,1024
test_cat_eb2574e3ffd52a4b_0,eb2574e3ffd52a4b,data/processed_clean/test/cat/test_cat_eb2574e3ffd52a4b_0.jpg,cat,1,train,"[0.0, 0.019911505, 0.85103244, 0.960176995]",844732f95d1eaa60db52a87aa487ee152f3369920030910795a2e8359407bd54,941,683
test_cat_ebc570060c2d9db0_0,ebc570060c2d9db0,data/processed_clean/test/cat/test_cat_ebc570060c2d9db0_0.jpg,cat,1,train,"[0.24726135, 0.26041666, 0.35054775, 0.73958334]",d530788aa5bef014e671de5d4231d615a61c6e52649b1ebe3d908028d9d4cc49,417,614
test_cat_ed5ed53d5e479e85_0,ed5ed53d5e479e85,data/processed_clean/test/cat/test_cat_ed5ed53d5e479e85_0.jpg,cat,1,train,"[0.09117647, 0.082039915, 0.90882353, 0.8869179850000001]",1e82e7384e9bc7227a1a8af4404f06e35c82c6a26168abd36f52c22e6ebfd7c7,1005,672
test_cat_ee9b6b7f98869f00_0,ee9b6b7f98869f00,data/processed_clean/test/cat/test_cat_ee9b6b7f98869f00_0.jpg,cat,1,train,"[0.06784661, 0.0, 0.88790559, 1.0]",617bedf37e346e71893c46a23005b36b2143dc1556089d863edb8b57ff74d4cd,1024,683
test_cat_f17a9caafc29bf55_0,f17a9caafc29bf55,data/processed_clean/test/cat/test_cat_f17a9caafc29bf55_0.jpg,cat,1,train,"[0.4078125, 0.24166666, 0.24843749999999998, 0.46458334]",ef4ff8995a86558976a7b71c8af189ee88b48ebfeab9717663077a66de86d942,295,414
test_cat_f257d651d2cd0e7d_0,f257d651d2cd0e7d,data/processed_clean/test/cat/test_cat_f257d651d2cd0e7d_0.jpg,cat,1,train,"[0.068085104, 0.07350689, 0.572340396, 0.8192956100000001]",294e366cec66e6bc870d17deba4040012faa1bc936d9ade3766e7ef9edb087e6,490,973
test_cat_f2f179342b35ba41_0,f2f179342b35ba41,data/processed_clean/test/cat/test_cat_f2f179342b35ba41_0.jpg,cat,1,train,"[0.02764423, 0.07880435, 0.9350961299999999, 0.71739125]",7ec324fe190ffc32d30886e85b1e054f58749ef5f6793bd1c31fee6fb2eb1acf,1024,377
test_cat_f35fefdf30767bf8_0,f35fefdf30767bf8,data/processed_clean/test/cat/test_cat_f35fefdf30767bf8_0.jpg,cat,1,train,"[0.2609375, 0.39583334, 0.7390625, 0.45000002]",53313eb8ee7824729fba9fdf2275764137694a8737d5e991d90c5b2c70c239ed,817,401
test_cat_f51c6a7bde6c767d_0,f51c6a7bde6c767d,data/processed_clean/test/cat/test_cat_f51c6a7bde6c767d_0.jpg,cat,1,train,"[0.0, 0.03649635, 1.0, 0.77956205]",d5a54160e434dfff8d3aa7240a153a4283936ef137fc58a011877c2936e76f5a,669,900
test_cat_f5d487608dd6e7e2_0,f5d487608dd6e7e2,data/processed_clean/test/cat/test_cat_f5d487608dd6e7e2_0.jpg,cat,1,train,"[0.066787004, 0.16245487, 0.7725631559999999, 0.82851983]",37d19227a0c47433255927da948ee81ba37aebc9bcb593194c2af17226b16d83,918,926
test_cat_f5de56bdf6f8e52c_0,f5de56bdf6f8e52c,data/processed_clean/test/cat/test_cat_f5de56bdf6f8e52c_0.jpg,cat,1,train,"[0.0, 0.03539823, 0.8703976, 0.96460177]",045da320e11863ae920bed3c85c76dd73264528ed935180e2a749a0c4950eff0,963,682
test_cat_f61c635a70131e12_1,f61c635a70131e12,data/processed_clean/test/cat/test_cat_f61c635a70131e12_1.jpg,cat,1,train,"[0.30889237, 0.043841336, 0.56474256, 0.762004164]",7a8bef35dd7da51db4a7005ccbd128e79d8cdd00f7cefda833e5c325f69c5e67,671,663
test_cat_f6723f3ac4b31035_0,f6723f3ac4b31035,data/processed_clean/test/cat/test_cat_f6723f3ac4b31035_0.jpg,cat,1,train,"[0.2578125, 0.14583333, 0.6109375, 0.83333337]",2a1024171c9696737269019cb7ee58b40366f68913b81c54e4fc9e60a5fb1f93,726,707
test_cat_f6d97e54ad42d974_0,f6d97e54ad42d974,data/processed_clean/test/cat/test_cat_f6d97e54ad42d974_0.jpg,cat,1,train,"[0.24667652, 0.017660044, 0.7533234799999999, 0.982339956]",5acf4c21d12dbebe74b2b7ba67a883da0cd2ace8fb19cb2c7eb39d8e615c9e51,833,685
test_cat_f8b132ef35221ef3_0,f8b132ef35221ef3,data/processed_clean/test/cat/test_cat_f8b132ef35221ef3_0.jpg,cat,1,train,"[0.04526749, 0.02852615, 0.9300411700000001, 0.86529318]",8eedf2892066571b18254effbac8378ae8b657bf4428ecb0d18d40aef2daf264,788,986
test_cat_f90f5972c26b7d5b_0,f90f5972c26b7d5b,data/processed_clean/test/cat/test_cat_f90f5972c26b7d5b_0.jpg,cat,1,train,"[0.0, 0.047008548, 0.8917683, 0.952991452]",095c82c77db9218b56ed85d1784dfd0d5e44d72f6e7f2781b003f2b6f9c4bdd9,986,731
test_cat_f9b56c62b828e994_0,f9b56c62b828e994,data/processed_clean/test/cat/test_cat_f9b56c62b828e994_0.jpg,cat,1,train,"[0.25882354, 0.33481154, 0.24999995999999997, 0.48337025999999994]",b398695fa7f038105bc117f3d29f9b78ba1232073115f653e1abc829ff2dfb16,297,382
test_cat_f9c701bcfd4fa48b_0,f9c701bcfd4fa48b,data/processed_clean/test/cat/test_cat_f9c701bcfd4fa48b_0.jpg,cat,1,train,"[0.10662824, 0.21266969, 0.7262247599999999, 0.64027147]",e3a840e85663bfbf0252da51473a0e229609bdb021cda01097d20be7768f74f6,862,485
test_cat_fb5291907c2ef672_0,fb5291907c2ef672,data/processed_clean/test/cat/test_cat_fb5291907c2ef672_0.jpg,cat,1,train,"[0.0828125, 0.0, 0.9171875, 1.0]",c0ffe124ba7c294fb153b990b92e7095413080a195e94d60e6c234400c741f93,1014,768
test_cat_fc93698251a94ae4_0,fc93698251a94ae4,data/processed_clean/test/cat/test_cat_fc93698251a94ae4_0.jpg,cat,1,train,"[0.010324484, 0.0, 0.989675516, 1.0]",fb5b640b01fc819a86beb19d14c45e9f6ab9e804e512f0ee80c9e0742e89a190,1024,683
validation_cat_00bdb008eb688497_0,00bdb008eb688497,data/processed_clean/validation/cat/validation_cat_00bdb008eb688497_0.jpg,cat,1,train,"[0.0, 0.053435113, 0.978, 0.921119587]",a19b854483fa6e7cc73bf81c489ad877586470434533337107eddb475a5473d5,1024,805
validation_cat_0413f9c94df7ebcb_0,0413f9c94df7ebcb,data/processed_clean/validation/cat/validation_cat_0413f9c94df7ebcb_0.jpg,cat,1,train,"[0.0, 0.029748283, 1.0, 0.970251717]",2a7f702ccca40f84e46a5e7e60dfceeac7192c0afcfbd82fb51f1bae5e13d520,1024,637
validation_cat_05869b6681e12dad_0,05869b6681e12dad,data/processed_clean/validation/cat/validation_cat_05869b6681e12dad_0.jpg,cat,1,train,"[0.0, 0.21555555, 1.0, 0.78444445]",3e9262c3d6013f79678f3b0524e4a9e3202ae52efe2a29209df5b8b74ac346b1,1024,574
validation_cat_074524fc2d1b38c5_0,074524fc2d1b38c5,data/processed_clean/validation/cat/validation_cat_074524fc2d1b38c5_0.jpg,cat,1,train,"[0.0, 0.050819673, 0.9860835, 0.9295081669999999]",076b40fbf66fcfd2e17a0727a8014dd6ae6a15834a716415eddcae72ebabe9ca,845,1024
validation_cat_09f8e760f60df0da_1,09f8e760f60df0da,data/processed_clean/validation/cat/validation_cat_09f8e760f60df0da_1.jpg,cat,1,train,"[0.37168142, 0.21902655, 0.46607667999999997, 0.7809734500000001]",e9849e41dab26d7df85c0399a1345c7d45599521389e8724b17a61d099cfada2,554,576
validation_cat_0d63660f48902dc5_0,0d63660f48902dc5,data/processed_clean/validation/cat/validation_cat_0d63660f48902dc5_0.jpg,cat,1,train,"[0.0, 0.25038403, 1.0, 0.74961597]",76c4fc400f10d6222d23dfe8504d86ddc9ac73f45813941d7f0a90f56f6bb607,741,829
validation_cat_1431788ff4626a30_0,1431788ff4626a30,data/processed_clean/validation/cat/validation_cat_1431788ff4626a30_0.jpg,cat,1,train,"[0.0, 0.0, 1.0, 0.84583336]",d955526d725315abbc4d2b612188fe8a2b5c85fd336408281c3273fb626ee405,1024,702
validation_cat_151e0d8fc3923605_0,151e0d8fc3923605,data/processed_clean/validation/cat/validation_cat_151e0d8fc3923605_0.jpg,cat,1,train,"[0.0, 0.03954802, 1.0, 0.83427498]",ce300239331e00113cdbff06f61ca8316315be0485607095eca84e6564ed0c5d,835,722
validation_cat_174d2108eea9b488_0,174d2108eea9b488,data/processed_clean/validation/cat/validation_cat_174d2108eea9b488_0.jpg,cat,1,train,"[0.0, 0.0, 1.0, 1.0]",abece3895f2296846731c68b5ec53e7eb801ec34cb0355e4819791a0c6598878,1024,737
validation_cat_192b8cd47f52ac88_0,192b8cd47f52ac88,data/processed_clean/validation/cat/validation_cat_192b8cd47f52ac88_0.jpg,cat,1,train,"[0.18592058, 0.15884477, 0.7761733199999999, 0.83393503]",dec5922a36f78c1a9751bf47438ddabdec91aa4a075de1c8da8c93bce3cfc8c9,897,930
validation_cat_24813d483aacbd7e_0,24813d483aacbd7e,data/processed_clean/validation/cat/validation_cat_24813d483aacbd7e_0.jpg,cat,1,train,"[0.04405286, 0.033259425, 0.95594714, 0.966740575]",608bd5a4be3eb583693290426bd3b7744c841e8d87fcc30d4754edf6fc15cedc,1024,678
validation_cat_249e598921ba7ec3_0,249e598921ba7ec3,data/processed_clean/validation/cat/validation_cat_249e598921ba7ec3_0.jpg,cat,1,train,"[0.0, 0.0, 1.0, 1.0]",ac7b8fa06096b9ceaa19c5ac39ea4a6ab66a5904b684ea33b5e55fc7751a366b,1024,683
validation_cat_2eaf88629e80fb7b_0,2eaf88629e80fb7b,data/processed_clean/validation/cat/validation_cat_2eaf88629e80fb7b_0.jpg,cat,1,train,"[0.0, 0.0, 0.9671875, 1.0]",252d2e4c9ae6372e40dec3b2f25eceffc9f0448a5301199435fba4e6bac5b84d,1024,768
validation_cat_2fb1a38610ed6936_0,2fb1a38610ed6936,data/processed_clean/validation/cat/validation_cat_2fb1a38610ed6936_0.jpg,cat,1,train,"[0.18436578, 0.0, 0.81563422, 1.0]",89ce470f71885cddcadf61e69320ae5fd10589fc4d37654d53e086b4d92ad747,902,683
validation_cat_3206ae83e17a8cb5_0,3206ae83e17a8cb5,data/processed_clean/validation/cat/validation_cat_3206ae83e17a8cb5_0.jpg,cat,1,train,"[0.396875, 0.16041666, 0.44375, 0.82499999]",48a7ba714e53dc4b34059fab795e9080b97f6d19d862ec268a0a447b8a17dce3,527,695
validation_cat_355c03cb2c4817df_0,355c03cb2c4817df,data/processed_clean/validation/cat/validation_cat_355c03cb2c4817df_0.jpg,cat,1,train,"[0.13357401, 0.0, 0.71660649, 0.7617329]",fe73dbfd53d76fe377b202be2945ad11590d5a1f18aac7fa3aa2b15d3cccc095,851,842
validation_cat_3d7c1992e44fa547_0,3d7c1992e44fa547,data/processed_clean/validation/cat/validation_cat_3d7c1992e44fa547_0.jpg,cat,1,train,"[0.0, 0.36875, 0.6109375, 0.5916667]",79998a44bb5ffe9972024ebf61f7a24aceb409a1a7be255281c7640dbe01faf3,676,521
validation_cat_3f202743f4e65bcf_0,3f202743f4e65bcf,data/processed_clean/validation/cat/validation_cat_3f202743f4e65bcf_0.jpg,cat,1,train,"[0.0, 0.0397351, 0.71491873, 0.9602649]",70da1a99db104d490b8233c5c7d19e9d116c6cd846ceffa9285d11fe61702289,791,686
validation_cat_41e12130140fc5b9_0,41e12130140fc5b9,data/processed_clean/validation/cat/validation_cat_41e12130140fc5b9_0.jpg,cat,1,train,"[0.0, 0.06637168, 0.7861357, 0.93141592]",ed26fb12d0d726202c377de938019691d7dae49fa935bb3c01cb839aff506128,869,683
validation_cat_446924d9efea3ada_0,446924d9efea3ada,data/processed_clean/validation/cat/validation_cat_446924d9efea3ada_0.jpg,cat,1,train,"[0.032051284, 0.11585366, 0.520833356, 0.68495934]",2839152f83383c0edc8e84bbab6caaa9cb08d116233f476749be743c99920d50,609,641
validation_cat_479b1ea3d61d4035_0,479b1ea3d61d4035,data/processed_clean/validation/cat/validation_cat_479b1ea3d61d4035_0.jpg,cat,1,train,"[0.228125, 0.1375, 0.684375, 0.8625]",31d0a68bc53f73b6a4ed6bd38db2956fc2ba29f46776f2a18e6985151e4f7df2,812,715
validation_cat_4aa41977cb5e31c7_0,4aa41977cb5e31c7,data/processed_clean/validation/cat/validation_cat_4aa41977cb5e31c7_0.jpg,cat,1,train,"[0.0, 0.0, 0.99832493, 1.0]",6759a60c79b26c1ed773d999c908133d8e24899bc2c2924e9d80b4e1200616df,1024,881
validation_cat_4abc9ad5fc89e76d_0,4abc9ad5fc89e76d,data/processed_clean/validation/cat/validation_cat_4abc9ad5fc89e76d_0.jpg,cat,1,train,"[0.0, 0.0, 0.9921875, 0.9166667]",1550575ad4dbd050edbfe899296ce349ab79057e54fcd310bcc14c8399b32c7d,1024,760
validation_cat_4acc620e57f1e5e9_0,4acc620e57f1e5e9,data/processed_clean/validation/cat/validation_cat_4acc620e57f1e5e9_0.jpg,cat,1,train,"[0.0, 0.10469314, 1.0, 0.89530686]",707b5127d1ce1665b5d1146a1c7f5873e20bb58fd10d10109c91552bcc9874ff,1024,990
validation_cat_5d0595903ab095e4_2,5d0595903ab095e4,data/processed_clean/validation/cat/validation_cat_5d0595903ab095e4_2.jpg,cat,1,train,"[0.45, 0.22291666, 0.55, 0.46041668]",22745b12f33b3f80920c608fdcf81b381ea8b5e55e7e1fd67ddd5cd027c8e3f4,608,410
validation_cat_6114d8024056b77c_0,6114d8024056b77c,data/processed_clean/validation/cat/validation_cat_6114d8024056b77c_0.jpg,cat,1,train,"[0.04845815, 0.02660754, 0.95154185, 0.93791572]",8ea820b4e3eaf3af057b588cbecba84334be0c05c25d96bc7f967802ec63bc7c,1024,678
validation_cat_6119ed497b55ff2c_0,6119ed497b55ff2c,data/processed_clean/validation/cat/validation_cat_6119ed497b55ff2c_0.jpg,cat,1,train,"[0.0421875, 0.0, 0.6984374999999999, 1.0]",aed6d6565e4390c3452f6d3e21f82f29fe397902aa3c5b9891a2b1c1297668d9,816,768
validation_cat_61c1c5aabc962e28_0,61c1c5aabc962e28,data/processed_clean/validation/cat/validation_cat_61c1c5aabc962e28_0.jpg,cat,1,train,"[0.0609375, 0.054166667, 0.896875, 0.9458333329999999]",54eddbfdcd65480ffbeb6ae73c9feb87d2a0afe4720fc54e78b67f8dca1a9b7d,1024,768
validation_cat_61d4eb71d72c4ca1_0,61d4eb71d72c4ca1,data/processed_clean/validation/cat/validation_cat_61d4eb71d72c4ca1_0.jpg,cat,1,train,"[0.0390625, 0.05625, 0.9609375, 0.91666666]",2b3925fbc7db24fb49fbb480b0ed27e87ea3fcdfb8f070e5b17023536ff78438,1024,768
validation_cat_635b80599133b2dc_0,635b80599133b2dc,data/processed_clean/validation/cat/validation_cat_635b80599133b2dc_0.jpg,cat,1,train,"[0.0, 0.0, 1.0, 1.0]",4aac42bfc206465bb356dcbc3c1d1874cfa28b34d35a0734f0ccf117e4171c0e,1024,768
validation_cat_64e7507b1da3b67b_0,64e7507b1da3b67b,data/processed_clean/validation/cat/validation_cat_64e7507b1da3b67b_0.jpg,cat,1,train,"[0.29422382, 0.12635379, 0.45848378, 0.87364621]",6740aacf097619833843635cc5c327ea4a2514c603c3d5c54d6d904c1ebfa244,408,725
validation_cat_68dd8865ab4c3574_0,68dd8865ab4c3574,data/processed_clean/validation/cat/validation_cat_68dd8865ab4c3574_0.jpg,cat,1,train,"[0.0, 0.053846154, 0.9779661, 0.8499999859999999]",4cc98c6fcb9635fb74b8c2daec6e2f2f8029bb56bedbb4c6746b058defabb2a5,1024,878
validation_cat_6e7cbc79462cae83_0,6e7cbc79462cae83,data/processed_clean/validation/cat/validation_cat_6e7cbc79462cae83_0.jpg,cat,1,train,"[0.19469027, 0.07079646, 0.8053097300000001, 0.74557524]",8f2203b5e3784579d665554c84fd25fbdbf42a34897c541ede734df78c66a6c2,891,590
validation_cat_704c4297ceaeba64_0,704c4297ceaeba64,data/processed_clean/validation/cat/validation_cat_704c4297ceaeba64_0.jpg,cat,1,train,"[0.0, 0.18125, 1.0, 0.81875]",f2875574b176ba75b98ed49925893bc22a4dbe83a78962d400ba126a5c5544e7,768,905
validation_cat_728ea9b7937f0588_0,728ea9b7937f0588,data/processed_clean/validation/cat/validation_cat_728ea9b7937f0588_0.jpg,cat,1,train,"[0.06174957, 0.0114068445, 0.93825043, 0.9885931555]",11b731fa38938f8c914404045841462e5a3bb9d12b920289e0dce9939548cb90,1024,925
validation_cat_73c8ac6133bfa349_0,73c8ac6133bfa349,data/processed_clean/validation/cat/validation_cat_73c8ac6133bfa349_0.jpg,cat,1,train,"[0.19247788, 0.23303835, 0.6814159200000001, 0.61799409]",ee418ae18b3e93274e583c4e64ae48c716ad4739025c86c1f5ff93ea102b42ca,540,734
validation_cat_78009ddd7e091570_1,78009ddd7e091570,data/processed_clean/validation/cat/validation_cat_78009ddd7e091570_1.jpg,cat,1,train,"[0.16401275, 0.0, 0.82165605, 0.99590164]",6dac6631b59e38494c2ac005ee61a19f5176a59de863af72f38c917b8e209fad,923,795
validation_cat_7cb1aef4f066fd7d_0,7cb1aef4f066fd7d,data/processed_clean/validation/cat/validation_cat_7cb1aef4f066fd7d_0.jpg,cat,1,train,"[0.0515625, 0.0, 0.8625, 1.0]",26913ff09e13eaba16788f187e79a04c3a11f31e65e854df0902a87a216d4515,1007,768
validation_cat_7d97a5b9062bd35d_0,7d97a5b9062bd35d,data/processed_clean/validation/cat/validation_cat_7d97a5b9062bd35d_0.jpg,cat,1,train,"[0.0, 0.0036764706, 0.964539, 0.9963235294]",f76e281039d8b45a09ac45dd0bc3dfc3cbb307850a628e8b733a82ef2e003eb3,1024,989
validation_cat_7eb93ca379d3abb0_0,7eb93ca379d3abb0,data/processed_clean/validation/cat/validation_cat_7eb93ca379d3abb0_0.jpg,cat,1,train,"[0.0296875, 0.047916666, 0.7515625, 0.902083334]",8f8c49b3f2f97bc717ccade2124daee80bef972be061472a1acfd8d94cfb35ad,862,768
validation_cat_812c7dca53e56aec_0,812c7dca53e56aec,data/processed_clean/validation/cat/validation_cat_812c7dca53e56aec_0.jpg,cat,1,train,"[0.1640625, 0.15416667, 0.7484375, 0.84583333]",7c3c0e39e14ee69ecd49be416bab99e4413106b830e0c724b66474b932f083c8,889,702
validation_cat_83793794abbb6796_0,83793794abbb6796,data/processed_clean/validation/cat/validation_cat_83793794abbb6796_0.jpg,cat,1,train,"[0.0, 0.16371681, 0.79498523, 0.7743362899999999]",b0511530a5ad994ce5be2e17cb572ca5642d6fa1d64fd7b4f11d6769f2fffa1c,879,613
validation_cat_84ce95eccb05a57f_0,84ce95eccb05a57f,data/processed_clean/validation/cat/validation_cat_84ce95eccb05a57f_0.jpg,cat,1,train,"[0.234375, 0.045833334, 0.6140625, 0.954166666]",fb6bbf6003cc0066d1367b812409a77e753d521fb5c02433104f4327860e88b9,729,768
validation_cat_869c54ed7a443610_0,869c54ed7a443610,data/processed_clean/validation/cat/validation_cat_869c54ed7a443610_0.jpg,cat,1,train,"[0.0, 0.0, 1.0, 1.0]",94a4fdedd1d0f5938462ca36d514c9d9896ab80f28b374a10406ead57bb8ccce,1024,768
validation_cat_8e039c46050a4440_0,8e039c46050a4440,data/processed_clean/validation/cat/validation_cat_8e039c46050a4440_0.jpg,cat,1,train,"[0.0, 0.0, 1.0, 1.0]",7e8a400dc516f229731631eee783b301491cf1483ef360e35decf93a5d4853a8,1024,576
validation_cat_8e4074b076d59c5a_0,8e4074b076d59c5a,data/processed_clean/validation/cat/validation_cat_8e4074b076d59c5a_0.jpg,cat,1,train,"[0.0, 0.0, 0.92330384, 0.9977876]",69ca73e522300a126cf73ee2fb3defbaa4d0486aa722bb41e8287650dcf2942f,1021,683
validation_cat_92853cde150fda92_0,92853cde150fda92,data/processed_clean/validation/cat/validation_cat_92853cde150fda92_0.jpg,cat,1,train,"[0.0, 0.0, 1.0, 1.0]",8ddf33f7388a19e1dcde53e238a5226beaa8b658c7aafa8e377e73054cb595ca,1024,990
validation_cat_94fb95f907bebe65_0,94fb95f907bebe65,data/processed_clean/validation/cat/validation_cat_94fb95f907bebe65_0.jpg,cat,1,train,"[0.0, 0.0, 0.7961595, 0.98454744]",523dc30162e7c18585e27f3eb6eee34eecb16129f98fc9c512e1f258bf59f7a5,880,686
validation_cat_97b34e4a6b934a2b_0,97b34e4a6b934a2b,data/processed_clean/validation/cat/validation_cat_97b34e4a6b934a2b_0.jpg,cat,1,train,"[0.0, 0.0, 1.0, 1.0]",1351bde6f57a9e3608019aff43a5f4743fa35c200aad3ac3d6edb613c3c8846d,768,1024
validation_cat_9e7a00feb9582e8f_0,9e7a00feb9582e8f,data/processed_clean/validation/cat/validation_cat_9e7a00feb9582e8f_0.jpg,cat,1,train,"[0.0375, 0.12083333, 0.909375, 0.73124997]",75156143940e92ccb1ef58c17142ee1bf38ae9076871eb945094c0b7a31a47b8,1024,651
validation_cat_9fc1d035c7b422ea_0,9fc1d035c7b422ea,data/processed_clean/validation/cat/validation_cat_9fc1d035c7b422ea_0.jpg,cat,1,train,"[0.12847222, 0.25, 0.72916668, 0.75]",29dae23caba6cfaff9ce201d0845910ed3f66026995e4dd6dd6f556e7779a5d8,866,622
validation_cat_a0e14c71c9a72b6b_0,a0e14c71c9a72b6b,data/processed_clean/validation/cat/validation_cat_a0e14c71c9a72b6b_0.jpg,cat,1,train,"[0.396875, 0.0, 0.5125000000000001, 0.91041666]",e5f043c028f60b5b527656df75e75be103063415f15a3beecc7024d9dd0a24be,609,755
validation_cat_a203f86bb6d6fa4b_0,a203f86bb6d6fa4b,data/processed_clean/validation/cat/validation_cat_a203f86bb6d6fa4b_0.jpg,cat,1,train,"[0.0, 0.0, 1.0, 1.0]",57c61481ce2d96bceab416aabb6e6a32bd6931e66e25fdd8a7d9af7d0eb87ba3,1005,1024
validation_cat_a23c8951dc4fe78a_0,a23c8951dc4fe78a,data/processed_clean/validation/cat/validation_cat_a23c8951dc4fe78a_0.jpg,cat,1,train,"[0.11332008, 0.022950819, 0.8190855199999999, 0.977049181]",6fc177e4e2baf65dd318e1e6730c2bcd2a61b3006def0ec036f4c6270a148bda,802,1024
validation_cat_a534a66dbc1710c1_0,a534a66dbc1710c1,data/processed_clean/validation/cat/validation_cat_a534a66dbc1710c1_0.jpg,cat,1,train,"[0.13864307, 0.0, 0.82595869, 1.0]",889f93ca69548f12aceb7e93cb4ed3ed49989e1f446d2fa997b0c419d06ea1d1,950,683
validation_cat_a56973cf50a58c34_0,a56973cf50a58c34,data/processed_clean/validation/cat/validation_cat_a56973cf50a58c34_0.jpg,cat,1,train,"[0.00625, 0.20625, 0.7625000000000001, 0.7229167000000001]",8fbfa518bd202ae3d68c2ed0e9f6c75b5c818d5b7712b62c5420537579ce1e35,850,644
validation_cat_a9bd6d6253bfceaa_0,a9bd6d6253bfceaa,data/processed_clean/validation/cat/validation_cat_a9bd6d6253bfceaa_0.jpg,cat,1,train,"[0.0, 0.0, 1.0, 1.0]",389b569262183709fc0ee18d76706fa5765d7a3cb24bea61718a4b05324a1f40,1024,731
validation_cat_aa243033bdaf2a25_0,aa243033bdaf2a25,data/processed_clean/validation/cat/validation_cat_aa243033bdaf2a25_0.jpg,cat,1,train,"[0.103125, 0.12708333, 0.896875, 0.87291667]",0c92536c2884be23a889d8250931e8f01e589e10960216a17213d631fc16fdb1,992,724
validation_cat_afea620099754710_1,afea620099754710,data/processed_clean/validation/cat/validation_cat_afea620099754710_1.jpg,cat,1,train,"[0.2984375, 0.43958333, 0.365625, 0.48749997000000006]",6d425015e6de09b6a95b0b0415488b37e9bcac1f2a2b57e8e66dead36c1f1323,434,434
validation_cat_b64cfd923ee36e73_0,b64cfd923ee36e73,data/processed_clean/validation/cat/validation_cat_b64cfd923ee36e73_0.jpg,cat,1,train,"[0.179941, 0.0, 0.67109144, 1.0]",62c93538d907522f750ba9dafc2bb8202ce64f3702078adab7e134bd9a8c2a00,797,683
validation_cat_b6bdf32a0a596be9_0,b6bdf32a0a596be9,data/processed_clean/validation/cat/validation_cat_b6bdf32a0a596be9_0.jpg,cat,1,train,"[0.11856474, 0.0, 0.77223091, 0.9791232]",86db0141f0d8410791235dd240f16c2abcc9610a1d5086d65868f7b5a63ee73c,917,765
validation_cat_b8c0ae4efd87781b_0,b8c0ae4efd87781b,data/processed_clean/validation/cat/validation_cat_b8c0ae4efd87781b_0.jpg,cat,1,train,"[0.22271386, 0.11283186, 0.61061944, 0.79646018]",ea79a9c50760ac4a857a9a6243b2d5a66f12a6f985b63eb2b3496332d714db0d,725,631
validation_cat_b9850603522c0cf7_0,b9850603522c0cf7,data/processed_clean/validation/cat/validation_cat_b9850603522c0cf7_0.jpg,cat,1,train,"[0.3640625, 0.058333334, 0.49999999999999994, 0.808333366]",6a1d97b4bbbc257305f12738da81a51486b77b309408f3222725737d7dddf08a,594,715
validation_cat_bca2e9a1fb259b1f_0,bca2e9a1fb259b1f,data/processed_clean/validation/cat/validation_cat_bca2e9a1fb259b1f_0.jpg,cat,1,train,"[0.0, 0.11479029, 1.0, 0.88520971]",8ea2d8781c249cc0836b4e659d7dba4e2d55814f6938c0d019ab34f3b3bfc8f8,1024,656
validation_cat_bef520975d1d2719_0,bef520975d1d2719,data/processed_clean/validation/cat/validation_cat_bef520975d1d2719_0.jpg,cat,1,train,"[0.0, 0.0, 1.0, 1.0]",98cfad040ae0504cd16e3315776f7e323f1a4a8850fe647e215c83352ebf1d61,1024,732
validation_cat_c1d579234ea331cc_0,c1d579234ea331cc,data/processed_clean/validation/cat/validation_cat_c1d579234ea331cc_0.jpg,cat,1,train,"[0.038348082, 0.019911505, 0.8643068180000001, 0.935840695]",5089208f21ba4d3235d9001ecb2c4a3a497af89320958d3646921c4d72fe4f33,995,683
validation_cat_c1f76f9c5ec9d48c_0,c1f76f9c5ec9d48c,data/processed_clean/validation/cat/validation_cat_c1f76f9c5ec9d48c_0.jpg,cat,1,train,"[0.2, 0.008333334, 0.8, 0.991666666]",dd1c0b376f17dee9fb8dd75df12033150fc7f758cfdfff1dbf974206e6c4621e,885,768
validation_cat_c583a033520660da_0,c583a033520660da,data/processed_clean/validation/cat/validation_cat_c583a033520660da_0.jpg,cat,1,train,"[0.084375, 0.0, 0.76875, 1.0]",014585afa79242ff7a5b7f041f73577a37321e7f42426ca69f81af1b6df3ea9a,914,768
validation_cat_c8106b525cfedc83_0,c8106b525cfedc83,data/processed_clean/validation/cat/validation_cat_c8106b525cfedc83_0.jpg,cat,1,train,"[0.16814159, 0.07522124, 0.77138646, 0.9026548600000001]",0ce8dc99146fd743e55491b039dbf35453e753fcbbcb9e276350128b64e9bd7a,915,681
validation_cat_c9ec052f342ce51a_0,c9ec052f342ce51a,data/processed_clean/validation/cat/validation_cat_c9ec052f342ce51a_0.jpg,cat,1,train,"[0.0, 0.0, 1.0, 1.0]",53dfd1e91f331d20c2fffcfa21ef28533306f9f99145c0e6c91d1ef92831b7d7,1024,680
validation_cat_ca0ee8f4d11eae7a_0,ca0ee8f4d11eae7a,data/processed_clean/validation/cat/validation_cat_ca0ee8f4d11eae7a_0.jpg,cat,1,train,"[0.0, 0.029166667, 0.4976526, 0.9416666929999999]",929e9e6dc12dc58b83cecbb170a5c0aba114ffe844803645db169ebd53f36ef6,550,770
validation_cat_ce4ce5cab81c0672_0,ce4ce5cab81c0672,data/processed_clean/validation/cat/validation_cat_ce4ce5cab81c0672_0.jpg,cat,1,train,"[0.23965517, 0.08695652, 0.7310344799999999, 0.82419662]",15a442e80239779d5377b3722001b8e41d97fafce206478672c6a0dc4e9673da,838,893
validation_cat_d0fe01a71f83d22d_0,d0fe01a71f83d22d,data/processed_clean/validation/cat/validation_cat_d0fe01a71f83d22d_0.jpg,cat,1,train,"[0.07079646, 0.21460177, 0.8908554399999999, 0.6349557299999999]",c956289379a9169479027e716da2400cf33f2ac6b54d3f305660428d545a27af,1024,503
validation_cat_d60e1c25e87d8b45_0,d60e1c25e87d8b45,data/processed_clean/validation/cat/validation_cat_d60e1c25e87d8b45_0.jpg,cat,1,train,"[0.20416667, 0.33125, 0.46666668, 0.340625]",8e6835137691bc2865b60aca69dce07b1ff3e07a3ea1898c384fcdd86ac65ac3,416,405
validation_cat_df69468d77a3f83c_0,df69468d77a3f83c,data/processed_clean/validation/cat/validation_cat_df69468d77a3f83c_0.jpg,cat,1,train,"[0.0, 0.0, 0.7796875, 1.0]",a859e12204bc0299b5ce921cd1b00efd425759eca7a709c33231203f4b97848f,862,768
validation_cat_e175f654ff60e484_0,e175f654ff60e484,data/processed_clean/validation/cat/validation_cat_e175f654ff60e484_0.jpg,cat,1,train,"[0.14285715, 0.056574922, 0.68230275, 0.908256878]",2430c34b642236c6909326527ec1e580d3925300cbe3695a8d73b73a85fc06c1,581,1024
validation_cat_e3203c62165e8821_1,e3203c62165e8821,data/processed_clean/validation/cat/validation_cat_e3203c62165e8821_1.jpg,cat,1,train,"[0.33923304, 0.0, 0.41297936, 1.0]",0befa8da6948bdc1295bba607dd7f42dcebc4442ad87b7ef0f9e26160af608f1,490,683
validation_cat_e9474ed1086b1563_0,e9474ed1086b1563,data/processed_clean/validation/cat/validation_cat_e9474ed1086b1563_0.jpg,cat,1,train,"[0.215625, 0.1875, 0.784375, 0.6770833]",a74fcd0985292820bc4901c26cc8b13a23487f9b0dd9d1ad1c064108b9c0e203,867,604
validation_cat_ea97b1dec1efeff6_0,ea97b1dec1efeff6,data/processed_clean/validation/cat/validation_cat_ea97b1dec1efeff6_0.jpg,cat,1,train,"[0.08541667, 0.0, 0.79791663, 1.0]",4a9fda14afae8d3b7de7cb6d4b21aa01d69490ea4bcf1ed0d8d4627175a5bdb5,710,1024
validation_cat_eb9ebafb8cedaff4_0,eb9ebafb8cedaff4,data/processed_clean/validation/cat/validation_cat_eb9ebafb8cedaff4_0.jpg,cat,1,train,"[0.0, 0.0625, 1.0, 0.9375]",5f67666e7466bf3f0c1f157cff17b92740c617159b2fc92fe9e14724048c161e,1024,768
validation_cat_ee30e67f73d13467_0,ee30e67f73d13467,data/processed_clean/validation/cat/validation_cat_ee30e67f73d13467_0.jpg,cat,1,train,"[0.0, 0.0, 1.0, 1.0]",df88c6030ded760b0d362aec68b33a2df9735d2ddb191fe78d94f99b3de32c41,1024,768
validation_cat_f1289343e71bddfb_0,f1289343e71bddfb,data/processed_clean/validation/cat/validation_cat_f1289343e71bddfb_0.jpg,cat,1,train,"[0.403125, 0.275, 0.5796874999999999, 0.57291666]",b73bb4abb93bbfa2f2c3b092f6f6fa034aea0219c27d54017b29763e6c022294,659,510
validation_cat_f3d4fb242610a0c9_0,f3d4fb242610a0c9,data/processed_clean/validation/cat/validation_cat_f3d4fb242610a0c9_0.jpg,cat,1,train,"[0.0, 0.0088691795, 1.0, 0.9911308205]",6b45c2f199d3c741a61aa49e90d8e0bd3d9a0b361b1c2ca48ba6ae7ac4ee8852,1024,681
validation_cat_f4d85ca24e0d2d5c_0,f4d85ca24e0d2d5c,data/processed_clean/validation/cat/validation_cat_f4d85ca24e0d2d5c_0.jpg,cat,1,train,"[0.0, 0.0, 0.9379616, 1.0]",f30b0f09bc64784519a34d6cbcdd9ef1ee68741b0ddb18a795942f075f63d947,1024,685
validation_cat_f57647df8e832e6f_0,f57647df8e832e6f,data/processed_clean/validation/cat/validation_cat_f57647df8e832e6f_0.jpg,cat,1,train,"[0.0, 0.052083332, 1.0, 0.8250000279999999]",11a30391d79f13c0293318a3c3d144cb745fb5730f4327b20e4a6eca3d643f3c,1024,724
validation_cat_f8b5b6038fc44df1_0,f8b5b6038fc44df1,data/processed_clean/validation/cat/validation_cat_f8b5b6038fc44df1_0.jpg,cat,1,train,"[0.10619469, 0.15044248, 0.6548672799999999, 0.8495575200000001]",b07483b70415ffe16150fc8691873ec24a1ace3b752b4e5d343b494a3636a0e7,778,627
validation_cat_f9c53269b24546b3_0,f9c53269b24546b3,data/processed_clean/validation/cat/validation_cat_f9c53269b24546b3_0.jpg,cat,1,train,"[0.0029498525, 0.0022123894, 0.9734512975, 0.9911504506]",9297cf3a6d6e285475e6bd8ff5730ac95d8fd326322c2637588c9fc0e1913f0a,1024,683
validation_cat_f9d2cc52946b9637_0,f9d2cc52946b9637,data/processed_clean/validation/cat/validation_cat_f9d2cc52946b9637_0.jpg,cat,1,train,"[0.0, 0.0, 1.0, 1.0]",1b6a210190876cd5159e327442612f394866f0b7d4207217d7b6f95f83dce2eb,768,1024
validation_cat_fb37d97ee014da54_0,fb37d97ee014da54,data/processed_clean/validation/cat/validation_cat_fb37d97ee014da54_0.jpg,cat,1,train,"[0.3317647, 0.11598746, 0.4023529, 0.66771158]",7d0e741f4ea04408397396a1716cec3fe1f1ed1813fc8dfacb2dde53a81e6e65,478,596
validation_cat_fe38d52f824108dc_0,fe38d52f824108dc,data/processed_clean/validation/cat/validation_cat_fe38d52f824108dc_0.jpg,cat,1,train,"[0.39264706, 0.0864745, 0.53382354, 0.67405764]",9ad51b8c79af357b108625c88562f455146793cdf6f028719459c189374163a1,634,532
test_car_007a517cacd7f053_0,007a517cacd7f053,data/processed_clean/test/car/test_car_007a517cacd7f053_0.jpg,car,2,train,"[0.0546875, 0.27708334, 0.8546875, 0.72291666]",eb57836815f829663ef435e697e020397c9161841e3e995a12e5bf721aa00866,1001,600
test_car_045cffd17afd6f71_0,045cffd17afd6f71,data/processed_clean/test/car/test_car_045cffd17afd6f71_0.jpg,car,2,train,"[0.8296875, 0.25833333, 0.17031249999999998, 0.24583332999999996]",a1dfd0b74848d874249a6487ec0cdff9b41ea4a6a35d56c956f77192562cd16c,188,219
test_car_0486e1de3ebdae15_1,0486e1de3ebdae15,data/processed_clean/test/car/test_car_0486e1de3ebdae15_1.jpg,car,2,train,"[0.21828909, 0.4181416, 0.6002950100000001, 0.48008850000000003]",c000e4c8018d0bc1f161491d5a75a904c9df3ed1b818c0083cee3ca55cbf91c7,713,381
test_car_05fe9c0ff44beb3a_7,05fe9c0ff44beb3a,data/processed_clean/test/car/test_car_05fe9c0ff44beb3a_7.jpg,car,2,train,"[0.765625, 0.033333335, 0.234375, 0.966666665]",122fe02d0885ca519ef64c66c876bae38a7628d82a50e77aed9609bfc637dbae,259,768
test_car_07701a8ec09b44e3_0,07701a8ec09b44e3,data/processed_clean/test/car/test_car_07701a8ec09b44e3_0.jpg,car,2,train,"[0.081120946, 0.3561947, 0.806784654, 0.4778761]",98d322ff2082b5233cc8a2ad838e6d19b459afc13d0a9507a416d1d1b16136ad,958,379
test_car_078cfca9ec48c909_0,078cfca9ec48c909,data/processed_clean/test/car/test_car_078cfca9ec48c909_0.jpg,car,2,train,"[0.0234375, 0.25833333, 0.9390625, 0.52916667]",026e4a71226acdafa3b1994a34cc3505be813f12d323d9784d971ef6516e32cb,1024,471
test_car_090d42391fab5ee0_0,090d42391fab5ee0,data/processed_clean/test/car/test_car_090d42391fab5ee0_0.jpg,car,2,train,"[0.069321536, 0.28097346, 0.861356964, 0.52212391]",0750d2dbc2ab587896bcefd4923fa837e34fef2b315b8a542884a7edd08f1aac,1024,414
test_car_09a4fd91bccf481e_0,09a4fd91bccf481e,data/processed_clean/test/car/test_car_09a4fd91bccf481e_0.jpg,car,2,train,"[0.21681416, 0.36504424, 0.38643068, 0.23008852999999996]",4a834d9906572e192d0ee121300114caa04da8d0a5200fb2b2fde021dead66da,459,182
test_car_0a53b25fdd55704b_0,0a53b25fdd55704b,data/processed_clean/test/car/test_car_0a53b25fdd55704b_0.jpg,car,2,train,"[0.1625, 0.12083333, 0.7734375, 0.7791666700000001]",91b7dc5903bb7b9b2db01c268f256b901a2cd3310a5868398f489779189254fe,919,694
test_car_0c67e4884bd8e028_0,0c67e4884bd8e028,data/processed_clean/test/car/test_car_0c67e4884bd8e028_0.jpg,car,2,train,"[0.0125, 0.014583333, 0.8625, 0.972916667]",cbc46eb6fa91a2791550bd58016da25360dd1f4e84d1508ca170f92065007714,967,768
test_car_0f7e8a5b8667b1d2_0,0f7e8a5b8667b1d2,data/processed_clean/test/car/test_car_0f7e8a5b8667b1d2_0.jpg,car,2,train,"[0.027982326, 0.33481154, 0.8674521140000001, 0.57649666]",e697822c6d501110ec0dc158b63d0504f305d6942c9a45c824908a915a42c63c,988,455
test_car_0fdf10f5e5752ede_0,0fdf10f5e5752ede,data/processed_clean/test/car/test_car_0fdf10f5e5752ede_0.jpg,car,2,train,"[0.0, 0.057522126, 0.99115044, 0.940265474]",98f0890bb7b5e03e0d096b642ac19ed4e193c112b2ea7b94ee362bc7db7655cf,1024,682
test_car_1057efb43d9669fe_1,1057efb43d9669fe,data/processed_clean/test/car/test_car_1057efb43d9669fe_1.jpg,car,2,train,"[0.05625, 0.15416667, 0.85, 0.79583333]",86ef36af75d1bf0077d18a358d829d6fea87205379222e9b93cbd9b5578c4373,998,698
test_car_10fcd0285b4c044d_0,10fcd0285b4c044d,data/processed_clean/test/car/test_car_10fcd0285b4c044d_0.jpg,car,2,train,"[0.0, 0.0, 0.9970588, 1.0]",5bd667e58ab4632c3d09c05bae188dba2c572b5e9355bbebc9cbb7ceb1a3a1c3,1024,680
test_car_125b747434547b01_0,125b747434547b01,data/processed_clean/test/car/test_car_125b747434547b01_0.jpg,car,2,train,"[0.057522126, 0.30684328, 0.8023598740000001, 0.5871964700000001]",63e1b18ca35dc73019fc4454d9afe7199d550ac3e170f29f0046e64b5cd49251,946,466
test_car_1805515d0239c29e_0,1805515d0239c29e,data/processed_clean/test/car/test_car_1805515d0239c29e_0.jpg,car,2,train,"[0.011816839, 0.397351, 0.580502261, 0.55629137]",2aba44aa1cc7dadaa53a13a3c28ea3cff36182df34f8c9cfb0a9aebcd61a08ff,654,442
test_car_1861fd6106562f0a_0,1861fd6106562f0a,data/processed_clean/test/car/test_car_1861fd6106562f0a_0.jpg,car,2,train,"[0.0, 0.1498195, 1.0, 0.7202166]",83599143b46c616d9a82e11e15ba7e54b13dfc7a4c818defce8ad6d4de0b4d5c,1024,856
test_car_1c12b5481d2c041d_0,1c12b5481d2c041d,data/processed_clean/test/car/test_car_1c12b5481d2c041d_0.jpg,car,2,train,"[0.012658228, 0.09512761, 0.962025272, 0.8538282899999999]",c349c9d1a53db8759e6a37821899ea2103c20f99e3881a18b130b09004d3757a,1024,604
test_car_1c4d697a82c13e13_1,1c4d697a82c13e13,data/processed_clean/test/car/test_car_1c4d697a82c13e13_1.jpg,car,2,train,"[0.05154639, 0.23230088, 0.8600883500000001, 0.56415927]",ad212013b51e764ef7c18a049e0a16b83797dff6213d9a31ca130c06e487ac1d,1004,446
test_car_1e85c9b874a607eb_0,1e85c9b874a607eb,data/processed_clean/test/car/test_car_1e85c9b874a607eb_0.jpg,car,2,train,"[0.064705886, 0.17738359, 0.870588214, 0.78935696]",d0b6af079a1584a9138699a43f0d27db3a7a1c4500462eefc552b9ef88325da8,1024,601
test_car_1fe13e4910edf386_0,1fe13e4910edf386,data/processed_clean/test/car/test_car_1fe13e4910edf386_0.jpg,car,2,train,"[0.03125, 0.16041666, 0.9265625, 0.7333333400000001]",1d678fcf14206199d2c286239527732d6a62582040b4ee61e06a17141ca7e04c,1024,653
test_car_21ea23b48cfc4138_1,21ea23b48cfc4138,data/processed_clean/test/car/test_car_21ea23b48cfc4138_1.jpg,car,2,train,"[0.00625, 0.19375, 0.9890625000000001, 0.7541667]",645652bee14015bcd8ce4833de4df257ec11bc003946ce16d59316b73aac4774,1024,666
test_car_21f506acd35edb16_1,21f506acd35edb16,data/processed_clean/test/car/test_car_21f506acd35edb16_1.jpg,car,2,train,"[0.16914749, 0.34457833, 0.69147498, 0.47710841]",2639ebc64e3b5e8651e9d578800ba1a1db7ca8ba82bda41da990d86da1699f54,821,319
test_car_258a18e463bba2ce_0,258a18e463bba2ce,data/processed_clean/test/car/test_car_258a18e463bba2ce_0.jpg,car,2,train,"[0.0, 0.375, 0.140625, 0.15000000000000002]",ba53dfc95829d6ab48414945b79a104168149cb2dba155545d00b512511bf85a,156,133
test_car_2590233957645742_0,2590233957645742,data/processed_clean/test/car/test_car_2590233957645742_0.jpg,car,2,train,"[0.0015625, 0.12083333, 0.9984375, 0.69375003]",0247a5e3170357f303a998f77ebdea13a09b9eb915d05a22c6d35f6fa0ac7203,1024,618
test_car_26a97d148e6939ba_0,26a97d148e6939ba,data/processed_clean/test/car/test_car_26a97d148e6939ba_0.jpg,car,2,train,"[0.031161472, 0.22119816, 0.960339928, 0.73963134]",b3af30cea275139fed822337c0cb47a3deb9b8247292464a6e6693c1d0b3caec,1024,528
test_car_279133853151263e_0,279133853151263e,data/processed_clean/test/car/test_car_279133853151263e_0.jpg,car,2,train,"[0.1671875, 0.04375, 0.6343749999999999, 0.5458333400000001]",14f69cc3b589870f765b808a9077d7aa96e03c695bbbc417bdd6dfa8767abfb5,754,486
test_car_299ad73cf44c854c_0,299ad73cf44c854c,data/processed_clean/test/car/test_car_299ad73cf44c854c_0.jpg,car,2,train,"[0.19117647, 0.36363637, 0.8014705799999999, 0.63636363]",6f5a1a2a7b486b3106aff8bffe829345aadd532e34d864ad088f2852d82d22fa,894,467
test_car_2aa321ac42e0d5c4_1,2aa321ac42e0d5c4,data/processed_clean/test/car/test_car_2aa321ac42e0d5c4_1.jpg,car,2,train,"[0.0, 0.10599078, 0.97025496, 0.5138248700000001]",afa3b12e605123a1a4d2a447fa97710c57fcc6520aa1e32648ef96907dfd3b13,1024,375
test_car_2b9d95d3af53aa58_0,2b9d95d3af53aa58,data/processed_clean/test/car/test_car_2b9d95d3af53aa58_0.jpg,car,2,train,"[0.19174041, 0.3318584, 0.56194689, 0.53761065]",7ba820b2e89b349cd484d58edf541adaf9469a647e8b04d5ec2c159376735879,668,426
test_car_2d2c9c238b0330a1_1,2d2c9c238b0330a1,data/processed_clean/test/car/test_car_2d2c9c238b0330a1_1.jpg,car,2,train,"[0.36468884, 0.47972974, 0.41823446, 0.29954956]",91467e4c36451381735478d2cb0d8a77c9568190d618dcaf2fd5b9c925acac9d,497,229
test_car_2d8849e30b82f465_0,2d8849e30b82f465,data/processed_clean/test/car/test_car_2d8849e30b82f465_0.jpg,car,2,train,"[0.03125, 0.25625, 0.875, 0.60416665]",98babebb4ac387f9c25716161600048e9362643f9d5558d4e373ec7a0b59f3cb,1000,538
test_car_2e1b94045efbd40c_0,2e1b94045efbd40c,data/processed_clean/test/car/test_car_2e1b94045efbd40c_0.jpg,car,2,train,"[0.12960236, 0.0, 0.77614134, 0.9711752]",c397cb9a8175655e7566039255d0b8b117da6e51c2af68f924aae26c77ae1c9f,922,681
test_car_2ebc2f269d45534d_0,2ebc2f269d45534d,data/processed_clean/test/car/test_car_2ebc2f269d45534d_0.jpg,car,2,train,"[0.15929204, 0.19911504, 0.8097345300000001, 0.65929206]",ac1287e930b8e27f97b5beb616c80a7e308a05eddd99c43ec541c7d398b97601,927,523
test_car_2ec2f76d86a3504f_0,2ec2f76d86a3504f,data/processed_clean/test/car/test_car_2ec2f76d86a3504f_0.jpg,car,2,train,"[0.06276151, 0.19158879, 0.86750349, 0.7383177599999999]",1b897035e066eb6fa61cf23178910916b2f050644adeef4681aabd4a64efc286,1024,523
test_car_30bfd3f1379114dd_0,30bfd3f1379114dd,data/processed_clean/test/car/test_car_30bfd3f1379114dd_0.jpg,car,2,train,"[0.23869346, 0.37142858, 0.7148241399999999, 0.55584416]",74813cc6347a57777a29894ee4da28b2906572536fbaa75195a59e0e5de63c7c,838,320
test_car_3382477be7b54019_2,3382477be7b54019,data/processed_clean/test/car/test_car_3382477be7b54019_2.jpg,car,2,train,"[0.894452, 0.5710843, 0.10554799999999998, 0.4289157]",b43e367b44de3b2a096b01b877c2b6500e24d590b1e488121c72442a7e1c8e2f,117,267
test_car_33df220600c5193a_0,33df220600c5193a,data/processed_clean/test/car/test_car_33df220600c5193a_0.jpg,car,2,train,"[0.06495264, 0.14457831, 0.9039242, 0.5614457900000001]",4827ec73f8d244da0ebed49040b72245e99a9dbe1babda306db1f4dca213853d,1024,376
test_car_34756561c9a1a2ce_0,34756561c9a1a2ce,data/processed_clean/test/car/test_car_34756561c9a1a2ce_0.jpg,car,2,train,"[0.17231223, 0.3761062, 0.74521354, 0.4557522]",f208155f6b36bd61f79474bc4216eac9e81aadf000abb01f205c7852f8038bff,886,360
test_car_37e01c451c69789c_1,37e01c451c69789c,data/processed_clean/test/car/test_car_37e01c451c69789c_1.jpg,car,2,train,"[0.0018050541, 0.17509025, 0.9981949459, 0.7472924]",300a8d4df8a1af2ed98941e3abff3bfcf6abcd8bbf51aa9068b69fb046287d03,1024,888
test_car_3837f58d7ac6991b_0,3837f58d7ac6991b,data/processed_clean/test/car/test_car_3837f58d7ac6991b_0.jpg,car,2,train,"[0.8625, 0.35416666, 0.13749999999999996, 0.32083334]",dbc1e5994d0f14b3d5dde9df449a04c5d2923d5845bc89043d3b892670210303,152,286
test_car_3949a8af0bc727f4_0,3949a8af0bc727f4,data/processed_clean/test/car/test_car_3949a8af0bc727f4_0.jpg,car,2,train,"[0.025745258, 0.24278846, 0.9512195419999999, 0.7499999700000001]",fcf5e98b5fa0590c9235611c0d16a3a9db11d10b842fb0493610b4177312c2ab,1024,472
test_car_3c8790b819c1e6d2_0,3c8790b819c1e6d2,data/processed_clean/test/car/test_car_3c8790b819c1e6d2_0.jpg,car,2,train,"[0.054421768, 0.13189448, 0.937414932, 0.82014387]",b26ddabcad3e5623e51cfe75ba7fb00ae73e91f3e2f62af7acd9eb2f48b18d58,1024,542
test_car_3e3a318a23753ea6_0,3e3a318a23753ea6,data/processed_clean/test/car/test_car_3e3a318a23753ea6_0.jpg,car,2,train,"[0.04260985, 0.41320294, 0.86817575, 0.48899751999999996]",64855c07edf575ee8fb0ce1b62d04262a97320469827a624e78941ffbfc42546,1004,316
test_car_3f5d3cff1869dd3c_0,3f5d3cff1869dd3c,data/processed_clean/test/car/test_car_3f5d3cff1869dd3c_0.jpg,car,2,train,"[0.048824593, 0.32490975, 0.904159147, 0.53249095]",682eb4030dae2dc824abf253dc6516f43aec1fcf665649194ad011546f86af4e,1023,633
test_car_40dd54c9729ce8b1_0,40dd54c9729ce8b1,data/processed_clean/test/car/test_car_40dd54c9729ce8b1_0.jpg,car,2,train,"[0.019966722, 0.0, 0.980033278, 1.0]",b6c1ebb0dd492e5d278387a6e049bbdd53745213aa7781a4836c984c37e15115,905,768
test_car_423d0ea5f3e1e1a7_0,423d0ea5f3e1e1a7,data/processed_clean/test/car/test_car_423d0ea5f3e1e1a7_0.jpg,car,2,train,"[0.16961652, 0.119469024, 0.63274338, 0.829646016]",8b035955dee721309b8b651393a7dfc1ba367bf3b51b79ec6ce47d7964986434,751,647
test_car_45898f68167eac67_0,45898f68167eac67,data/processed_clean/test/car/test_car_45898f68167eac67_0.jpg,car,2,train,"[0.0, 0.45848376, 0.34476534, 0.20938628000000004]",32e60ddb322408830fa787f2fe747c456fe6ea96092aa3c0fc310b72d322b39b,381,249
test_car_46ec9d030563ce2f_1,46ec9d030563ce2f,data/processed_clean/test/car/test_car_46ec9d030563ce2f_1.jpg,car,2,train,"[0.4671875, 0.7416667, 0.5328125, 0.2583333]",09ad52cd7ca833a988eca7b095efd44fe7c3d6db5cdbdeb9076e87924ed26371,589,214
test_car_49403830a0e19d9b_0,49403830a0e19d9b,data/processed_clean/test/car/test_car_49403830a0e19d9b_0.jpg,car,2,train,"[0.0, 0.027083334, 1.0, 0.927083316]",a5d8e26702fb198146b34137e58ad26551f6b30b7ac35226f59666507e6c7eec,1024,768
test_car_4a0e76a915874a76_0,4a0e76a915874a76,data/processed_clean/test/car/test_car_4a0e76a915874a76_0.jpg,car,2,train,"[0.24483776, 0.28761062, 0.51474929, 0.55752215]",d98861186fcbe27eb99045efbf39f867196051601770dd61f626856f32ec0c67,611,442
test_car_511447dd6a740afa_0,511447dd6a740afa,data/processed_clean/test/car/test_car_511447dd6a740afa_0.jpg,car,2,train,"[0.01330377, 0.26215023, 0.8625277299999999, 0.39911634]",7334c95cf76d9b5ab973315523cd6dab21b59331d821258a06de4a3a011aa7c3,642,474
test_car_52b2e103f4e22120_0,52b2e103f4e22120,data/processed_clean/test/car/test_car_52b2e103f4e22120_0.jpg,car,2,train,"[0.0, 0.11308204, 1.0, 0.81374726]",911dc0f586cd617a58c296771a5b38b0fe2d51e9d991fd648301396e5f41ab2c,1024,642
test_car_5315c7800831731e_1,5315c7800831731e,data/processed_clean/test/car/test_car_5315c7800831731e_1.jpg,car,2,train,"[0.1472754, 0.35920176, 0.8011782000000001, 0.5388026400000001]",df16795af333c564feba5226343b3752a593d9c2033b444c0ec4ae64f1604d3b,939,425
test_car_53f4a15b4e9278c2_0,53f4a15b4e9278c2,data/processed_clean/test/car/test_car_53f4a15b4e9278c2_0.jpg,car,2,train,"[0.09916201, 0.22429906, 0.8351954899999999, 0.5233645]",97aa0c7ada7c20a77a9beb810b92f70fc78b4157402c6a502217dd0de95ce24a,991,372
test_car_565362524f1fe004_0,565362524f1fe004,data/processed_clean/test/car/test_car_565362524f1fe004_0.jpg,car,2,train,"[0.0, 0.16851442, 0.9647059, 0.70288248]",483cf307b2348865610c0d8579e64a95bf90b015876160f76d1b15cf3f8be638,1024,555
test_car_5953f8ef5231a41d_0,5953f8ef5231a41d,data/processed_clean/test/car/test_car_5953f8ef5231a41d_0.jpg,car,2,train,"[0.0, 0.0, 0.9985272, 0.99557525]",6a8984f5101762883de6991f387bb663e2d71a3362e53f98821dad8aafbbaecb,1024,682
test_car_59a415ded9c6882f_0,59a415ded9c6882f,data/processed_clean/test/car/test_car_59a415ded9c6882f_0.jpg,car,2,train,"[0.041297935, 0.0022123894, 0.851032465, 0.9668141806]",0eb5c8c75d9a2950effc63cd39106d66708b983c0b24ca3703d9f316fe37ac5b,983,683
test_car_59ae07171f4b6ef4_1,59ae07171f4b6ef4,data/processed_clean/test/car/test_car_59ae07171f4b6ef4_1.jpg,car,2,train,"[0.11893584, 0.0, 0.71987476, 0.9458333]",a349b5cb2ee7073a57cc6c38fd8d2a97f3f3895d79bae0964336e3eda8f16f5d,855,769
test_car_5a5937d6f0cf2e8e_0,5a5937d6f0cf2e8e,data/processed_clean/test/car/test_car_5a5937d6f0cf2e8e_0.jpg,car,2,train,"[0.0, 0.061946902, 1.0, 0.938053098]",1f5c33de993ec5140e254536a01c8ae47956ee41d9c38d371dfa232c84a1d7c5,1024,682
test_car_5ab46c192ce3dcb7_0,5ab46c192ce3dcb7,data/processed_clean/test/car/test_car_5ab46c192ce3dcb7_0.jpg,car,2,train,"[0.0, 0.06622516, 1.0, 0.93377484]",dada80faf3d4c5a140bba451a6868365e5dbc95de2b0de427c010ca83085a069,1024,685
test_car_5ca7adbe0412a12a_2,5ca7adbe0412a12a,data/processed_clean/test/car/test_car_5ca7adbe0412a12a_2.jpg,car,2,train,"[0.05625, 0.18958333, 0.7796875, 0.7895833699999999]",3b45034d655e55ebc53dce56f82a36fc2c5477b11a0c4e32ec5e371ea62d8c93,920,671
test_car_5d27d6cf69e6f09b_1,5d27d6cf69e6f09b,data/processed_clean/test/car/test_car_5d27d6cf69e6f09b_1.jpg,car,2,train,"[0.08125, 0.10625, 0.8624999999999999, 0.5062500000000001]",6547cd388cc0a2d631f70242cbf03e69c3564288e6f1908faaec45ccc41c361b,1011,452
test_car_601268bfed95b3e1_0,601268bfed95b3e1,data/processed_clean/test/car/test_car_601268bfed95b3e1_0.jpg,car,2,train,"[0.03539823, 0.13716814, 0.89675517, 0.71238936]",0a282da1df2c320841f709875fb5ca68154a12468aea07367bab5ce025e7990b,1024,564
test_car_61ba2f3b3295ef24_1,61ba2f3b3295ef24,data/processed_clean/test/car/test_car_61ba2f3b3295ef24_1.jpg,car,2,train,"[0.10749646, 0.0, 0.7821781999999999, 0.9562212]",765ce85dba0682938121f0b04d0d4f992d10d4138c0667a0971f40308135d1b4,929,628
test_car_61d2c016076fb21e_1,61d2c016076fb21e,data/processed_clean/test/car/test_car_61d2c016076fb21e_1.jpg,car,2,train,"[0.16789396, 0.35840708, 0.74374078, 0.56194692]",f87f252e55f0a2b24cc83ec0e0bcfa637cc9711e1ce520ada18a123503de49a4,883,444
test_car_622192b6408b2fdd_0,622192b6408b2fdd,data/processed_clean/test/car/test_car_622192b6408b2fdd_0.jpg,car,2,train,"[0.0984375, 0.0, 0.9015625, 0.96666664]",cfe089879f6d5dff48f8d24f5468f8462247e90fac264d95f191ac33f1302c94,997,768
test_car_62ca19315da36a7c_0,62ca19315da36a7c,data/processed_clean/test/car/test_car_62ca19315da36a7c_0.jpg,car,2,train,"[0.86101085, 0.32490975, 0.13898915, 0.19494584999999998]",da157b0162758c7971df9e59fab41b537a7cc6575ccfc5bfa1e991fd2ff6d684,154,231
test_car_66cfee5fed691c46_0,66cfee5fed691c46,data/processed_clean/test/car/test_car_66cfee5fed691c46_0.jpg,car,2,train,"[0.0, 0.23451327, 1.0, 0.65929203]",0ad51d0654a710761ec48e00b9f371849cb744d9c4a49bc6934dbdccb7d5a9b3,1024,522
test_car_688bc63e38fba7ff_0,688bc63e38fba7ff,data/processed_clean/test/car/test_car_688bc63e38fba7ff_0.jpg,car,2,train,"[0.021235522, 0.17567568, 0.9671814479999999, 0.32263512]",675fb6837040c73af1a4a788b8b19455b2ce99187c0475799a03f4dc7c023079,768,329
test_car_68deae7a44a02d90_0,68deae7a44a02d90,data/processed_clean/test/car/test_car_68deae7a44a02d90_0.jpg,car,2,train,"[0.03982301, 0.0, 0.84513275, 0.8517699]",54da0dc40e99d54e8ec2385e93be6049d6c3b5daec3ae4ae1ff5066221ff1a8c,975,628
test_car_6ce0315c9931e69c_0,6ce0315c9931e69c,data/processed_clean/test/car/test_car_6ce0315c9931e69c_0.jpg,car,2,train,"[0.23201175, 0.07317073, 0.6226137500000001, 0.77383597]",cc69f7d2e3c56661b0214502320d1f448dc17cbc99976ebf888decee2d1160f7,739,608
test_car_6f5ab188a01f0558_0,6f5ab188a01f0558,data/processed_clean/test/car/test_car_6f5ab188a01f0558_0.jpg,car,2,train,"[0.012987013, 0.0, 0.979797987, 0.8959276]",a4017877b62610628c638c84b63dfb14b7f0db47dacc047c7e9649b43a67e5b3,1024,632
test_car_6f665969cf3f52f4_0,6f665969cf3f52f4,data/processed_clean/test/car/test_car_6f665969cf3f52f4_0.jpg,car,2,train,"[0.01767305, 0.22172949, 0.86156115, 0.64301551]",60148cdd63861c9e0a07ec156e62958ae08db3532f7c41a32d983d64ee023c7e,971,508
test_car_6fc6e5924bb78011_0,6fc6e5924bb78011,data/processed_clean/test/car/test_car_6fc6e5924bb78011_0.jpg,car,2,train,"[0.0875, 0.06666667, 0.7046875, 0.7833333299999999]",011fec00c193bf102edae56790b805b98f8a377bbd7a7f86740d17fbbc298dd1,837,698
test_car_728ca09d92845f29_0,728ca09d92845f29,data/processed_clean/test/car/test_car_728ca09d92845f29_0.jpg,car,2,train,"[0.0, 0.014141414, 1.0, 0.909090886]",b9b9b5c4f86aacdbdedb96ef0969ed4cff6ba2fadc8288c83377aded3476b8d0,1024,816
test_car_75b6883696e8777b_0,75b6883696e8777b,data/processed_clean/test/car/test_car_75b6883696e8777b_0.jpg,car,2,train,"[0.10554804, 0.26024097, 0.6779431600000001, 0.53493977]",19e15884d8bf5ecb807dd4de23bde9577ef0117eba55de8d8fde703a39906558,805,358
test_car_75c37e760b2ffa45_0,75c37e760b2ffa45,data/processed_clean/test/car/test_car_75c37e760b2ffa45_0.jpg,car,2,train,"[0.0625, 0.125, 0.91875, 0.7625]",f5cff2be38f9b449b18df1954c8889b47cf18b9fdf05c64dc76dc799dfc89e11,1024,679
test_car_7675decf028b6d80_2,7675decf028b6d80,data/processed_clean/test/car/test_car_7675decf028b6d80_2.jpg,car,2,train,"[0.25073746, 0.29646018, 0.66519174, 0.6769911200000001]",ba8b54cc48cd9cc27bcbc85bad72e3572958a48ffd7604574b0ff1560d5ea25d,790,518
test_car_76f1e274c3947d40_0,76f1e274c3947d40,data/processed_clean/test/car/test_car_76f1e274c3947d40_0.jpg,car,2,train,"[0.375, 0.03125, 0.55625, 0.2078125]",d354be6d6083d3e3e8796785d04296cec5ae30c8affa137e83c12df20cdbdd76,495,247
test_car_7776cb8351c2cc5d_3,7776cb8351c2cc5d,data/processed_clean/test/car/test_car_7776cb8351c2cc5d_3.jpg,car,2,train,"[0.2758112, 0.47566372, 0.6386431000000001, 0.39601768000000004]",791e68989e00e55efd93293ce07fa754eb0b09526ab682fb8b3f07b50a20c605,759,314
test_car_782659036399c8e4_0,782659036399c8e4,data/processed_clean/test/car/test_car_782659036399c8e4_0.jpg,car,2,train,"[0.19911504, 0.19690265, 0.4675516599999999, 0.6216814500000001]",f1d28b8b2bf85647e93efed048f40ebe8043621acf65f4214626f37667791bb7,555,492
test_car_7889fbdd1d6bd868_0,7889fbdd1d6bd868,data/processed_clean/test/car/test_car_7889fbdd1d6bd868_0.jpg,car,2,train,"[0.16371681, 0.2079646, 0.59882009, 0.5752212400000001]",ddbb3f76201151e5ec64b5749189a36a20f21da7b0dcdcf3a95f646515f22d8e,711,455
test_car_798665a0ccab36cb_1,798665a0ccab36cb,data/processed_clean/test/car/test_car_798665a0ccab36cb_1.jpg,car,2,train,"[0.097345136, 0.09955752, 0.827433624, 0.78318584]",74c8d42be040545a617c5d5039b07ec9bb3723c06c5e7d9452ba946ade405236,983,621
test_car_7a258d7a4d088b78_0,7a258d7a4d088b78,data/processed_clean/test/car/test_car_7a258d7a4d088b78_0.jpg,car,2,train,"[0.20768137, 0.44495413, 0.60028453, 0.41743119999999995]",c5cdfb3cd8580245a79a4d9f564de622e703c16934b9d759f0ddc4ef35acaa8e,714,308
test_car_7a4e78194ac27f4c_0,7a4e78194ac27f4c,data/processed_clean/test/car/test_car_7a4e78194ac27f4c_0.jpg,car,2,train,"[0.0, 0.059734512, 0.7536873, 0.860619488]",4d6ca46ab2d205201f0512c59f83506a5202adb8feaa52b13b716c2381f4b52f,834,676
test_car_7b79f11b0efef79c_0,7b79f11b0efef79c,data/processed_clean/test/car/test_car_7b79f11b0efef79c_0.jpg,car,2,train,"[0.1578125, 0.15416667, 0.8421875, 0.84583333]",95225bf8ccaa770e026ac0413f6e6c21925d6a0d41ff9a4e702e85b13854ffee,931,702
test_car_7c8540c748002cc0_1,7c8540c748002cc0,data/processed_clean/test/car/test_car_7c8540c748002cc0_1.jpg,car,2,train,"[0.859882, 0.49778762, 0.14011799999999996, 0.21902654]",27632550e5e1d03eb49317b369fe86d3683e34d45f1cf103e9fc504c92bb5286,155,174
test_car_7d9527eda3a8f857_1,7d9527eda3a8f857,data/processed_clean/test/car/test_car_7d9527eda3a8f857_1.jpg,car,2,train,"[0.065625, 0.15625, 0.84375, 0.6666667]",fdb8d77afb8844cd71e7b4ece9d334e176c506ea74a1572a3c7efc859895b36e,1000,594
test_car_7d9ae34d22683097_0,7d9ae34d22683097,data/processed_clean/test/car/test_car_7d9ae34d22683097_0.jpg,car,2,train,"[0.029411765, 0.42350334, 0.651470565, 0.31929045999999994]",fa98fb28891bea819973988ed0233f4d1f7aacaa0fff563f4be6f6079bc59821,751,251
test_car_7e24f9fd3b5496e7_0,7e24f9fd3b5496e7,data/processed_clean/test/car/test_car_7e24f9fd3b5496e7_0.jpg,car,2,train,"[0.107669614, 0.46681416, 0.823008886, 0.47787614]",9adef754b84d252de09ee4d2417b296382c8b58f8c149f1ac922bcd9dd7ad9a4,977,378
test_car_7e40af513ac532db_0,7e40af513ac532db,data/processed_clean/test/car/test_car_7e40af513ac532db_0.jpg,car,2,train,"[0.0, 0.1796875, 1.0, 0.621875]",7a68634976523f35c6f0d9d1f921ddd6a9a7edee8a1bc7c0fcd9eeaf74eed1ca,768,739
test_car_7f6b58e38b918c75_1,7f6b58e38b918c75,data/processed_clean/test/car/test_car_7f6b58e38b918c75_1.jpg,car,2,train,"[0.25663716, 0.07522124, 0.7433628400000001, 0.69247786]",54fc4e9766c2aa2c5f4f568997a0db781ea57089affaf68b5b4fbcf9a76e6c9e,822,548
test_car_80c0a872b5a21a69_0,80c0a872b5a21a69,data/processed_clean/test/car/test_car_80c0a872b5a21a69_0.jpg,car,2,train,"[0.04270987, 0.0, 0.92341683, 1.0]",bee4c3b2a393be930dc5015843522582f1d9e0945095b01bbc7479b8085bb01d,1024,681
test_car_81d2f0f9de8e77af_0,81d2f0f9de8e77af,data/processed_clean/test/car/test_car_81d2f0f9de8e77af_0.jpg,car,2,train,"[0.08714919, 0.30022076, 0.82865585, 0.64238408]",a065705f05756a68d3a87d714ebc7d4dd2775cbeb27ed27d74fb49d2f4ee7b14,985,511
test_car_86a560d04724f6dc_0,86a560d04724f6dc,data/processed_clean/test/car/test_car_86a560d04724f6dc_0.jpg,car,2,train,"[0.16531165, 0.4554217, 0.32249324999999995, 0.4963855]",1d0bc90c72cfa78aa8a1658dd0312eaed098ca4f1b3de0e031fafa1e76af7f46,383,332
test_car_86e0be65996cfac8_0,86e0be65996cfac8,data/processed_clean/test/car/test_car_86e0be65996cfac8_0.jpg,car,2,train,"[0.5294985, 0.40707964, 0.27728620000000004, 0.3849557599999999]",41be3c39540c51fbec364e59a37ffd6d8a6f7e672704a3e95c5cd3b0650e838b,330,305
test_car_870cac9103d90c2b_0,870cac9103d90c2b,data/processed_clean/test/car/test_car_870cac9103d90c2b_0.jpg,car,2,train,"[0.0828125, 0.37083334, 0.828125, 0.42083335999999993]",02010e7701c11597736d07cd5220ecba07dfb86c499a384d0bd4f42b00261d8b,984,375
test_car_8765e93404160d6a_0,8765e93404160d6a,data/processed_clean/test/car/test_car_8765e93404160d6a_0.jpg,car,2,train,"[0.038356163, 0.24047619, 0.906849287, 0.60000001]",841b3f19555a8fe0181db0a8048467f3bc79b9f2a08c98c7312a3d03379cca81,1024,410
test_car_88e5d12b401719c0_0,88e5d12b401719c0,data/processed_clean/test/car/test_car_88e5d12b401719c0_0.jpg,car,2,train,"[0.0, 0.030237582, 1.0, 0.933045358]",ca55ec0a7d6e35ccb67aaf49ab7ff735fb04b70600710df7081161ec20e9011e,1024,717
test_car_899bf213828e38ca_2,899bf213828e38ca,data/processed_clean/test/car/test_car_899bf213828e38ca_2.jpg,car,2,train,"[0.022123894, 0.15486726, 0.9498525059999999, 0.7212389399999999]",cb0b3baabbc6f2a49a8b3cffe5c018dedd1ef286ad60bca47806fe787670b9a1,1024,572
test_car_8a0f9d5ceca29b12_0,8a0f9d5ceca29b12,data/processed_clean/test/car/test_car_8a0f9d5ceca29b12_0.jpg,car,2,train,"[0.0125, 0.28958333, 0.8765625, 0.5958333699999999]",a20d7490f01532dc0676c29ece36dd376ea595ae08fa5a45df30552bda30fcc6,982,531
test_car_8b41ec39a57d8e2d_1,8b41ec39a57d8e2d,data/processed_clean/test/car/test_car_8b41ec39a57d8e2d_1.jpg,car,2,train,"[0.2925373, 0.3973799, 0.6358209, 0.49344979999999994]",fa5b95804e001c68d2bbb0030e5ad68cfbc42a001b390636322b142522a1f4f9,756,400
test_car_8bacfb342209bd57_0,8bacfb342209bd57,data/processed_clean/test/car/test_car_8bacfb342209bd57_0.jpg,car,2,train,"[0.052955665, 0.14550264, 0.9064039349999999, 0.79894176]",df6883aa89fd34e90a30d0da14a03374e687be7fb848f91a3ddc38f8139320c9,1024,437
test_car_8bb155b77538022b_0,8bb155b77538022b,data/processed_clean/test/car/test_car_8bb155b77538022b_0.jpg,car,2,train,"[0.15196744, 0.22115384, 0.55223876, 0.63461536]",e1f808806a15a6fa7140d44948551656f49999fda93e7f034bf5d504043d3923,656,426
test_car_8bcce8255f4d4274_0,8bcce8255f4d4274,data/processed_clean/test/car/test_car_8bcce8255f4d4274_0.jpg,car,2,train,"[0.16961652, 0.31637168, 0.73008848, 0.46238942]",bc9d0a57a654ac6d53b0eda09f665e9f0a6d3da12003f3ab2b5bd81a589bc09c,867,366
test_car_8e5b54c169996733_0,8e5b54c169996733,data/processed_clean/test/car/test_car_8e5b54c169996733_0.jpg,car,2,train,"[0.01875, 0.17330211, 0.8703124999999999, 0.72599529]",e485db3fc4026123d090e2fe6f794d93c35ec4ab2f9990eaa858e23072043d97,982,575
test_car_8f48b88653d7ddbb_0,8f48b88653d7ddbb,data/processed_clean/test/car/test_car_8f48b88653d7ddbb_0.jpg,car,2,train,"[0.0703125, 0.1375, 0.8953125, 0.7083333599999999]",e05e3309469dd21a35ec9c2aa15b360831b341791f5a84a8b3b077b1526f8af0,1024,631
test_car_8fcf454deda7e5a6_1,8fcf454deda7e5a6,data/processed_clean/test/car/test_car_8fcf454deda7e5a6_1.jpg,car,2,train,"[0.084375, 0.06666667, 0.784375, 0.8416666899999999]",e4a61fbe9ba82b4aebeef13b0de09eae3b6bc593a32d27dc3746bcb071a2d946,932,749
test_car_9056a8e034cdab80_0,9056a8e034cdab80,data/processed_clean/test/car/test_car_9056a8e034cdab80_0.jpg,car,2,train,"[0.040625, 0.22083333, 0.80625, 0.6833333100000001]",8d5bae3643db6a061f39972b8733b69dcc1980b8f961319ed792fdabd88af361,933,608
test_car_94aed8eb7c961267_0,94aed8eb7c961267,data/processed_clean/test/car/test_car_94aed8eb7c961267_0.jpg,car,2,train,"[0.13737075, 0.26048565, 0.68094535, 0.68432671]",6935ca50b1e6689d3995cc769e960cb1d575df88584e8e3f3be5ab06bc447b6e,809,544
test_car_95e32c82758bbb0a_1,95e32c82758bbb0a,data/processed_clean/test/car/test_car_95e32c82758bbb0a_1.jpg,car,2,train,"[0.10751104, 0.16629712, 0.80559646, 0.7317072800000001]",43d08322e95245003f87745127f283cb65dc040254b7b75bf96824c3bd5a5e9a,957,578
test_car_976e2806e1c1a6fd_2,976e2806e1c1a6fd,data/processed_clean/test/car/test_car_976e2806e1c1a6fd_2.jpg,car,2,train,"[0.04719764, 0.22958058, 0.8790560599999999, 0.66887412]",73f0b6400c42f8ba07fe4ca89814c919fa497b6a41c97d3c911f709ca30c5f19,1020,531
test_car_9872d39bbf585441_0,9872d39bbf585441,data/processed_clean/test/car/test_car_9872d39bbf585441_0.jpg,car,2,train,"[0.1125, 0.40625, 0.7687499999999999, 0.5015625]",053327ce6d32249d3a4805851a472a80dc50a2b3a6120004922b2c1efdf9003b,685,596
test_car_9dec807684c6122c_0,9dec807684c6122c,data/processed_clean/test/car/test_car_9dec807684c6122c_0.jpg,car,2,train,"[0.7876106, 0.11504425, 0.21238939999999995, 0.14823008999999998]",6612daf1ec5e53e7981902b5a40c9d090353abbe34127e77f07d4e162d2fc724,235,118
test_car_9f8c70a4f5e397f3_0,9f8c70a4f5e397f3,data/processed_clean/test/car/test_car_9f8c70a4f5e397f3_0.jpg,car,2,train,"[0.190625, 0.37916666, 0.55, 0.32083333999999997]",9281154af304cd2acf3e66815e0bec2f754166179ea638a04bcffe6cc6bfe006,653,286
test_car_9fd188710bacb00d_1,9fd188710bacb00d,data/processed_clean/test/car/test_car_9fd188710bacb00d_1.jpg,car,2,train,"[0.625, 0.140625, 0.2895833, 0.1328125]",e303d168c2e1330e2890dcf609dd17f2b3828629ed44291608ac1600c1d4837f,258,158
test_car_a11e62e02f6292a1_1,a11e62e02f6292a1,data/processed_clean/test/car/test_car_a11e62e02f6292a1_1.jpg,car,2,train,"[0.47050148, 0.35840708, 0.27138642, 0.28982302000000004]",7162fa51f847106ccbae1531783a80f957dd428cb6200887bfc94fef49645021,322,230
test_car_a1a0febf3cee0d23_0,a1a0febf3cee0d23,data/processed_clean/test/car/test_car_a1a0febf3cee0d23_0.jpg,car,2,train,"[0.092920355, 0.17699115, 0.8805309450000001, 0.67477875]",d4a9444980a7c31e56fcde4d8dd2d0bcb0c6cdd0b586ba01257e8021f8379297,1001,535
test_car_a29bc17ad67fa304_3,a29bc17ad67fa304,data/processed_clean/test/car/test_car_a29bc17ad67fa304_3.jpg,car,2,train,"[0.16814159, 0.17256637, 0.20796461, 0.13495575]",26dd62eed466d484370c792ebbbde9517d2e7bf84633edeeb5dafdf80160453c,247,107
test_car_a36ea186272c81bc_1,a36ea186272c81bc,data/processed_clean/test/car/test_car_a36ea186272c81bc_1.jpg,car,2,train,"[0.1140625, 0.16041666, 0.80625, 0.72291664]",ebb3dad2e72d9bf5527355ead49126ddb1be6b651b352a6d986cfc0c5d82e059,957,644
test_car_a3e286a8872f5582_1,a3e286a8872f5582,data/processed_clean/test/car/test_car_a3e286a8872f5582_1.jpg,car,2,train,"[0.09439528, 0.092920355, 0.80530972, 0.8053097450000001]",09294a4d99ba490b2c7c9bac35473c9de76cd34f94fdc7e779b006bdb4b322fb,956,638
test_car_a41978b395f3a65b_0,a41978b395f3a65b,data/processed_clean/test/car/test_car_a41978b395f3a65b_0.jpg,car,2,train,"[0.0, 0.030837005, 0.98370373, 0.883259895]",718aaedaf9d418f0e52529187d5c3fb1759d5573123d487419e5ddf364534057,1024,678
test_car_a52d011cc9e55516_1,a52d011cc9e55516,data/processed_clean/test/car/test_car_a52d011cc9e55516_1.jpg,car,2,train,"[0.11356932, 0.24336283, 0.82448378, 0.53539827]",e13f2e15498988237c8989d56336607d84e85047403bf257567abf06922c2bf1,975,424
test_car_a5ced46a6b4eff6f_2,a5ced46a6b4eff6f,data/processed_clean/test/car/test_car_a5ced46a6b4eff6f_2.jpg,car,2,train,"[0.278125, 0.27708334, 0.49218749999999994, 0.36874996000000004]",c6728aa0d8a400a1e1e5e2f5ebbad2d487982d21ead4801bbb20e9407cab88d6,585,329
test_car_a6375dc7a0430d03_0,a6375dc7a0430d03,data/processed_clean/test/car/test_car_a6375dc7a0430d03_0.jpg,car,2,train,"[0.125, 0.19256018, 0.7633333, 0.64989056]",88411d9099b1779114accf5c39fe486891198e26db106e9549d75dc4491d55ff,907,588
test_car_a6ae19d09041ee04_0,a6ae19d09041ee04,data/processed_clean/test/car/test_car_a6ae19d09041ee04_0.jpg,car,2,train,"[0.060471978, 0.048672568, 0.8687315219999999, 0.882743332]",e585d1e6507dc4e765ca3dd2923051344d16643000114fed2a0dce9177f80d73,1023,683
test_car_a73cd01a32ef1842_0,a73cd01a32ef1842,data/processed_clean/test/car/test_car_a73cd01a32ef1842_0.jpg,car,2,train,"[0.0034722222, 0.0056390977, 0.9930555778, 0.9924812022999999]",046992350a9bc536a30546e053f16523d009946e2bc83387857ac5325d73da13,1024,945
test_car_a76872ff4885c8c3_0,a76872ff4885c8c3,data/processed_clean/test/car/test_car_a76872ff4885c8c3_0.jpg,car,2,train,"[0.21145375, 0.21286032, 0.62995595, 0.59423503]",d2a1edd2975aac0c7e319aa0d15e5c95185d1a1c8fcc425a8ea5c5c1651efba5,748,467
test_car_a927bc8525bcc0d0_1,a927bc8525bcc0d0,data/processed_clean/test/car/test_car_a927bc8525bcc0d0_1.jpg,car,2,train,"[0.0625, 0.16875, 0.878125, 0.7229166499999999]",bbab7d483374bea033de322219e99f732a5b6918cbc6659c39dd5eba5c95bcfd,1024,644
test_car_ad010dc656f9fb2c_0,ad010dc656f9fb2c,data/processed_clean/test/car/test_car_ad010dc656f9fb2c_0.jpg,car,2,train,"[0.0890625, 0.0, 0.9109375, 1.0]",4a0bd8c32b4a36d3e869774ce2a9b6faa41f130013f044f4ddfc882944864c58,3935,3000
test_car_ae1877779b98e87c_0,ae1877779b98e87c,data/processed_clean/test/car/test_car_ae1877779b98e87c_0.jpg,car,2,train,"[0.04719764, 0.055309735, 0.95280236, 0.944690265]",69fb5b933b4c4bd799f756c97fad7bf17b78e1a35c3a7ca72fc78ec7e441e017,1024,683
test_car_af711b3466c6f603_1,af711b3466c6f603,data/processed_clean/test/car/test_car_af711b3466c6f603_1.jpg,car,2,train,"[0.18879056, 0.6836283, 0.23451328, 0.1659292]",f7f2c628d1ffd3ddf8b706b39acd75ad89af5170b32c349dd162ec1f7e5f1d92,279,131
test_car_b1fd154159887a6e_0,b1fd154159887a6e,data/processed_clean/test/car/test_car_b1fd154159887a6e_0.jpg,car,2,train,"[0.044594593, 0.0746988, 0.889189177, 0.85542167]",8e3961ebae8694b1b9bd0339166771f57c9f7007e6626fc3179bdb970ef5d317,1024,569
test_car_b6286a94631541db_0,b6286a94631541db,data/processed_clean/test/car/test_car_b6286a94631541db_0.jpg,car,2,train,"[0.18998528, 0.172949, 0.73490428, 0.7782705]",811fe1552851647fa61d827efb1f65e62c8a0b8a05da5bdf028242e8a7226db7,873,606
test_car_b97b4a9d2cdaca48_1,b97b4a9d2cdaca48,data/processed_clean/test/car/test_car_b97b4a9d2cdaca48_1.jpg,car,2,train,"[0.0, 0.021001615, 0.28282827, 0.809369945]",9b66f5fbdb4e03c75e2f55840b54242d9093a5de15cc032645991c9cd9e90c24,250,917
test_car_b9c55d33edee66b3_3,b9c55d33edee66b3,data/processed_clean/test/car/test_car_b9c55d33edee66b3_3.jpg,car,2,train,"[0.2765625, 0.3375, 0.575, 0.5187499999999999]",7dfcab92621cfab39bd70ba49bcfee4619828f2b954861a3e1a28b5e752cdab9,683,462
test_car_bc8a383a77ad7113_0,bc8a383a77ad7113,data/processed_clean/test/car/test_car_bc8a383a77ad7113_0.jpg,car,2,train,"[0.2529412, 0.0, 0.7470588, 1.0]",d655121ee862c65ded292610b7cfdbc74141970861d61771193331621ecadfc2,826,680
test_car_bdcb53251542e325_0,bdcb53251542e325,data/processed_clean/test/car/test_car_bdcb53251542e325_0.jpg,car,2,train,"[0.0, 0.16283925, 0.9421875, 0.8204592900000001]",726f7ef75dc873fc759d6775cd24f06bd15ea09f2d4f2119fa7217210b28b0bb,1024,692
test_car_c06bc9572330028b_0,c06bc9572330028b,data/processed_clean/test/car/test_car_c06bc9572330028b_0.jpg,car,2,train,"[0.32205683, 0.2626506, 0.48579162000000004, 0.46506023999999996]",50e14fdcff8f01688b9ba1c6faca03af3b4f381e37ff3097ba3d098b3db22112,577,311
test_car_c6dba8fef642767f_1,c6dba8fef642767f,data/processed_clean/test/car/test_car_c6dba8fef642767f_1.jpg,car,2,train,"[0.0546875, 0.21503131, 0.91875, 0.6680584900000001]",918bc5b718e428c134ea7644a5a677a9b159cbcdd7b7b9a646950e7dabe7b7b2,1024,595
test_car_c7571b95d99d75a6_0,c7571b95d99d75a6,data/processed_clean/test/car/test_car_c7571b95d99d75a6_0.jpg,car,2,train,"[0.20384048, 0.196468, 0.64401772, 0.69536423]",61ef8350140258e1f17bdfba71d8016e2ef79fb93c4bb6ce6d16fd70be1bf851,765,553
test_car_c78ed679401d9f72_0,c78ed679401d9f72,data/processed_clean/test/car/test_car_c78ed679401d9f72_0.jpg,car,2,train,"[0.08125, 0.054166667, 0.7390625, 0.922916633]",872cec164129343884ca6fea67e30ce108b19dc242b6be81b146288d4b5f98d8,878,768
test_car_c99f58d17c3e7825_1,c99f58d17c3e7825,data/processed_clean/test/car/test_car_c99f58d17c3e7825_1.jpg,car,2,train,"[0.1265625, 0.14166667, 0.7328125, 0.56041668]",9ac0563a5e2cdc5ca169885a8e53f985b2858572dba54ce4176ab2fc2aeefaa9,870,500
test_car_cc0deb4cc262d256_0,cc0deb4cc262d256,data/processed_clean/test/car/test_car_cc0deb4cc262d256_0.jpg,car,2,train,"[0.0, 0.0, 1.0, 0.73333335]",d838ce4e905df44a2f377f9a9803a8bc21bedbe0cc9beecacb25d8f09a6655e4,1024,608
test_car_ce1c8eea7aec8244_0,ce1c8eea7aec8244,data/processed_clean/test/car/test_car_ce1c8eea7aec8244_0.jpg,car,2,train,"[0.019174041, 0.03761062, 0.889380509, 0.96238938]",3bab35ded185f08218daf264a033f9623edf33ff085b87ff512f54c05e92b6eb,1003,684
test_car_ce383f96db43241d_0,ce383f96db43241d,data/processed_clean/test/car/test_car_ce383f96db43241d_0.jpg,car,2,train,"[0.045655377, 0.2699115, 0.895434423, 0.51548674]",34b6d9fa077d102eead7b5a8c40468871e1845e5cd39833a795089d621b9b3e1,1024,408
test_car_ce4d46893690ec38_1,ce4d46893690ec38,data/processed_clean/test/car/test_car_ce4d46893690ec38_1.jpg,car,2,train,"[0.20625, 0.27291667, 0.79375, 0.41458333]",1ddd1f55ec5959992d07cc332d000661c63d6b591cfa21171b182068e0a580b3,878,369
test_car_ced6303acd1b85d6_0,ced6303acd1b85d6,data/processed_clean/test/car/test_car_ced6303acd1b85d6_0.jpg,car,2,train,"[0.0421875, 0.25833333, 0.8984375, 0.60416667]",6c03ce244a0884fb03ccb0cd4634bc10facf17aa1ce9cccff91bfe76a28ad53d,1024,539
test_car_d0a03a0da3f56da2_0,d0a03a0da3f56da2,data/processed_clean/test/car/test_car_d0a03a0da3f56da2_0.jpg,car,2,train,"[0.1015625, 0.0625, 0.79375, 0.75625]",f6e0856cfa527e8c63b844ccfe0e72c6b4f406e4734c9f14197b8c1220c550be,943,673
test_car_d16cb785f98e3d1c_1,d16cb785f98e3d1c,data/processed_clean/test/car/test_car_d16cb785f98e3d1c_1.jpg,car,2,train,"[0.06875, 0.16666667, 0.865625, 0.74583333]",9b8947a8e06a0d05081c948b2d18e8b1b83c34c8bcf41ec072ee8147584c1710,1024,665
test_car_d2e20c7c1e758bf6_0,d2e20c7c1e758bf6,data/processed_clean/test/car/test_car_d2e20c7c1e758bf6_0.jpg,car,2,train,"[0.03663004, 0.101604275, 0.87912086, 0.815508025]",0506b87a9d9f140501eaa230a0134be351c137d2702b5d0271b9c2ec0aef05db,1010,443
test_car_d3b2e3ef6cabf749_0,d3b2e3ef6cabf749,data/processed_clean/test/car/test_car_d3b2e3ef6cabf749_0.jpg,car,2,train,"[0.083524026, 0.37891737, 0.719679614, 0.47293453]",2d5b5b224cb06749c5a1a816e16ec994eeb44eaf69a17578fa6301a0c289ba2b,854,226
test_car_d4f247a2432e57e4_1,d4f247a2432e57e4,data/processed_clean/test/car/test_car_d4f247a2432e57e4_1.jpg,car,2,train,"[0.1078125, 0.1875, 0.8921875, 0.81041664]",cfa6ca882917ca1758247affdc72c9a1a7cdaa0e9f561c9a936e1285280ceeda,987,674
test_car_d66db6298a0c1929_1,d66db6298a0c1929,data/processed_clean/test/car/test_car_d66db6298a0c1929_1.jpg,car,2,train,"[0.4941003, 0.3761062, 0.5058997000000001, 0.32743364999999997]",86a41dfeb0602e0dc436fa7141e2222fff53a85d29c08f628169265fda20a08e,559,259
test_car_d81132d4e1ebf610_1,d81132d4e1ebf610,data/processed_clean/test/car/test_car_d81132d4e1ebf610_1.jpg,car,2,train,"[0.069321536, 0.19690265, 0.871681424, 0.6592920499999999]",a283342040dd810f0448ab38271fa1c79518100bfd910c39faa2ab151846ab19,1024,523
test_car_d84d542f365db818_0,d84d542f365db818,data/processed_clean/test/car/test_car_d84d542f365db818_0.jpg,car,2,train,"[0.1740413, 0.46681416, 0.70501474, 0.40265489]",7eb5e698c4f73b525eab7abeb2fc85b14456f7acf6fa67d9a4523a8e803cc450,838,320
test_car_da6079bc0aedf6c6_2,da6079bc0aedf6c6,data/processed_clean/test/car/test_car_da6079bc0aedf6c6_2.jpg,car,2,train,"[0.15, 0.22916667, 0.85, 0.69166668]",a40c39fc92a3326bf2182ff70a606971d94c8e54e10532ca37e2295f265ac779,940,616
test_car_dae5870979216c8f_0,dae5870979216c8f,data/processed_clean/test/car/test_car_dae5870979216c8f_0.jpg,car,2,train,"[0.0015625, 0.039583333, 0.9953124999999999, 0.958333307]",250d8dd1402f6148047b2c91f8960e839da0ca51c533b2333afd99f7ca7f4a1b,1024,768
test_car_db18948ed9ab2f7c_0,db18948ed9ab2f7c,data/processed_clean/test/car/test_car_db18948ed9ab2f7c_0.jpg,car,2,train,"[0.053125, 0.14583333, 0.765625, 0.76458333]",13f315b8121c01e3a8f5ba8b899fb6a4d402eb13efc3659695e79c13a140b242,901,681
test_car_dc367f22c2fcca0b_1,dc367f22c2fcca0b,data/processed_clean/test/car/test_car_dc367f22c2fcca0b_1.jpg,car,2,train,"[0.21911764, 0.10421286, 0.54852946, 0.8536585400000001]",a1ad9efc288e28387c9c905bd08ba4179727f2cb5dece42b7279224e6fff52d1,652,655
test_car_dcbfe8788c79023b_0,dcbfe8788c79023b,data/processed_clean/test/car/test_car_dcbfe8788c79023b_0.jpg,car,2,train,"[0.023357663, 0.078299776, 0.951824837, 0.791946324]",e8c43d7bfd1544aedc11a652b560e766fc182b19743d436ce2b3216f5c0abe1c,1024,615
test_car_df7181f81b7d052f_0,df7181f81b7d052f,data/processed_clean/test/car/test_car_df7181f81b7d052f_0.jpg,car,2,train,"[0.05625, 0.24166666, 0.85625, 0.58749999]",36aa6d7ebf63bd03cbc11be84f1dc87409d5e4650d627781d3005f38834c471a,1005,523
test_car_e21abceb7d222db5_1,e21abceb7d222db5,data/processed_clean/test/car/test_car_e21abceb7d222db5_1.jpg,car,2,train,"[0.128125, 0.00625, 0.7578125, 0.96666666]",4b54b600cf7c1730084a895414656dacaf258afd314beff9b8beefafb5690cd7,900,768
test_car_e33499c394436cb1_0,e33499c394436cb1,data/processed_clean/test/car/test_car_e33499c394436cb1_0.jpg,car,2,train,"[0.17551622, 0.21017699, 0.66519174, 0.57522125]",9f2c2db9787ff9f97f31fcfc66cc76102c96c23617efe58fb6df96da303d530c,790,456
test_car_e4a6a783c69d9f46_0,e4a6a783c69d9f46,data/processed_clean/test/car/test_car_e4a6a783c69d9f46_0.jpg,car,2,train,"[0.021582734, 0.0, 0.946043166, 1.0]",00719f1676fb6ca1566555218c47b4e7e4cb58c34aa1208df422d00fd0149c96,1024,1015
test_car_e5e2aa59e301672e_0,e5e2aa59e301672e,data/processed_clean/test/car/test_car_e5e2aa59e301672e_0.jpg,car,2,train,"[0.0, 0.0, 1.0, 1.0]",4cc9b101afd23b0e13513c1ce16754d58a2cc260c74c0c082eba15f5604b5ed7,1024,768
test_car_e657d35039cd2c57_2,e657d35039cd2c57,data/processed_clean/test/car/test_car_e657d35039cd2c57_2.jpg,car,2,train,"[0.05237316, 0.4302789, 0.8134205999999999, 0.4123506]",7ed7c63ee4ca945446ed0f31a20a1d4d9f33dbbfa6b72759a8c6bd796b42696b,953,402
test_car_e7572561c16f6322_2,e7572561c16f6322,data/processed_clean/test/car/test_car_e7572561c16f6322_2.jpg,car,2,train,"[0.057522126, 0.06415929, 0.873156374, 0.74557521]",66cbe484af3300b75c66f890d0866b1117f86ca2efe2b25d75c9dfe81e249fc2,1024,591
test_car_e96586784a9b526c_2,e96586784a9b526c,data/processed_clean/test/car/test_car_e96586784a9b526c_2.jpg,car,2,train,"[0.1171875, 0.25, 0.7578125, 0.52708334]",3bc9ec91e070f153cbac764cfa1d9da7e44e91f5a5fa1e5a46f8dddaeaadf917,900,469
test_car_e9d3269637877496_0,e9d3269637877496,data/processed_clean/test/car/test_car_e9d3269637877496_0.jpg,car,2,train,"[0.0, 0.12530121, 0.08254398, 0.44819275]",4fbef650730b8880dc26aee33d5e24bff62a861e4e0d5983b0a3e33be8c3d2f5,91,299
test_car_e9e072cd11c79ed3_1,e9e072cd11c79ed3,data/processed_clean/test/car/test_car_e9e072cd11c79ed3_1.jpg,car,2,train,"[0.018779343, 0.03125, 0.981220657, 0.96875]",c52e773ac2954f10dd845f7cf003d2158aaf6cf41b3983a4563f1df229b16886,1024,768
test_car_ea4edc9e3ccb2ab3_1,ea4edc9e3ccb2ab3,data/processed_clean/test/car/test_car_ea4edc9e3ccb2ab3_1.jpg,car,2,train,"[0.21323529, 0.29711753, 0.5705882600000001, 0.5609756100000001]",970bbf1c6953c2b2029472619563c5cead1e7394d8298ecaede04220e6fa1ddd,677,442
test_car_eb4d52708b16f018_2,eb4d52708b16f018,data/processed_clean/test/car/test_car_eb4d52708b16f018_2.jpg,car,2,train,"[0.24041298, 0.3738938, 0.70943952, 0.44690270000000004]",0047680f0ca4558eb018cccfb407934fb94c2e48daa67bae23841b24b8aa1982,836,354
test_car_eb66920f5abaea37_1,eb66920f5abaea37,data/processed_clean/test/car/test_car_eb66920f5abaea37_1.jpg,car,2,train,"[0.040625, 0.3, 0.8156249999999999, 0.31458330000000007]",29fc7a18530bcf6e5b9af7efeef4e85c94a4d1ab46fd20ad7aee8953b3f75a9d,944,280
test_car_eb69a39dff645573_0,eb69a39dff645573,data/processed_clean/test/car/test_car_eb69a39dff645573_0.jpg,car,2,train,"[0.0, 0.0022172949, 0.9985272, 0.9955654051]",f1f8b21afedc5c6445e49d7d2ef9a8021a5d4b127544f4cc2627bea4d453153b,1024,681
test_car_ed1216d77bc70d7a_0,ed1216d77bc70d7a,data/processed_clean/test/car/test_car_ed1216d77bc70d7a_0.jpg,car,2,train,"[0.0, 0.1342812, 0.9938144, 0.7819905500000001]",adcf7647ed00c815313a3a80a36b3859b570b9607c10aefc831c5f3be5465006,785,929
test_car_ee9c31f13687d257_0,ee9c31f13687d257,data/processed_clean/test/car/test_car_ee9c31f13687d257_0.jpg,car,2,train,"[0.1484375, 0.31666666, 0.8515625, 0.64583334]",c709f7f0f8856f14a92aa5a18c4fea54783f7f8cf74957c925e33078d0b637ee,942,564
test_car_f030bc43e4475214_0,f030bc43e4475214,data/processed_clean/test/car/test_car_f030bc43e4475214_0.jpg,car,2,train,"[0.064992614, 0.10222222, 0.909896586, 0.84444444]",a90f071f7c5aff21e3b23abf2ddd539dd3c99f4e25f6458e68c5bf6f3b4307ba,1024,657
test_car_f078a6e3641e9c13_1,f078a6e3641e9c13,data/processed_clean/test/car/test_car_f078a6e3641e9c13_1.jpg,car,2,train,"[0.11666667, 0.2328125, 0.75208333, 0.4625]",7020d8750b637665b7d522e9fe2e4e626665cf464995231135aceed729b76b1e,670,549
test_car_f1692f61a91ae132_0,f1692f61a91ae132,data/processed_clean/test/car/test_car_f1692f61a91ae132_0.jpg,car,2,train,"[0.0, 0.0, 1.0, 1.0]",7e436c9d955ab5f9ee8c031970280433174ffb523dd20e21f0a019dbb86e2fbd,1024,768
test_car_f2e3712010e09c86_0,f2e3712010e09c86,data/processed_clean/test/car/test_car_f2e3712010e09c86_0.jpg,car,2,train,"[0.179941, 0.061946902, 0.73893803, 0.8185840480000001]",3dcbc5d78f99d869fb37b5d8b11b1958cbf8be28c25482c1b5931c33b443346f,877,646
test_car_f2f5f247a88e516f_0,f2f5f247a88e516f,data/processed_clean/test/car/test_car_f2f5f247a88e516f_0.jpg,car,2,train,"[0.13696612, 0.05321508, 0.7172311800000001, 0.94013302]",ceb623fc1841e7a890b01162bffc933fb1f36ea5721d6406d12fe896174719ec,852,680
test_car_f4d5421c34ced88e_1,f4d5421c34ced88e,data/processed_clean/test/car/test_car_f4d5421c34ced88e_1.jpg,car,2,train,"[0.052941177, 0.13968958, 0.869117623, 0.78935702]",99abaf8542b84ecfc9e2d3c81512389ff9d7ed27dec4910ddf7ef29a94d748e3,1015,623
test_car_f62bb63ddced3659_0,f62bb63ddced3659,data/processed_clean/test/car/test_car_f62bb63ddced3659_0.jpg,car,2,train,"[0.049921997, 0.3131524, 0.904836173, 0.5073069]",fd059477a05452d527e7d4d596e3943b04c83bc572dac2c6856b4c7e63370270,1024,450
test_car_f78ebc024388d98d_1,f78ebc024388d98d,data/processed_clean/test/car/test_car_f78ebc024388d98d_1.jpg,car,2,train,"[0.081001475, 0.41371682, 0.665684825, 0.49336282]",3e6800b79e14d8ec7a7e0a9e44ff161bf93f0a516389a32591f97218bf62a6bb,791,391
test_car_fa391a74562ad9ab_7,fa391a74562ad9ab,data/processed_clean/test/car/test_car_fa391a74562ad9ab_7.jpg,car,2,train,"[0.48377582, 0.25884956, 0.35840707999999993, 0.35176994]",fc85498c7e8d3ac586375286725381fd395d114648bec818ea178ad51329719e,426,278
test_car_fb3f22b50259d1bc_1,fb3f22b50259d1bc,data/processed_clean/test/car/test_car_fb3f22b50259d1bc_1.jpg,car,2,train,"[0.0, 0.3421875, 0.17291667, 0.2671875]",3db2b0164fb696837ebde3008d57bcee9619d3e4cbd1d8b4881f4b57f42a9be4,143,317
test_car_fbe03958404161ab_1,fbe03958404161ab,data/processed_clean/test/car/test_car_fbe03958404161ab_1.jpg,car,2,train,"[0.699594, 0.26506025, 0.2990527999999999, 0.69156628]",37a2918f654027e3581e04405a155191b8d8f6498578f96979da552346bf6c99,332,455
test_car_fc8c7f784d3d8faf_0,fc8c7f784d3d8faf,data/processed_clean/test/car/test_car_fc8c7f784d3d8faf_0.jpg,car,2,train,"[0.1109375, 0.28601253, 0.771875, 0.5448851699999999]",e684905481dd377f29a282d962fb92e1a453ff53517e96be23b5f809caa54cc8,917,486
test_car_ff8cada6a9e8f69e_0,ff8cada6a9e8f69e,data/processed_clean/test/car/test_car_ff8cada6a9e8f69e_0.jpg,car,2,train,"[0.0, 0.17021276, 1.0, 0.71542554]",aec0cec556ef122d7f84c01e7d012e406ac6ac2f231e715a87acd7763df689f1,1024,393
validation_car_001083f05db4352b_0,001083f05db4352b,data/processed_clean/validation/car/validation_car_001083f05db4352b_0.jpg,car,2,train,"[0.1640625, 0.3375, 0.603125, 0.485]",b9e343e34548e70dec9d178113872778f80adf9270258b936ce5d608f2d74d7b,716,360
validation_car_018bbadd96337150_0,018bbadd96337150,data/processed_clean/validation/car/validation_car_018bbadd96337150_0.jpg,car,2,train,"[0.003125, 0.37708333, 0.9375, 0.47499997]",6a4c62dfa42c36022982c6d688203e0ae26119ee1c0d4ee8c1ce9d7e65990346,2592,1071
validation_car_0256ad72229e0c5d_0,0256ad72229e0c5d,data/processed_clean/validation/car/validation_car_0256ad72229e0c5d_0.jpg,car,2,train,"[0.2179676, 0.19733925, 0.6259204399999999, 0.7006651500000001]",969f75d224182189bd76fca2b0ba25b6594c85bcdff32b6c961e3062def65c0a,743,554
validation_car_04833bdaa8c68594_1,04833bdaa8c68594,data/processed_clean/validation/car/validation_car_04833bdaa8c68594_1.jpg,car,2,train,"[0.01897019, 0.115384616, 0.56639564, 0.884615384]",ecf153529e40c9124a2b4274951cf5f46bfffb3eaef2b73594b9475e1e9c092a,646,551
validation_car_05f402ab3e6835bd_0,05f402ab3e6835bd,data/processed_clean/validation/car/validation_car_05f402ab3e6835bd_0.jpg,car,2,train,"[0.2910663, 0.25791857, 0.49567720000000004, 0.40271492999999997]",5812b7d242fcec74d8e43b5c8f1bb1e3cf7189536fe2681a8249bb4ac83b595c,589,305
validation_car_08d2b7ac3db69127_0,08d2b7ac3db69127,data/processed_clean/validation/car/validation_car_08d2b7ac3db69127_0.jpg,car,2,train,"[0.008510638, 0.1724138, 0.9645390020000001, 0.7954022999999999]",f006c652e48c022732892b65c7caf68cfbca81e5e48adbc4ebd46724018a03c1,1024,564
validation_car_099f789411d1f31c_0,099f789411d1f31c,data/processed_clean/validation/car/validation_car_099f789411d1f31c_0.jpg,car,2,train,"[0.019174041, 0.25884956, 0.933628319, 0.61504424]",f1f69bd9e332a0278ff76e2ba627e7e7c76215c84a4274f5caa7a463529d5519,1024,487
validation_car_09c67960e389e4df_4,09c67960e389e4df,data/processed_clean/validation/car/validation_car_09c67960e389e4df_4.jpg,car,2,train,"[0.17551622, 0.23451327, 0.65634218, 0.52876103]",86d4cd91489fb2741621dca3c5ebdd312431020c547bdbb32842360767d28328,780,419
validation_car_0a47e7d602855f93_0,0a47e7d602855f93,data/processed_clean/validation/car/validation_car_0a47e7d602855f93_0.jpg,car,2,train,"[0.0, 0.08483755, 1.0, 0.80866425]",d89eb8ed721d52af137628ba80f721a0b3e7bebc7966197b30afb859e16f7aad,1024,960
validation_car_0c4ad2b0119dc0bb_1,0c4ad2b0119dc0bb,data/processed_clean/validation/car/validation_car_0c4ad2b0119dc0bb_1.jpg,car,2,train,"[0.09375, 0.29375, 0.90625, 0.6458333599999999]",d4c59da740a64df0de22ca8075d225537bc8092052802c171ecb5a54a97c9f1b,1002,575
validation_car_0c5d3feefa49ac30_0,0c5d3feefa49ac30,data/processed_clean/validation/car/validation_car_0c5d3feefa49ac30_0.jpg,car,2,train,"[0.050884955, 0.47492626, 0.902654895, 0.46460178999999996]",298935b5e8638849a24c57fc217246537d80076c2106d9ca50b2051dcee6e655,683,552
validation_car_0d530b6b0079b5ec_1,0d530b6b0079b5ec,data/processed_clean/validation/car/validation_car_0d530b6b0079b5ec_1.jpg,car,2,train,"[0.07848444, 0.09879518, 0.89986471, 0.71325302]",81020ec1442f82f8b047dd5a3525a3f0b747717a114a68548ec63d5d000135e2,1017,477
validation_car_0e411138af977779_0,0e411138af977779,data/processed_clean/validation/car/validation_car_0e411138af977779_0.jpg,car,2,train,"[0.0, 0.29711753, 1.0, 0.6895787099999999]",0cf61485c4091970c74052cb5dd000ea9f348b1fe99c6438577f4e3a8ab80212,1024,514
validation_car_0fac24b284ce29b8_0,0fac24b284ce29b8,data/processed_clean/validation/car/validation_car_0fac24b284ce29b8_0.jpg,car,2,train,"[0.18289086, 0.2079646, 0.66076694, 0.5973451000000001]",24c2ddcbeb5a478958eb8460fd59c92871004857e29f58566206f7cec63703b0,785,474
validation_car_110952639b5ac4c7_1,110952639b5ac4c7,data/processed_clean/validation/car/validation_car_110952639b5ac4c7_1.jpg,car,2,train,"[0.0875, 0.18333334, 0.8359375, 0.67500001]",deb54368146b6ac39f24bdda327130ab0cdedc9fec483b84223397342b41ed50,993,602
validation_car_1137e8fdcdfb2976_4,1137e8fdcdfb2976,data/processed_clean/validation/car/validation_car_1137e8fdcdfb2976_4.jpg,car,2,train,"[0.4338549, 0.5344037, 0.50355617, 0.4013761]",68cfdc81370804eea0097c49e826d8d7afe10de1391c1aa601798c55aa61e3b4,598,297
validation_car_12026c016d67552d_0,12026c016d67552d,data/processed_clean/validation/car/validation_car_12026c016d67552d_0.jpg,car,2,train,"[0.109375, 0.20668058, 0.80625, 0.55323592]",707eb10e78bac6a94da7bcc34745064038b4770047d46765ed42077bfed1f133,958,493
validation_car_1310b74bd368544e_0,1310b74bd368544e,data/processed_clean/validation/car/validation_car_1310b74bd368544e_0.jpg,car,2,train,"[0.38905776, 0.2446352, 0.34498474000000007, 0.31330470000000005]",e1585eebbe42db3b5f437fb31d2d0c8d52f75cfd37cb8bd7ffd9b6990e396c5e,410,263
validation_car_17a208a736f9ffc4_1,17a208a736f9ffc4,data/processed_clean/validation/car/validation_car_17a208a736f9ffc4_1.jpg,car,2,train,"[0.10518053, 0.29313928, 0.80376767, 0.60498962]",721b2d4c30dd9b27cb0f593050430c016057e2f70b087249a4b52c1b9a70c8fc,955,543
validation_car_1945670f70fff94f_0,1945670f70fff94f,data/processed_clean/validation/car/validation_car_1945670f70fff94f_0.jpg,car,2,train,"[0.68731564, 0.28097346, 0.21976399999999996, 0.33628318]",2d5c388aee0e7c303bf874408e64c9efda6522644d5f5b5467e618c70420c3be,261,266
validation_car_19ad41f11e7dd911_0,19ad41f11e7dd911,data/processed_clean/validation/car/validation_car_19ad41f11e7dd911_0.jpg,car,2,train,"[0.15948276, 0.0430839, 0.8002873800000001, 0.9410431]",4665c2b9812308bcb31b1c2900cb121062c157c460de391fe959c2dab65cf528,926,649
validation_car_1bf60fa2ec8f51ca_0,1bf60fa2ec8f51ca,data/processed_clean/validation/car/validation_car_1bf60fa2ec8f51ca_0.jpg,car,2,train,"[0.048600882, 0.18362832, 0.873343118, 0.6172566399999999]",af79b3c9a7464288c5e6e64973c6ccf9bef6075ad623015c4e27fdb31656c003,1016,488
validation_car_1c98c3430fcb248f_0,1c98c3430fcb248f,data/processed_clean/validation/car/validation_car_1c98c3430fcb248f_0.jpg,car,2,train,"[0.084375, 0.19583334, 0.8796875000000001, 0.67916666]",5e70170cd2da5ba17d3c8008ae946bf4718cd10831033b45f2f166185e1b7601,1010,605
validation_car_1cb2e83802fa408b_0,1cb2e83802fa408b,data/processed_clean/validation/car/validation_car_1cb2e83802fa408b_0.jpg,car,2,train,"[0.1453125, 0.19166666, 0.7124999999999999, 0.71041668]",14bee3f7a38c5d930fdd2d1195f01b31ea037630efbce68e3788ca5908ec272f,847,632
validation_car_1cc0bd59a4221700_0,1cc0bd59a4221700,data/processed_clean/validation/car/validation_car_1cc0bd59a4221700_0.jpg,car,2,train,"[0.054347824, 0.024024025, 0.8956521759999999, 0.900900875]",bafc8fa3ce1609e76a654976433615792c69dc1eeabbf94410e0100a3fd71555,1024,370
validation_car_1cc51d6a152df3b7_0,1cc51d6a152df3b7,data/processed_clean/validation/car/validation_car_1cc51d6a152df3b7_0.jpg,car,2,train,"[0.1203125, 0.054166667, 0.8265625, 0.760416693]",e15aed1504620c5125d182ef2982e94a4bc9791787b059df5566ffea41626fa0,969,672
validation_car_1cdbbf79e6aad256_0,1cdbbf79e6aad256,data/processed_clean/validation/car/validation_car_1cdbbf79e6aad256_0.jpg,car,2,train,"[0.0, 0.0, 0.9984375, 1.0]",c7b2d06b1accf5d7014f5ed58cdddc415bc6437be7c4b86f098dd653f0d50a87,1024,768
validation_car_20a1903bbd0efef3_1,20a1903bbd0efef3,data/processed_clean/validation/car/validation_car_20a1903bbd0efef3_1.jpg,car,2,train,"[0.016224189, 0.123893805, 0.969026511, 0.730088495]",c14d2f0ca22448b67f9ec7035e8d9abbe8868db85b0ac802c410fac93ba121cb,1024,578
validation_car_213be9690d212bb5_0,213be9690d212bb5,data/processed_clean/validation/car/validation_car_213be9690d212bb5_0.jpg,car,2,train,"[0.77138644, 0.57300884, 0.22861356, 0.42699116000000004]",6d4168e214c6604d8f3621a6997441cfa6e0b1a691e10bc19c968b6639b33bb4,253,315
validation_car_2183c4c43da51398_1,2183c4c43da51398,data/processed_clean/validation/car/validation_car_2183c4c43da51398_1.jpg,car,2,train,"[0.1765625, 0.2125, 0.6125, 0.5270833]",49de210516b313f1b2391250d8d08caf1852c99e71279a62c48badcdbb22e919,727,469
validation_car_23903ae91d1369a9_0,23903ae91d1369a9,data/processed_clean/validation/car/validation_car_23903ae91d1369a9_0.jpg,car,2,train,"[0.0018050541, 0.0018050541, 0.9981949459, 0.9332130059]",e211d78f19d134afdb234571fabc94002c4e5b31dd5dc74a769004168351d525,1024,1024
validation_car_273fe8482d92d854_0,273fe8482d92d854,data/processed_clean/validation/car/validation_car_273fe8482d92d854_0.jpg,car,2,train,"[0.234375, 0.26666668, 0.7140625, 0.60000002]",6657e83f0270b155907ff04ef1e7afe37b614895dd7367c6b2fed8e7a5c348ff,842,534
validation_car_281412f2119177e5_1,281412f2119177e5,data/processed_clean/validation/car/validation_car_281412f2119177e5_1.jpg,car,2,train,"[0.0375, 0.00625, 0.9125, 0.9416667]",b1c931ab7c25fd03f94f9a345ec9f23e0f7ef05c786432149a2e9c60278d1ddb,1024,768
validation_car_28712b58e42da0d5_0,28712b58e42da0d5,data/processed_clean/validation/car/validation_car_28712b58e42da0d5_0.jpg,car,2,train,"[0.022058824, 0.22838138, 0.8926470759999999, 0.58758312]",15ebb69357ca9bf97d1ab8f5b0d8d0d2b37fbe60b5747f09a9c567f996192ad8,1010,464
validation_car_2be6cc16815e46a8_0,2be6cc16815e46a8,data/processed_clean/validation/car/validation_car_2be6cc16815e46a8_0.jpg,car,2,train,"[0.104719765, 0.19911504, 0.840707935, 0.710177]",e9cb9694d0a641b2c2d8963dda182f7643eb5f078f3259fe00a4d000a0bfaeca,986,563
validation_car_2d86af130fd0dbe2_0,2d86af130fd0dbe2,data/processed_clean/validation/car/validation_car_2d86af130fd0dbe2_0.jpg,car,2,train,"[0.098634295, 0.26609442, 0.816388505, 0.5300429099999999]",39b03ecb297de7c66c1b564432a1475dee440661a33eeba55a038ff44c9ef03f,970,445
validation_car_2e4d54fa7eae3a2d_0,2e4d54fa7eae3a2d,data/processed_clean/validation/car/validation_car_2e4d54fa7eae3a2d_0.jpg,car,2,train,"[0.006472492, 0.014112903, 0.9854369080000001, 0.983870997]",2b847e749b0a435fffd340de264ace307f00b7464b4d27bdfda65eb8bff438cb,1024,821
validation_car_2f55a76ffd4bbfb5_0,2f55a76ffd4bbfb5,data/processed_clean/validation/car/validation_car_2f55a76ffd4bbfb5_0.jpg,car,2,train,"[0.14306785, 0.24115044, 0.78908555, 0.6615044600000001]",16e4e4c149a5104ed4a117fa2985e54f70dd2e9b8b1cf1e6c88b7cf966217f9e,937,524
validation_car_2fbb86aa85de4468_2,2fbb86aa85de4468,data/processed_clean/validation/car/validation_car_2fbb86aa85de4468_2.jpg,car,2,train,"[0.028064992, 0.0, 0.971935008, 1.0]",6a667eb746e7b6cdd05db8d5f8393cf965e72c4efd65396baa10b99638cb19ed,1024,685
validation_car_2ff8fd5d95b7ea73_0,2ff8fd5d95b7ea73,data/processed_clean/validation/car/validation_car_2ff8fd5d95b7ea73_0.jpg,car,2,train,"[0.0, 0.5170843, 0.12160229, 0.32346237]",e0630251b30a016679b7021d2e2da668053c5857f6f737935a606e08a877e178,134,242
validation_car_30f8c38f5f85b5cf_0,30f8c38f5f85b5cf,data/processed_clean/validation/car/validation_car_30f8c38f5f85b5cf_0.jpg,car,2,train,"[0.046774194, 0.07878788, 0.933871006, 0.89898992]",4b67bb9f71c9852e1816c393e3753b3d7b7d4885896c122568c27ca7396bf817,1024,811
validation_car_31b08c4201fce03e_0,31b08c4201fce03e,data/processed_clean/validation/car/validation_car_31b08c4201fce03e_0.jpg,car,2,train,"[0.112094395, 0.5663717, 0.7772861050000001, 0.37168139999999994]",985bf2a6514000887832d6f478b2532b2464f45afaec6ec1ebad8bc70022aecb,923,294
validation_car_3217421b555f4136_0,3217421b555f4136,data/processed_clean/validation/car/validation_car_3217421b555f4136_0.jpg,car,2,train,"[0.4844904, 0.10816777, 0.5155096, 0.8432670800000001]",9415365e6d6808debbe45f63d715143ca12e60ae7002bb433106dfd46ff6448e,570,657
validation_car_3493385cf707bad9_4,3493385cf707bad9,data/processed_clean/validation/car/validation_car_3493385cf707bad9_4.jpg,car,2,train,"[0.2625, 0.51458335, 0.6812499999999999, 0.40208334999999995]",ae89e65428fbd70e3fd8ea11cc822682d0b4351506c9390d716c7ecbcbc07181,809,359
validation_car_3527c4e113058d7b_0,3527c4e113058d7b,data/processed_clean/validation/car/validation_car_3527c4e113058d7b_0.jpg,car,2,train,"[0.08529412, 0.0, 0.8323529399999999, 0.9467849]",393a85893952f0ede20a79e4c83b4f7836769e8552763571dc4abd2c8c8d40f9,989,680
validation_car_3592db0ce6e1ad08_0,3592db0ce6e1ad08,data/processed_clean/validation/car/validation_car_3592db0ce6e1ad08_0.jpg,car,2,train,"[0.06637168, 0.24336283, 0.8938053199999999, 0.66814162]",4bbd9983ea24918847a8f9e86f84d9a528560f5e075477bf857278c7a45c0485,1024,529
validation_car_35a576ff5970d87d_0,35a576ff5970d87d,data/processed_clean/validation/car/validation_car_35a576ff5970d87d_0.jpg,car,2,train,"[0.0, 0.21503131, 0.9734375, 0.61169099]",2ead55ef218090fa26664c9ad7e86213b857c3925cbc97a02d2fbed6e7a7c3d4,1024,544
validation_car_3651afe6bf228ff9_0,3651afe6bf228ff9,data/processed_clean/validation/car/validation_car_3651afe6bf228ff9_0.jpg,car,2,train,"[0.0, 0.2765625, 0.86875, 0.6812499999999999]",ce4b897c971fa5930072a1833b07879cbbac803ff4d06e78d525d845df7ca92c,721,797
validation_car_36b1fb0252d3064b_0,36b1fb0252d3064b,data/processed_clean/validation/car/validation_car_36b1fb0252d3064b_0.jpg,car,2,train,"[0.0046875, 0.072916664, 0.99375, 0.927083336]",73bdc4015a0d8e9b17ce4086405f611be7354e0425f33375b0334af8e0451da5,1024,768
validation_car_36e7110b3eafbbbc_1,36e7110b3eafbbbc,data/processed_clean/validation/car/validation_car_36e7110b3eafbbbc_1.jpg,car,2,train,"[0.050541516, 0.09747292, 0.8754512839999999, 0.39350179999999996]",1599910daf603fc37a1c2c51bb6fba7b5d5781924d4fd1619332a2e8a326a718,765,350
validation_car_3804df4f030e11b1_1,3804df4f030e11b1,data/processed_clean/validation/car/validation_car_3804df4f030e11b1_1.jpg,car,2,train,"[0.0828125, 0.23333333, 0.7640625000000001, 0.56666667]",21209b5b9f5497004f93f38f93d09501107458aeae479d540b137ee6f07e8721,908,505
validation_car_3999a066ae304715_0,3999a066ae304715,data/processed_clean/validation/car/validation_car_3999a066ae304715_0.jpg,car,2,train,"[0.23303835, 0.39159292, 0.53834809, 0.40929203999999997]",1a6dd8d74d8d9d2e6d40f05b6d618eef383ee9d6cb914b1d39fddb0ef4ce8e7e,639,324
validation_car_3e5f4cefc8e815a0_0,3e5f4cefc8e815a0,data/processed_clean/validation/car/validation_car_3e5f4cefc8e815a0_0.jpg,car,2,train,"[0.0015625, 0.25887266, 0.975, 0.6242171400000001]",dcb2c466de775eebc99f489f823b40160f4bdbc5b5ffa0d0177a1bd20713b529,1024,557
validation_car_3ed90a8c0c2f58a8_1,3ed90a8c0c2f58a8,data/processed_clean/validation/car/validation_car_3ed90a8c0c2f58a8_1.jpg,car,2,train,"[0.225, 0.31074765, 0.5859375, 0.6004673]",5e3c922b4120ca0b961a4b26c386bddf712bbe402fe758723270b9fcab3e7a8e,696,477
validation_car_40992cf7a7bbf20e_2,40992cf7a7bbf20e,data/processed_clean/validation/car/validation_car_40992cf7a7bbf20e_2.jpg,car,2,train,"[0.1515625, 0.56666666, 0.1609375, 0.15625]",97f92d3af17c222696861b80344a2fbeaa032081130c375c6d61299b660db704,191,139
validation_car_41717eb783d86983_0,41717eb783d86983,data/processed_clean/validation/car/validation_car_41717eb783d86983_0.jpg,car,2,train,"[0.140625, 0.19583334, 0.7890625, 0.64375]",36c78034ba6b9f8f427f9637314ac766b30d0d51a22fabe4ecd81938928c92f8,938,573
validation_car_41ec68d29b5f5db0_0,41ec68d29b5f5db0,data/processed_clean/validation/car/validation_car_41ec68d29b5f5db0_0.jpg,car,2,train,"[0.07511737, 0.49583334, 0.8763693300000001, 0.5020833]",ad7106c885851b8af6b192a2a5614530bd9f1cae9ed6947e138946d687cb3ef6,1019,418
validation_car_42804b2d81554bae_0,42804b2d81554bae,data/processed_clean/validation/car/validation_car_42804b2d81554bae_0.jpg,car,2,train,"[0.17083947, 0.23725055, 0.76435937, 0.6541019800000001]",c077475bb5d3a9defea1a7fc2c4db12d45df2645963686daff63d6cfb0f24ffa,908,517
validation_car_42f3e0079e28d861_1,42f3e0079e28d861,data/processed_clean/validation/car/validation_car_42f3e0079e28d861_1.jpg,car,2,train,"[0.6769457, 0.27937916, 0.17914830000000004, 0.35033259]",a002bb043efe13f689f6e75efe8677ac883c67fd47ca9831daa92e53b8a23fc2,212,276
validation_car_438f461a5f6d8e7e_0,438f461a5f6d8e7e,data/processed_clean/validation/car/validation_car_438f461a5f6d8e7e_0.jpg,car,2,train,"[0.1497093, 0.14573991, 0.6831395499999999, 0.51793725]",416ed23be2d55ee2f717b52472c7908ce82b56a06966813ec0ababdfd39dd869,812,399
validation_car_44afab29f5fa0abf_0,44afab29f5fa0abf,data/processed_clean/validation/car/validation_car_44afab29f5fa0abf_0.jpg,car,2,train,"[0.0, 0.28958333, 0.634375, 0.6604166699999999]",19d39dd207dcabc37947131b5f3232f86377771bb702ca11f51b1b28d982f3e9,702,586
validation_car_46b8d603db5419d7_0,46b8d603db5419d7,data/processed_clean/validation/car/validation_car_46b8d603db5419d7_0.jpg,car,2,train,"[0.123893805, 0.25663716, 0.794985225, 0.59734514]",0de0f636fb09320e81869f107a07e28d9763a7b6af2ac0f3c095a7b46d1d5967,944,473
validation_car_489970c24e3a25b1_0,489970c24e3a25b1,data/processed_clean/validation/car/validation_car_489970c24e3a25b1_0.jpg,car,2,train,"[0.15634218, 0.3318584, 0.62979352, 0.4424779]",33aac302f8f5eaf8bdcd41a13a09c98c688ee0ce0a6426e45d470683dfcad2b1,748,351
validation_car_4c1187134c45c746_0,4c1187134c45c746,data/processed_clean/validation/car/validation_car_4c1187134c45c746_0.jpg,car,2,train,"[0.02116402, 0.018484289, 0.9611993200000001, 0.826247711]",e5970cee24a6c5d8454c3133a8d677a2c0307b7a36622b09ac5c3a8b2f164645,1024,891
validation_car_4c410cd9c42623d9_0,4c410cd9c42623d9,data/processed_clean/validation/car/validation_car_4c410cd9c42623d9_0.jpg,car,2,train,"[0.053125, 0.23333333, 0.890625, 0.62708332]",8dd329200868477c093e3434d9f0ec53aa473b96006aeaa4b5da7c6baf64c534,1024,558
validation_car_4c4ad4c4c7c24929_0,4c4ad4c4c7c24929,data/processed_clean/validation/car/validation_car_4c4ad4c4c7c24929_0.jpg,car,2,train,"[0.069321536, 0.16371681, 0.827433624, 0.72123895]",747646acd7430023d876963779881b6c4190c7ab16de7a25740b272f65a04521,983,572
validation_car_4f9fde4c5bc5921f_0,4f9fde4c5bc5921f,data/processed_clean/validation/car/validation_car_4f9fde4c5bc5921f_0.jpg,car,2,train,"[0.032448377, 0.0, 0.908554583, 0.94911504]",526ba06475319a22fe484b6a4ef4219b53787b1cbb7940c2b0c1c698b70d1db7,6000,4000
validation_car_50be32467b8a322a_2,50be32467b8a322a,data/processed_clean/validation/car/validation_car_50be32467b8a322a_2.jpg,car,2,train,"[0.384375, 0.24791667, 0.49531249999999993, 0.36458333000000004]",fd5953d398280eca8786d8b858afa942f2841e16a8cb4e6b525d45759ee3dc41,588,325
validation_car_52f57d7dca79b2cf_0,52f57d7dca79b2cf,data/processed_clean/validation/car/validation_car_52f57d7dca79b2cf_0.jpg,car,2,train,"[0.0, 0.13333334, 1.0, 0.86666666]",802fc4e8f5975b029d795d61b3aa5e33b71dccb3eb0170b96f7ea772cba558be,1024,719
validation_car_534d85797f77d397_0,534d85797f77d397,data/processed_clean/validation/car/validation_car_534d85797f77d397_0.jpg,car,2,train,"[0.1359375, 0.37578288, 0.29375, 0.29645092]",2e2e623b8ee6614a9a3009c18d8af52da42e0f005895215b30b6e24948d7f3cf,349,264
validation_car_58c3562313ace080_0,58c3562313ace080,data/processed_clean/validation/car/validation_car_58c3562313ace080_0.jpg,car,2,train,"[0.37758112, 0.44247788, 0.44837758000000005, 0.30088496]",c890284368b6dec4b1f2f79766e26b3ba2aec18028c1054c50a8905f1ff7a90f,533,238
validation_car_593e594137f374ab_0,593e594137f374ab,data/processed_clean/validation/car/validation_car_593e594137f374ab_0.jpg,car,2,train,"[0.0, 0.0, 1.0, 1.0]",d87225599f06237512644e0bd3daabf974bbb027ba760ecc6bdcfd6ebb3a3f06,1024,681
validation_car_5b4f12b62785614c_0,5b4f12b62785614c,data/processed_clean/validation/car/validation_car_5b4f12b62785614c_0.jpg,car,2,train,"[0.03787879, 0.019354839, 0.95454546, 0.954838761]",89b5a79b3dfdbcfb1af4ad5d2fef715012940c3ad5d550f50f00733fe2f7c00c,1024,721
validation_car_5ed2d6c67b00234e_0,5ed2d6c67b00234e,data/processed_clean/validation/car/validation_car_5ed2d6c67b00234e_0.jpg,car,2,train,"[0.1484375, 0.17916666, 0.615625, 0.64166664]",ebee5add415d6b7742f51961ef62d3c1d91de9d4203d1627de7bf587ebc9d341,731,572
validation_car_6059a7ab62e3da1f_0,6059a7ab62e3da1f,data/processed_clean/validation/car/validation_car_6059a7ab62e3da1f_0.jpg,car,2,train,"[0.35545722, 0.40486726, 0.56784662, 0.50663719]",3fd4525bb62e11c00f67da374c3e7f5133fe808d1607120e4c70f42c6359569e,675,401
validation_car_606ad834f396488e_0,606ad834f396488e,data/processed_clean/validation/car/validation_car_606ad834f396488e_0.jpg,car,2,train,"[0.17248061, 0.5942761, 0.79651162, 0.34511784]",2d5053fe1c2bc004d83f1152d9e4536a8fef75313348b8e327aa4f360fceb5e1,792,410
validation_car_6193f6168b34c0bd_0,6193f6168b34c0bd,data/processed_clean/validation/car/validation_car_6193f6168b34c0bd_0.jpg,car,2,train,"[0.183161, 0.22075056, 0.8153619, 0.7770419399999999]",1c0b8d5698062fcedda14e41172f0cc6abe7db3b01a18a6e46c85162f1b88f65,903,576
validation_car_62618c2043558bbf_0,62618c2043558bbf,data/processed_clean/validation/car/validation_car_62618c2043558bbf_0.jpg,car,2,train,"[0.0890625, 0.045833334, 0.7875, 0.925000026]",cbef8888bc86aa88fb31229c76f719ce75be43f9c962b6d16606d3171bf73aa4,935,768
validation_car_630808c8276f25ad_0,630808c8276f25ad,data/processed_clean/validation/car/validation_car_630808c8276f25ad_0.jpg,car,2,train,"[0.20873787, 0.098790325, 0.58899673, 0.7036290350000001]",a8c0ba18dae61e3e076f9359609603e0e3b4583c1e12c45ea4147f2dcd439ccc,700,671
validation_car_642abe41c87a4950_0,642abe41c87a4950,data/processed_clean/validation/car/validation_car_642abe41c87a4950_0.jpg,car,2,train,"[0.15929204, 0.3318584, 0.6283185600000001, 0.5022124]",2ae6f5ae844b510ee3adb5d13b9e9b90756ef5aced396e37df8b7cae0178bd55,746,398
validation_car_66417fec5acc0c2b_0,66417fec5acc0c2b,data/processed_clean/validation/car/validation_car_66417fec5acc0c2b_0.jpg,car,2,train,"[0.0796875, 0.045833334, 0.86875, 0.800000026]",fdcb1106ee5cacfacca0acff17f85df1939006e9317d0f26276e0ba78ff9899b,1014,699
validation_car_66c92a19e10b829a_0,66c92a19e10b829a,data/processed_clean/validation/car/validation_car_66c92a19e10b829a_0.jpg,car,2,train,"[0.15384616, 0.07048458, 0.69822484, 0.85242292]",8cf60c5cad83791a69dcb3f45cab1f09c7e17bffd65db83d5095a3e282f60b36,830,679
validation_car_682ca7cd64bb188c_1,682ca7cd64bb188c,data/processed_clean/validation/car/validation_car_682ca7cd64bb188c_1.jpg,car,2,train,"[0.1078125, 0.050104383, 0.8078125, 0.668058447]",44b72d7b495e41318080fb5fc626ccbb36140ac4eea4b5c9016e2258cc52453b,960,593
validation_car_68a01f8c0055f3d9_2,68a01f8c0055f3d9,data/processed_clean/validation/car/validation_car_68a01f8c0055f3d9_2.jpg,car,2,train,"[0.39375, 0.575, 0.60625, 0.42500000000000004]",f3b13dfa1e15a5f17767f711f60dccb188a441ad3436ffed02e1836ea4ab465e,670,353
validation_car_692777600ff376b6_0,692777600ff376b6,data/processed_clean/validation/car/validation_car_692777600ff376b6_0.jpg,car,2,train,"[0.0, 0.37708333, 0.8859375, 0.43541667]",6958b8cd72e11560d10224c3799c0ab3c2f772a9e3e127e8062aeb78b5b3036f,980,388
validation_car_6cf3c2664ddb678f_0,6cf3c2664ddb678f,data/processed_clean/validation/car/validation_car_6cf3c2664ddb678f_0.jpg,car,2,train,"[0.0, 0.040561624, 0.9039666, 0.781591276]",75557948dab0bfdc5ec0277b46ae216361e8b65de872f6a66a31529f1bf3eed9,747,906
validation_car_6e819dc674a74078_1,6e819dc674a74078,data/processed_clean/validation/car/validation_car_6e819dc674a74078_1.jpg,car,2,train,"[0.0578125, 0.0020833334, 0.8156249999999999, 0.8645833666]",1815c29a33324167b08bc3be8465583b0b3e2ae5d63a400c2415f8e05c0d2cf5,961,719
validation_car_6f947f41a10f984b_0,6f947f41a10f984b,data/processed_clean/validation/car/validation_car_6f947f41a10f984b_0.jpg,car,2,train,"[0.0, 0.2, 0.8853093, 0.7518987500000001]",81e55a98a60d3424f814f124fae0cbb8b77b4324f6e7d9391f73117e34de71cc,979,449
validation_car_750c2db95363faf0_0,750c2db95363faf0,data/processed_clean/validation/car/validation_car_750c2db95363faf0_0.jpg,car,2,train,"[0.05735294, 0.29046562, 0.84264706, 0.51219514]",dfe98b62c3e0b473deda0b1eb7e729e4070a7e4c5cb60509c1a6102a952769dc,991,404
validation_car_7587f5f90f7b283c_0,7587f5f90f7b283c,data/processed_clean/validation/car/validation_car_7587f5f90f7b283c_0.jpg,car,2,train,"[0.089420654, 0.0, 0.861460946, 0.88860106]",4c2ac3f43340a0ec97eeef2de387d84568e0800766ba5996446773fe4af91b59,1003,478
validation_car_763a4eb6786f4318_0,763a4eb6786f4318,data/processed_clean/validation/car/validation_car_763a4eb6786f4318_0.jpg,car,2,train,"[0.01179941, 0.15929204, 0.9292035500000001, 0.78539826]",5f0ed2660c3727ed617e99e909c7a941c6a2b9daee35dc390b898e15148342a5,1024,617
validation_car_77b57b464077f218_0,77b57b464077f218,data/processed_clean/validation/car/validation_car_77b57b464077f218_0.jpg,car,2,train,"[0.0073746312, 0.3561947, 0.9926253688, 0.6438053]",d30a806726c145919df7a479898e2bcabf9288b7e841ab8bd78a36391eb705a8,1024,475
validation_car_79a6209e9b93590d_0,79a6209e9b93590d,data/processed_clean/validation/car/validation_car_79a6209e9b93590d_0.jpg,car,2,train,"[0.0, 0.44833332, 0.225, 0.18999998]",494f27ad9461c4bb586a7c6b9c5409e407e5f3a9526e6e9d0467535c5c717748,166,225
validation_car_7b4dcf574c0c1738_0,7b4dcf574c0c1738,data/processed_clean/validation/car/validation_car_7b4dcf574c0c1738_0.jpg,car,2,train,"[0.05467626, 0.11111111, 0.87482014, 0.8390022500000001]",35b7e05ebe36cd45946c2bbb3ba2bd464245488ff76a36ca3fdd027ad19b2db5,1023,621
validation_car_7d0e9cc0909794c8_1,7d0e9cc0909794c8,data/processed_clean/validation/car/validation_car_7d0e9cc0909794c8_1.jpg,car,2,train,"[0.114241004, 0.2125, 0.852895136, 0.58333335]",88285280c0a3a6eeb085b1fd6f2b982155c28a0a2f6cc7648bf136982468a468,977,520
validation_car_7ef986dab8f5ac05_0,7ef986dab8f5ac05,data/processed_clean/validation/car/validation_car_7ef986dab8f5ac05_0.jpg,car,2,train,"[0.044382803, 0.14588235, 0.855755897, 0.68235292]",add66f44989da3f0dd860611fcabcb63c91b00870a1212a4f629c60aa581aa3c,992,478
validation_car_802584c05a0115d6_0,802584c05a0115d6,data/processed_clean/validation/car/validation_car_802584c05a0115d6_0.jpg,car,2,train,"[0.0, 0.2375, 0.24726135, 0.27291669999999996]",aa6109b52d84fd86391c47865656c43a3a2634a8a17e15b34b7ef9d220f0ce95,273,243
validation_car_8578d2363c3df45e_0,8578d2363c3df45e,data/processed_clean/validation/car/validation_car_8578d2363c3df45e_0.jpg,car,2,train,"[0.0, 0.083333336, 1.0, 0.868750014]",e3684be34c93bb768f2749a92c9a91068740567a7cb985e3acd3dbde43a1b1d1,1024,757
validation_car_881360f241a607d3_0,881360f241a607d3,data/processed_clean/validation/car/validation_car_881360f241a607d3_0.jpg,car,2,train,"[0.28815976, 0.1826484, 0.62767479, 0.673516]",57f4be68e75ba3555449b1320a36af83eb6cd13fb1f78274c121fa914a0557d2,745,500
validation_car_895d440e05b2a8d8_0,895d440e05b2a8d8,data/processed_clean/validation/car/validation_car_895d440e05b2a8d8_0.jpg,car,2,train,"[0.02782071, 0.056962024, 0.90262752, 0.873417726]",39905c8b72b8a53abd71f75f9de89b42e2bcff51d12520c88efc72b508c66bd8,1024,751
validation_car_8b08690c2f1e57ac_1,8b08690c2f1e57ac,data/processed_clean/validation/car/validation_car_8b08690c2f1e57ac_1.jpg,car,2,train,"[0.023004059, 0.32048193, 0.933694181, 0.65060243]",b59a060fbdeba095f64648b2fcf002af351c3d1b0061bd0314e1a0fc24429228,1024,421
validation_car_8b09e4fcc209ca42_0,8b09e4fcc209ca42,data/processed_clean/validation/car/validation_car_8b09e4fcc209ca42_0.jpg,car,2,train,"[0.29808918, 0.4117647, 0.55414012, 0.32992325]",4e67c7ea054479cabe503be991df0fa15e2ca8700e30992c4e5841c6071efc00,658,195
validation_car_8ba73224c444fde2_1,8ba73224c444fde2,data/processed_clean/validation/car/validation_car_8ba73224c444fde2_1.jpg,car,2,train,"[0.003125, 0.13541667, 0.9953124999999999, 0.86458333]",13575d6004dfc528f23b4e0009767537f866a83a92816f5efa325cb4c7c0870d,1024,717
validation_car_8bb3568a52493241_0,8bb3568a52493241,data/processed_clean/validation/car/validation_car_8bb3568a52493241_0.jpg,car,2,train,"[0.17744361, 0.12798265, 0.6466165300000001, 0.82429501]",10f4dd4f3262463ac898e184d86bae76447c0eac40b096b8422ee234b8014444,768,666
validation_car_8bd2f6e213975d29_0,8bd2f6e213975d29,data/processed_clean/validation/car/validation_car_8bd2f6e213975d29_0.jpg,car,2,train,"[0.09375, 0.10208333, 0.809375, 0.66458332]",ad40ef1ad088f1cea1f323c8705fcc0047f9c8466c7b96ac4ffc455e030f17ca,961,592
validation_car_8c9de7709fefe724_0,8c9de7709fefe724,data/processed_clean/validation/car/validation_car_8c9de7709fefe724_0.jpg,car,2,train,"[0.0265625, 0.32083333, 0.8890625, 0.66458332]",e2840e6e229b4fbcfece3c020248624e584fa931bf79bfff8be06d4a33b87d8f,1010,562
validation_car_8cd99397db80f221_0,8cd99397db80f221,data/processed_clean/validation/car/validation_car_8cd99397db80f221_0.jpg,car,2,train,"[0.043301757, 0.072289154, 0.857916143, 0.9084337459999999]",440de1453e9fec87026ac1afb2ea61c16278b7a783f848e2f7fc2792b469cb17,993,576
validation_car_8d35b6b65cf497cb_0,8d35b6b65cf497cb,data/processed_clean/validation/car/validation_car_8d35b6b65cf497cb_0.jpg,car,2,train,"[0.049382716, 0.4625, 0.318518524, 0.08888885999999996]",b67e75297307e99d659938eb21c284fda65f50706261b3037f289d8856e9b9a3,213,106
validation_car_8fe8eaaa4e665758_0,8fe8eaaa4e665758,data/processed_clean/validation/car/validation_car_8fe8eaaa4e665758_0.jpg,car,2,train,"[0.1, 0.0, 0.9, 1.0]",bd5c85dd74f2d0e9bedb8b5e63b28de05a762ff82fad3dc63705734acc120319,995,768
validation_car_90ed7d97a19c3666_0,90ed7d97a19c3666,data/processed_clean/validation/car/validation_car_90ed7d97a19c3666_0.jpg,car,2,train,"[0.0, 0.0, 0.875, 1.0]",c5111cf352039318850771eef0fa7f76ccc603c367c829511ad131ed707fb1c5,968,768
validation_car_910eb7a8c87d99f2_1,910eb7a8c87d99f2,data/processed_clean/validation/car/validation_car_910eb7a8c87d99f2_1.jpg,car,2,train,"[0.081120946, 0.1659292, 0.8244837540000001, 0.63495576]",338f5808f1310cac3dec4e4c15df4a345eadb0df6192d1d52240c054e98058cb,979,503
validation_car_91a662ae44326ed2_0,91a662ae44326ed2,data/processed_clean/validation/car/validation_car_91a662ae44326ed2_0.jpg,car,2,train,"[0.20558003, 0.2911111, 0.79441997, 0.44222225]",ad72edd5d9c211890ae1f328d95747e91b50b802d744ef3a901e35fac174663f,879,347
validation_car_91d6ab86e7f7da2b_0,91d6ab86e7f7da2b,data/processed_clean/validation/car/validation_car_91d6ab86e7f7da2b_0.jpg,car,2,train,"[0.0, 0.15707965, 0.8775811, 0.74778758]",b3d4c4afa93c67f980fd24d6632d4ebb3dd4fd77e28dab0ea87901b669878389,971,593
validation_car_930dc3d41c3dd8b0_1,930dc3d41c3dd8b0,data/processed_clean/validation/car/validation_car_930dc3d41c3dd8b0_1.jpg,car,2,train,"[0.11356932, 0.0, 0.67994098, 0.95132744]",5f6de6af27d276feccef4ee20339969052267324baef25c2caee3bdbfd6c04bb,807,683
validation_car_932452c80ba0521f_0,932452c80ba0521f,data/processed_clean/validation/car/validation_car_932452c80ba0521f_0.jpg,car,2,train,"[0.2375, 0.25, 0.6046875, 0.51458335]",e14d2f82bb9a9942f4f5e5b37eb6cc0f0cae328b3addf4f02bd7b8b4a2adeec3,718,459
validation_car_933db5e8ec6ba110_0,933db5e8ec6ba110,data/processed_clean/validation/car/validation_car_933db5e8ec6ba110_0.jpg,car,2,train,"[0.57220215, 0.079422385, 0.31768955, 0.099277975]",cccb0718dd0e348fe032fe57b4f14a45c1414372e77753e48fab8a244bb260bd,377,118
validation_car_93533791a4353337_0,93533791a4353337,data/processed_clean/validation/car/validation_car_93533791a4353337_0.jpg,car,2,train,"[0.06185567, 0.24833703, 0.88954343, 0.47228387000000005]",fed310b26768e6e5997a1ee3cbce8fb42465ff86c54105a8cc20a2a5e43f98c0,1024,373
validation_car_944281d0485869f0_0,944281d0485869f0,data/processed_clean/validation/car/validation_car_944281d0485869f0_0.jpg,car,2,train,"[0.11782032, 0.0, 0.88217968, 1.0]",f325c6328fad416149ae754b3dac57f26583a97ed3d4e068203a2911451bcb0a,976,682
validation_car_95bd43b9c5ab0891_0,95bd43b9c5ab0891,data/processed_clean/validation/car/validation_car_95bd43b9c5ab0891_0.jpg,car,2,train,"[0.009888751, 0.068601586, 0.9826946990000001, 0.926121374]",5038b84c4c4af47b8275e6ab5a3ef0b47209062b3257aaee45e14b5ad6018858,1024,480
validation_car_95dcf58de4233ec8_0,95dcf58de4233ec8,data/processed_clean/validation/car/validation_car_95dcf58de4233ec8_0.jpg,car,2,train,"[0.26229507, 0.51859957, 0.5081967299999999, 0.27789933]",aabc4fe2167a4fb21b38fafe567fd308f8104cd054f938d8fb23aebacabc23ed,604,225
validation_car_976525d3c3d6b73c_0,976525d3c3d6b73c,data/processed_clean/validation/car/validation_car_976525d3c3d6b73c_0.jpg,car,2,train,"[0.0140625, 0.20833333, 0.9500000000000001, 0.73749997]",3fcd1732922f7309b4a94a0d5d1a071bd738a7912846e95033d0f3303bef2e40,1024,653
validation_car_99f655f8f4ef5a15_0,99f655f8f4ef5a15,data/processed_clean/validation/car/validation_car_99f655f8f4ef5a15_0.jpg,car,2,train,"[0.3125, 0.5083333, 0.6875, 0.4916667]",c36562dc64ef0cc7250ed27c62c0f27051515863c3b4936628718a108d57d0b3,760,408
validation_car_9a6f045922850e04_2,9a6f045922850e04,data/processed_clean/validation/car/validation_car_9a6f045922850e04_2.jpg,car,2,train,"[0.52359885, 0.59070796, 0.4395279900000001, 0.40044247999999993]",6d2d91f0d6aa458d64d9a454e151f4dba40478b12389107e992fb21ebf3ef527,522,301
validation_car_9bd789e3ec78cd1d_0,9bd789e3ec78cd1d,data/processed_clean/validation/car/validation_car_9bd789e3ec78cd1d_0.jpg,car,2,train,"[0.0859375, 0.32708332, 0.6453125, 0.45833334]",3b52cd9a8b6fb161a8f493c0443a99a2e871e320e7ea6efb0e28e9d500158d30,767,408
validation_car_9e00d64486e2cade_0,9e00d64486e2cade,data/processed_clean/validation/car/validation_car_9e00d64486e2cade_0.jpg,car,2,train,"[0.016245488, 0.40794224, 0.969314112, 0.45848376]",cba0859f51a8ddf663a59c6cad3f8ff9e280dd43b3649e02591c410399c19fbe,1024,545
validation_car_9e97a2648dd3459e_1,9e97a2648dd3459e,data/processed_clean/validation/car/validation_car_9e97a2648dd3459e_1.jpg,car,2,train,"[0.036671367, 0.064665124, 0.9562764330000001, 0.9191686059999999]",dbde58ead1b905af39584b6c6921f993cfd276b5a266dd123548840f286cbd5c,1024,625
validation_car_9f55fa3acb1a4c0a_0,9f55fa3acb1a4c0a,data/processed_clean/validation/car/validation_car_9f55fa3acb1a4c0a_0.jpg,car,2,train,"[0.253406, 0.17464115, 0.65667574, 0.57177035]",24a1b1b64bd9fc1c2a2ef5ffcdde3d227236e444ed8fbca5dab21456bbbeeac9,780,387
validation_car_a00f596ecc1a605d_0,a00f596ecc1a605d,data/processed_clean/validation/car/validation_car_a00f596ecc1a605d_0.jpg,car,2,train,"[0.07079646, 0.2300885, 0.8348082400000001, 0.409292]",eeb1810b69b251f4959c505ba6e1be342743ed3a6fb6e1806949d465b7dfb19f,992,324
validation_car_a064c3e7bc1ea755_0,a064c3e7bc1ea755,data/processed_clean/validation/car/validation_car_a064c3e7bc1ea755_0.jpg,car,2,train,"[0.1203125, 0.0, 0.8796875, 0.95416665]",c6ddfd2e29115fee5e776b69849e2ca9591920e1f4c802772a61053522551c11,973,768
validation_car_a0eb0f1e8496fade_1,a0eb0f1e8496fade,data/processed_clean/validation/car/validation_car_a0eb0f1e8496fade_1.jpg,car,2,train,"[0.0921875, 0.19166666, 0.88125, 0.57083334]",84d34cb5790c0d0403366b1ca8446c5815dd177227ceb26a97ee2c29b209d949,1002,509
validation_car_a2ca2ae81ec779ed_0,a2ca2ae81ec779ed,data/processed_clean/validation/car/validation_car_a2ca2ae81ec779ed_0.jpg,car,2,train,"[0.03924222, 0.04819277, 0.80920165, 0.95180723]",be8d20055f974f5aaa9c6a52da9477b6fdd10e9b6fd5aac2c2d6d8ce8c5d6aa8,935,576
validation_car_a322ab468216f3ad_0,a322ab468216f3ad,data/processed_clean/validation/car/validation_car_a322ab468216f3ad_0.jpg,car,2,train,"[0.0390625, 0.28958333, 0.928125, 0.5666666699999999]",25980dc1da66b1ad60886a59add66554cbad41c3971118c49e259366f8645677,1024,504
validation_car_a38b90ac0f5e6ef6_0,a38b90ac0f5e6ef6,data/processed_clean/validation/car/validation_car_a38b90ac0f5e6ef6_0.jpg,car,2,train,"[0.7289586, 0.30136988, 0.13266767000000002, 0.15981732000000004]",e0250bd6a878b3ca92b39d903f7903472f4b1342051dd9300fa26b0a6bfc7a3a,157,118
validation_car_a3ad91fabd188be3_0,a3ad91fabd188be3,data/processed_clean/validation/car/validation_car_a3ad91fabd188be3_0.jpg,car,2,train,"[0.07205883, 0.21507761, 0.80294117, 0.7028824899999999]",63d13438e0a1e3b2954c106b4fd6459dc6b91b34944c0fd4e836df389ba59230,954,554
validation_car_a3e01f6089b62766_0,a3e01f6089b62766,data/processed_clean/validation/car/validation_car_a3e01f6089b62766_0.jpg,car,2,train,"[0.21681416, 0.11283186, 0.5324483400000001, 0.6880531]",ee5d71ec89a2f49e5c232086ad70960b61d290f2a9bb5c9393adeaa4ae96f6b1,633,546
validation_car_a6701260304b64c4_0,a6701260304b64c4,data/processed_clean/validation/car/validation_car_a6701260304b64c4_0.jpg,car,2,train,"[0.015625, 0.43125, 0.9640625, 0.56875]",13abc284af080f6fcda5e356007109542a59485a25a3f9d2dfab8a8d0639bc16,1024,472
validation_car_a6c37f0ced187e15_0,a6c37f0ced187e15,data/processed_clean/validation/car/validation_car_a6c37f0ced187e15_0.jpg,car,2,train,"[0.047227927, 0.36031747, 0.899383973, 0.36984128]",e87a2c439faf81d74322ebc43ad3fb24877ab80c0976f6b8690d9ca0cc9c8ff3,791,439
validation_car_a8260a5227c4858b_0,a8260a5227c4858b,data/processed_clean/validation/car/validation_car_a8260a5227c4858b_0.jpg,car,2,train,"[0.28908554, 0.26327434, 0.48820056, 0.48451326]",23fa2bf35b7e5dd7351ae263be0235cc8d70122e0e783acdd8d903a4ddde7b55,580,384
validation_car_aca8821ff0368720_2,aca8821ff0368720,data/processed_clean/validation/car/validation_car_aca8821ff0368720_2.jpg,car,2,train,"[0.203125, 0.0, 0.7828125, 0.62916666]",8d22eae8c732156ef411b7d202c59bbd6efbe9102cb28601426e2842bfca3782,880,522
validation_car_acc033221adb4004_0,acc033221adb4004,data/processed_clean/validation/car/validation_car_acc033221adb4004_0.jpg,car,2,train,"[0.0, 0.0, 0.98941797, 0.9679803]",559b18d63a6be5fac64db8a0811de3058bc22c1e3288f9632ec5d91e31bdbc5b,1024,550
validation_car_af70f496802239b1_0,af70f496802239b1,data/processed_clean/validation/car/validation_car_af70f496802239b1_0.jpg,car,2,train,"[0.045454547, 0.26057908, 0.8152492530000001, 0.6703786199999999]",07c45904c75b071e0ff52c982d101926ca211c3335a84286e245869ca70920d6,948,525
validation_car_b08635ee6c473fb1_1,b08635ee6c473fb1,data/processed_clean/validation/car/validation_car_b08635ee6c473fb1_1.jpg,car,2,train,"[0.15343915, 0.43103448, 0.65873015, 0.45073892000000004]",8b63a2f30fdd7a2e42bdf40b3d0483d9ea25836d87992ec3959299a2c6cf2147,783,288
validation_car_b377594341eec38e_0,b377594341eec38e,data/processed_clean/validation/car/validation_car_b377594341eec38e_0.jpg,car,2,train,"[0.053125, 0.225, 0.9, 0.775]",0fdcc461c4d8d56197873e57b232efb251cddae9f2180c25ad3693ef43e884ee,1024,643
validation_car_b3a6332b15591358_1,b3a6332b15591358,data/processed_clean/validation/car/validation_car_b3a6332b15591358_1.jpg,car,2,train,"[0.073746316, 0.20575221, 0.862831834, 0.66371684]",62d07d51e7c7eec25f30095ebfd6c2758b423c96fcd9ccbc7a3a9ae8dad40cbb,1019,526
validation_car_b4b48b843c07eaf6_0,b4b48b843c07eaf6,data/processed_clean/validation/car/validation_car_b4b48b843c07eaf6_0.jpg,car,2,train,"[0.2390625, 0.30416667, 0.6640625, 0.62916667]",9e324cc8a8c78d44667c02e7b5719b3c89b7261581e0faa5e7b5fe275573769a,789,560
validation_car_b64c955a259910ca_0,b64c955a259910ca,data/processed_clean/validation/car/validation_car_b64c955a259910ca_0.jpg,car,2,train,"[0.10339734, 0.0794702, 0.8508124, 0.8543046]",a785a3e7776807ab8d5ccfc7a41c89a3f35197e6d7684129b23caa4378784d70,988,677
validation_car_b763d842aca3b3d6_2,b763d842aca3b3d6,data/processed_clean/validation/car/validation_car_b763d842aca3b3d6_2.jpg,car,2,train,"[0.871875, 0.55833334, 0.12656250000000002, 0.29166665999999997]",1e6a9ee8e24c130c6f6b16ae07cf7a05b8dc485a0a6af4e59db4a3e1eea96ceb,142,260
validation_car_b858acbf9d99e587_0,b858acbf9d99e587,data/processed_clean/validation/car/validation_car_b858acbf9d99e587_0.jpg,car,2,train,"[0.0044182623, 0.4380531, 0.9823269777, 0.5376106]",118e20b45726d7c465215bd763fe7bf9fb9da13d71d788344e41c87dbea51904,1024,413
validation_car_baf2f7990d424326_1,baf2f7990d424326,data/processed_clean/validation/car/validation_car_baf2f7990d424326_1.jpg,car,2,train,"[0.0921875, 0.24791667, 0.7953125, 0.40624997]",4d0bb9ad41d5a1ac18f353bdc18caf5e6fb6fcedc7de2463fa5cd0e59d8e51ef,945,362
validation_car_bbd1af3258c159da_0,bbd1af3258c159da,data/processed_clean/validation/car/validation_car_bbd1af3258c159da_0.jpg,car,2,train,"[0.01875, 0.26666668, 0.78125, 0.7333333200000001]",7451576bc3a885622bd49d6118b1fda9d2151913e169771db8bf1ad6577d59a5,883,608
validation_car_bc2d7887bf3c72b3_0,bc2d7887bf3c72b3,data/processed_clean/validation/car/validation_car_bc2d7887bf3c72b3_0.jpg,car,2,train,"[0.13322884, 0.19375, 0.73510976, 0.64791664]",e8e3244a76fcb88bcc708c4966565deae0027513f7aa4c122f88db915ee79aca,873,580
validation_car_bc3ca3e8bf4b651b_0,bc3ca3e8bf4b651b,data/processed_clean/validation/car/validation_car_bc3ca3e8bf4b651b_0.jpg,car,2,train,"[0.050078247, 0.10625, 0.9107981030000001, 0.75]",e02c4519d8f6331b3ece0ae94ddbe38197c74d1565833d7ff7e9896ef9abcb1d,1024,668
validation_car_bcc28ba52a27484d_0,bcc28ba52a27484d,data/processed_clean/validation/car/validation_car_bcc28ba52a27484d_0.jpg,car,2,train,"[0.14689265, 0.19399539, 0.7387005899999999, 0.6605080600000001]",58cbda25d43e802987bf5399d56f05c534712369c1ef00b2b2e80112e32aa6a9,877,480
validation_car_c0c427653808f018_0,c0c427653808f018,data/processed_clean/validation/car/validation_car_c0c427653808f018_0.jpg,car,2,train,"[0.110456556, 0.3037694, 0.8291605439999999, 0.45676274]",032167c08a9ba115cdafccc5d8e0b271c069778ad1ee4bb764a5d4eae020ecd7,979,361
validation_car_c0da33d3a727d6ce_1,c0da33d3a727d6ce,data/processed_clean/validation/car/validation_car_c0da33d3a727d6ce_1.jpg,car,2,train,"[0.048529413, 0.2616408, 0.8691176469999999, 0.5654102]",92b5d07570434f03beccb59c3bf15436a8e349a55793f8419889109217770c27,1011,446
validation_car_c61866ee67153b4f_1,c61866ee67153b4f,data/processed_clean/validation/car/validation_car_c61866ee67153b4f_1.jpg,car,2,train,"[0.0, 0.24375, 0.790625, 0.75625]",91e78c4af5d09eaacb73dd18c64cb3568bcbe81057185d74898e1b4d628a10d3,874,627
validation_car_c8306062540f711e_1,c8306062540f711e,data/processed_clean/validation/car/validation_car_c8306062540f711e_1.jpg,car,2,train,"[0.023776224, 0.062937066, 0.9622377759999999, 0.897435934]",171bfedc5a688129832e9dbb4309508729912bae455ef95ca5a5efa3c73f419f,1024,614
validation_car_c89c2b1f475df343_0,c89c2b1f475df343,data/processed_clean/validation/car/validation_car_c89c2b1f475df343_0.jpg,car,2,train,"[0.135318, 0.12771085, 0.6820027, 0.7156626500000001]",e5ee14277155e18d2de35c3e2b541599a51d641e3e23647297300a2e0e9b077c,810,477
validation_car_cc8b201ec0b16ea3_0,cc8b201ec0b16ea3,data/processed_clean/validation/car/validation_car_cc8b201ec0b16ea3_0.jpg,car,2,train,"[0.17870036, 0.115523465, 0.63357404, 0.662454895]",37758900891d1db8538039a1f002bdb47e38374cf14ffe5813393dc40ba39931,753,787
validation_car_cdde6824f1ab2d44_0,cdde6824f1ab2d44,data/processed_clean/validation/car/validation_car_cdde6824f1ab2d44_0.jpg,car,2,train,"[0.039647575, 0.10888889, 0.9104258249999999, 0.68888891]",1f8ed89e2edea6350fe07efde1c2cd26621779be7e9d70e555c7d7fadeb29f05,1024,542
validation_car_d1dda5dd6a2a15a5_1,d1dda5dd6a2a15a5,data/processed_clean/validation/car/validation_car_d1dda5dd6a2a15a5_1.jpg,car,2,train,"[0.0296875, 0.15416667, 0.8734375, 0.6333333299999999]",737c3657e5e10880e8e74e7f6f87422160d5444cd480d97b58821cecd541e71f,996,565
validation_car_d3729058c6a4186e_0,d3729058c6a4186e,data/processed_clean/validation/car/validation_car_d3729058c6a4186e_0.jpg,car,2,train,"[0.3125, 0.22916667, 0.5203125, 0.54375003]",b7c5b825387b2f94662b0c51e14545507f2be35216bc0dbe779a7b65827f6107,618,484
validation_car_d39cf578fcdcc58a_0,d39cf578fcdcc58a,data/processed_clean/validation/car/validation_car_d39cf578fcdcc58a_0.jpg,car,2,train,"[0.1277533, 0.0, 0.8722467, 1.0]",bce65cf430189648a987eaebc254083927c3d2be5623b6290d6bc6281f557fbc,965,678
validation_car_d5052b8e79ad5315_0,d5052b8e79ad5315,data/processed_clean/validation/car/validation_car_d5052b8e79ad5315_0.jpg,car,2,train,"[0.13716814, 0.38274336, 0.63274336, 0.3230088400000001]",147a4836c4bd89276e272ff5651c063e53e16d75627bf8852e9245f05b7e7c6e,751,256
validation_car_d69642784c6741ec_1,d69642784c6741ec,data/processed_clean/validation/car/validation_car_d69642784c6741ec_1.jpg,car,2,train,"[0.043841336, 0.121875, 0.9394572040000001, 0.2953125]",d4c1d269ea7f1f9432702f5b132c684c66db33b900644d66062bec58b9b61e3d,768,350
validation_car_d78a04ac72ad600a_2,d78a04ac72ad600a,data/processed_clean/validation/car/validation_car_d78a04ac72ad600a_2.jpg,car,2,train,"[0.0, 0.32553193, 0.43711656, 0.27021273999999995]",08096b5d9cb6156d9dc2ea703da53a75f01ab6c71f90295e8ae3662503ecd885,483,232
validation_car_d8015be33e9e67a2_1,d8015be33e9e67a2,data/processed_clean/validation/car/validation_car_d8015be33e9e67a2_1.jpg,car,2,train,"[0.026548672, 0.21017699, 0.960177028, 0.74336286]",11cb2a869457c4fcb62c1fa92983a6dfe4951fd4de543abe57d6a1d9d074289b,1024,579
validation_car_d8c14300c061c30c_0,d8c14300c061c30c,data/processed_clean/validation/car/validation_car_d8c14300c061c30c_0.jpg,car,2,train,"[0.0, 0.25, 1.0, 0.47083336]",11f4802a65e53fe662749b13b99588a0f868d2c2b92e80a3721a7cd775c0b9a7,1024,420
validation_car_d8d0f1f76ae94f4b_0,d8d0f1f76ae94f4b,data/processed_clean/validation/car/validation_car_d8d0f1f76ae94f4b_0.jpg,car,2,train,"[0.20029455, 0.34070796, 0.5596465500000001, 0.4469026400000001]",e1a3e18e50f0a11d481bb1696d32d7d5a5f475e88f8560ba01600cbdb3a6d98f,665,354
validation_car_d98bbbc183a4c285_0,d98bbbc183a4c285,data/processed_clean/validation/car/validation_car_d98bbbc183a4c285_0.jpg,car,2,train,"[0.0, 0.10344828, 1.0, 0.8965517199999999]",3afa33fc60332b5ca7c0032cb23f2efa9dfa11c2301aa93485544c4be20245fe,1024,504
validation_car_dbf8e3bfa57e773b_0,dbf8e3bfa57e773b,data/processed_clean/validation/car/validation_car_dbf8e3bfa57e773b_0.jpg,car,2,train,"[0.016245488, 0.0, 0.958483752, 0.89891696]",08a81b6fd9449850ede5b7558b7c6ae01c380d7f9518bbc336d434acdcc21545,1024,994
validation_car_dc7578b40b0d9628_1,dc7578b40b0d9628,data/processed_clean/validation/car/validation_car_dc7578b40b0d9628_1.jpg,car,2,train,"[0.1015625, 0.035416666, 0.85, 0.941666634]",e067025660f49e4e3965b0d6bf3f5dfa85a422d0db1e559b1cf060e4b779c890,990,768
validation_car_dda3043fa860d635_0,dda3043fa860d635,data/processed_clean/validation/car/validation_car_dda3043fa860d635_0.jpg,car,2,train,"[0.1515625, 0.42083332, 0.7515624999999999, 0.32083338]",09328969c48867268575596a459e0d36ed7866552fe673324d4e0f4f04c43c26,892,286
validation_car_dda97f6ea6576edb_0,dda97f6ea6576edb,data/processed_clean/validation/car/validation_car_dda97f6ea6576edb_0.jpg,car,2,train,"[0.0, 0.21286032, 0.3367647, 0.51884701]",52b57bda00739876fd7cb0142af4dfb7c3006d2a0b69b728274ce2b3c5906367,372,409
validation_car_df2285183de1238a_0,df2285183de1238a,data/processed_clean/validation/car/validation_car_df2285183de1238a_0.jpg,car,2,train,"[0.06666667, 0.071875, 0.93333333, 0.8156249999999999]",285fd7c9f3b58317d8647b4edd9eff4f8113d635bda0b527ec19f91630883717,768,969
validation_car_dfbc7fe32d7cb3a9_1,dfbc7fe32d7cb3a9,data/processed_clean/validation/car/validation_car_dfbc7fe32d7cb3a9_1.jpg,car,2,train,"[0.01875, 0.0, 0.9468749999999999, 1.0]",85dfd5cbf49a9873abf0cdd55a5f6fcf147dd8800be05a9ce3e1f3a18fe6422c,1024,768
validation_car_e145ce78ff504edb_0,e145ce78ff504edb,data/processed_clean/validation/car/validation_car_e145ce78ff504edb_0.jpg,car,2,train,"[0.009025271, 0.11191336, 0.9711191290000001, 0.78158844]",2f6d39dfdb315203c1d7079e42db04b91e8da60788eb93c56fd9289ba9055df2,1024,928
validation_car_e166bf81ec7cf59e_2,e166bf81ec7cf59e,data/processed_clean/validation/car/validation_car_e166bf81ec7cf59e_2.jpg,car,2,train,"[0.026536312, 0.095794395, 0.814245788, 0.8130841050000001]",58f94413f9bedfe71cb0eeea954553671371550b6b597146ddb1741b48e89abd,928,578
validation_car_e18de920ad6adeb0_0,e18de920ad6adeb0,data/processed_clean/validation/car/validation_car_e18de920ad6adeb0_0.jpg,car,2,train,"[0.12211669, 0.0, 0.87788331, 0.8317308]",b5042305b696290f3274cb58dd43c543975deabaeb31a9b9ff2387429485ebbc,971,520
validation_car_e18ec65f6ca9e199_0,e18ec65f6ca9e199,data/processed_clean/validation/car/validation_car_e18ec65f6ca9e199_0.jpg,car,2,train,"[0.03692762, 0.2781457, 0.7355982299999999, 0.5320088000000001]",0ea455905a200b07f7acc5044a7cd8c94613f2d238ea840b6dc47bb860d3d5e3,851,423
validation_car_e2a5db14a9db9066_0,e2a5db14a9db9066,data/processed_clean/validation/car/validation_car_e2a5db14a9db9066_0.jpg,car,2,train,"[0.0703125, 0.18333334, 0.8640625, 0.64999996]",bb73008d044d088716cdf6f125dd26425317a89d64bc455b9ed4f9e3b520560a,1023,579
validation_car_e32a17ee27b8e0cb_1,e32a17ee27b8e0cb,data/processed_clean/validation/car/validation_car_e32a17ee27b8e0cb_1.jpg,car,2,train,"[0.020648967, 0.050884955, 0.979351033, 0.876106205]",aa6789a4c6fc8768e470548d4461f8953d1315dd844070ede85caf9c6ddb7fbb,1024,680
validation_car_e590908429788a94_0,e590908429788a94,data/processed_clean/validation/car/validation_car_e590908429788a94_0.jpg,car,2,train,"[0.010830325, 0.18592058, 0.985559545, 0.49458482000000004]",c7117ad81dc0760c0ce971dbf5bca0a02fc559e704366904f7a7baebb208d56b,1024,587
validation_car_e7d8aa8e30e1ab13_0,e7d8aa8e30e1ab13,data/processed_clean/validation/car/validation_car_e7d8aa8e30e1ab13_0.jpg,car,2,train,"[0.075, 0.050997782, 0.82794117, 0.949002218]",5987ee6da2db5de188b5d38fd1de89b918b8e37ec9f4ca9d73154d6063928f1d,983,680
validation_car_e86f175c958e214f_1,e86f175c958e214f,data/processed_clean/validation/car/validation_car_e86f175c958e214f_1.jpg,car,2,train,"[0.0088495575, 0.21533923, 0.9668141425, 0.51622422]",481599a87b3d0d79e520d233d62275457f6fd905cf8ead44fcaf228a85b7b436,682,613
validation_car_ea5f7dc7df0bd422_3,ea5f7dc7df0bd422,data/processed_clean/validation/car/validation_car_ea5f7dc7df0bd422_3.jpg,car,2,train,"[0.58849555, 0.0, 0.30088495000000004, 0.14306785]",7df39ef861944982b9e544976136f14493fdb8e07fb2c4577e0ba17a6a7efc0d,238,158
validation_car_eac45380074ba8c8_1,eac45380074ba8c8,data/processed_clean/validation/car/validation_car_eac45380074ba8c8_1.jpg,car,2,train,"[0.040625, 0.1375, 0.8734375, 0.71875]",1a39b0e7e67c7f040d048b7f0d16adbad4fbb05c39fa53c1820e7605174aa851,1008,641
validation_car_eb557eb92dc753ac_2,eb557eb92dc753ac,data/processed_clean/validation/car/validation_car_eb557eb92dc753ac_2.jpg,car,2,train,"[0.028125, 0.10625, 0.9187500000000001, 0.80625]",aea1d281b9213560f72d2eefe98087a86885d272e3803423346e026545d9ce90,1024,718
validation_car_ec11ece8215296ce_0,ec11ece8215296ce,data/processed_clean/validation/car/validation_car_ec11ece8215296ce_0.jpg,car,2,train,"[0.0, 0.34115523, 0.98194945, 0.45126357]",72cc95f936e746d4ce771bd900cae9e1506b5fad3d9c7e5906ab709275f2e204,1024,536
validation_car_ecc5148293fb7014_0,ecc5148293fb7014,data/processed_clean/validation/car/validation_car_ecc5148293fb7014_0.jpg,car,2,train,"[0.24336283, 0.46902654, 0.5147492699999999, 0.36725666]",2c76182094c41b6ca293124dac504cd90c713b8b81233ebc67b15ab07c70f07e,611,291
validation_car_ee0979136cb487c4_0,ee0979136cb487c4,data/processed_clean/validation/car/validation_car_ee0979136cb487c4_0.jpg,car,2,train,"[0.28466076, 0.15486726, 0.23746313999999996, 0.22345132]",a6a569c84d057e48a8b767b9eba8b415cc8c9451b3d3efa8cf4cecd949e95fba,282,177
validation_car_eeb2ffedc24e752b_1,eeb2ffedc24e752b,data/processed_clean/validation/car/validation_car_eeb2ffedc24e752b_1.jpg,car,2,train,"[0.086053416, 0.12747253, 0.859050484, 0.78681317]",39a461d0976d0cbc4e0a988c592a195c1503e9df91526cdcba21174bd8577a57,1006,631
validation_car_ef7790d304d3718b_0,ef7790d304d3718b,data/processed_clean/validation/car/validation_car_ef7790d304d3718b_0.jpg,car,2,train,"[0.15929204, 0.3340708, 0.70353979, 0.5132743]",977a852439c6662c1186601335c70de25b125302c16341ff49e3d0610a6debbe,836,408
validation_car_f01655a454bf00e9_0,f01655a454bf00e9,data/processed_clean/validation/car/validation_car_f01655a454bf00e9_0.jpg,car,2,train,"[0.09144543, 0.38938054, 0.7625368699999999, 0.38938056]",82dbff5da50e7c7d269c1ec81f5bd81cbb4681a021d0efdf35a1397072bdd03e,906,308
validation_car_f0a988acdd60f918_0,f0a988acdd60f918,data/processed_clean/validation/car/validation_car_f0a988acdd60f918_0.jpg,car,2,train,"[0.0, 0.0, 1.0, 1.0]",39db299b971743685130c7fa8cf77e0e5be90b00f3a16fff91ab930185c62bdc,735,1024
validation_car_f1f0037b67db92a8_1,f1f0037b67db92a8,data/processed_clean/validation/car/validation_car_f1f0037b67db92a8_1.jpg,car,2,train,"[0.09878214, 0.072289154, 0.81326116, 0.8795180459999999]",69acb1c490bd1d4a7d81ff8078563ee11c8f3846f5f2d5274ad22988f721c4df,966,574
validation_car_f39bc696fd27f75a_0,f39bc696fd27f75a,data/processed_clean/validation/car/validation_car_f39bc696fd27f75a_0.jpg,car,2,train,"[0.071104385, 0.029612755, 0.8502269149999999, 0.9316628849999999]",6f9dc4e8ff6a3a1d3cb896453a5de0df59abd4d85d8aac545099dfcf557cf146,1010,680
validation_car_f3e3fef94e3af0f8_0,f3e3fef94e3af0f8,data/processed_clean/validation/car/validation_car_f3e3fef94e3af0f8_0.jpg,car,2,train,"[0.03930131, 0.4753363, 0.49927219000000006, 0.28699554]",2697dfff68946dc89d160b7232de6060a2a34978bca868bc1b2c8a29c4c3fd6b,592,221
validation_car_f593eda6be2370c3_0,f593eda6be2370c3,data/processed_clean/validation/car/validation_car_f593eda6be2370c3_0.jpg,car,2,train,"[0.0, 0.075, 0.5703125, 0.38333333999999997]",cd8445fe30ee776f163e750c91dba4b262a3cc30c48750e23709c985f38cd1fa,631,342
validation_car_f6f6c6863cbb2786_0,f6f6c6863cbb2786,data/processed_clean/validation/car/validation_car_f6f6c6863cbb2786_0.jpg,car,2,train,"[0.26843658, 0.26327434, 0.7315634200000001, 0.6150442599999999]",ffb22971d25988fa2601ef36f5c73407078ecd8438225c27e5d03adcac457f06,809,487
validation_car_f7a67ec6edf7bdf0_0,f7a67ec6edf7bdf0,data/processed_clean/validation/car/validation_car_f7a67ec6edf7bdf0_0.jpg,car,2,train,"[0.0625, 0.37083334, 0.8828125, 0.6083333599999999]",025517440061c6b66aee09fbd3f6af0637cd933e0497f151ceddf89d843f891a,1024,521
validation_car_f7f2f6484ffd1211_0,f7f2f6484ffd1211,data/processed_clean/validation/car/validation_car_f7f2f6484ffd1211_0.jpg,car,2,train,"[0.060509555, 0.35378322, 0.788216545, 0.35173824000000004]",f5c3dc035fee3c3072c80f98ff7bef1d0767af4ab0feffa780e416a884373488,934,325
validation_car_fa9147596edc058f_0,fa9147596edc058f,data/processed_clean/validation/car/validation_car_fa9147596edc058f_0.jpg,car,2,train,"[0.0, 0.12831858, 0.7787611, 0.7389380600000001]",7ef0634dd3fe8bb24411cdcc7b27ab83438de0e97e9fb4be8e2f119aee9914c3,861,586
validation_car_fb214437fd81f122_0,fb214437fd81f122,data/processed_clean/validation/car/validation_car_fb214437fd81f122_0.jpg,car,2,train,"[0.0, 0.38938054, 0.9823009, 0.54129796]",c76afaf7b175226c2ca41928258ca713c603c06fdd4cb4355dedae49af396365,683,643
validation_car_fb7f56abb4519f00_0,fb7f56abb4519f00,data/processed_clean/validation/car/validation_car_fb7f56abb4519f00_0.jpg,car,2,train,"[0.0921875, 0.14613779, 0.665625, 0.68267225]",5b7577178f7f1fc7d79df8b446783802f2795c0c42e6532fa178fb8c78b86254,791,607
validation_car_fd2aa62413df2ac7_1,fd2aa62413df2ac7,data/processed_clean/validation/car/validation_car_fd2aa62413df2ac7_1.jpg,car,2,train,"[0.017595308, 0.23111111, 0.697947192, 0.5911111200000001]",c55db31b4153a47c017e9ef8a72385ce7ed777afd2ae3144bc903314ce957ac4,790,463
validation_car_ff39c85e8edd5dbe_0,ff39c85e8edd5dbe,data/processed_clean/validation/car/validation_car_ff39c85e8edd5dbe_0.jpg,car,2,train,"[0.0, 0.14583333, 0.984375, 0.5624999700000001]",68cb32212c8b2bbe1dbfd5ef0a74e5fd696a2267a72810860e840110cbc66b90,1024,502
validation_car_ff6292c4c4d63d56_0,ff6292c4c4d63d56,data/processed_clean/validation/car/validation_car_ff6292c4c4d63d56_0.jpg,car,2,train,"[0.2421875, 0.38125, 0.484375, 0.35416665]",3685409a3ff04f5f093e1eb3e82d98f046f069dcdd5541d3daad4e39cc180845,576,316
validation_car_ffb9838816c0021a_1,ffb9838816c0021a,data/processed_clean/validation/car/validation_car_ffb9838816c0021a_1.jpg,car,2,train,"[0.036873158, 0.25442478, 0.954277282, 0.69247785]",c2f88c035112446d38ac5de91c3c18529f9b91cafe1e66e9fda330445e28bd74,1024,547
test_person_00ddce4199d3b31c_3,00ddce4199d3b31c,data/processed_clean/test/person/test_person_00ddce4199d3b31c_3.jpg,person,3,train,"[0.346875, 0.12526096, 0.3171875, 0.74112734]",bdc6cf2702084219cc2853374657ba05585a269475123ce3329d385ffa835e7c,377,660
test_person_01a36c1263e1caf0_0,01a36c1263e1caf0,data/processed_clean/test/person/test_person_01a36c1263e1caf0_0.jpg,person,3,train,"[0.018597998, 0.17539863, 0.163090132, 0.80410023]",9c00db48fbbb77e3badbdeaff25f6e7202dc7d776027f2d547e59f54733d6a54,193,572
test_person_02079ab4f3485715_3,02079ab4f3485715,data/processed_clean/test/person/test_person_02079ab4f3485715_3.jpg,person,3,train,"[0.3908397, 0.17735043, 0.26870225999999997, 0.82264957]",6586586dbada46bbfae590f1bd8bf754f9cff106a533216516b126799d776350,319,649
test_person_025b5eb416f73312_1,025b5eb416f73312,data/processed_clean/test/person/test_person_025b5eb416f73312_1.jpg,person,3,train,"[0.26041666, 0.078125, 0.31041663999999997, 0.50625]",b9e4aa20e35c3b665e8d716590e7bb069eec2b1a0c92ac439fc94c61ba5aeb29,276,601
test_person_036525aad0e681b7_6,036525aad0e681b7,data/processed_clean/test/person/test_person_036525aad0e681b7_6.jpg,person,3,train,"[0.38086644, 0.8285199, 0.23285196000000002, 0.16786997000000003]",b16003fee2cbb4c8a0862b301ec2f251b83f1a44b2e9c924b2f67e60b5c18966,277,189
test_person_03c7068c636ab46f_0,03c7068c636ab46f,data/processed_clean/test/person/test_person_03c7068c636ab46f_0.jpg,person,3,train,"[0.09882006, 0.0, 0.29498524000000004, 0.8783186]",85c9cf02f111e0cfdfdde43827bfa43a6dd9790ea6489879504db0965941f483,350,648
test_person_042df363dfa7e12b_0,042df363dfa7e12b,data/processed_clean/test/person/test_person_042df363dfa7e12b_0.jpg,person,3,train,"[0.478125, 0.31875, 0.490625, 0.66666665]",82e8c848c8bb64ca8a12ff2e73631b2538c73abea79bf3d0f3499e159009cdc2,575,564
test_person_0c2b2733f175aaa3_1,0c2b2733f175aaa3,data/processed_clean/test/person/test_person_0c2b2733f175aaa3_1.jpg,person,3,train,"[0.0, 0.1375, 0.2125, 0.8625]",20c0ae4ee65b1f9e81b1e64fcb6e747d8fdedadb46d0af3d1507b98997533348,235,715
test_person_0f98eb435d86a389_9,0f98eb435d86a389,data/processed_clean/test/person/test_person_0f98eb435d86a389_9.jpg,person,3,train,"[0.31470588, 0.42793792, 0.10735294000000001, 0.43458978]",0007fd4a979af2f48e6a2d91df2e6157d94f8c67a01f0fb4e960fa6c4a0e4603,128,341
test_person_151870f90360195d_0,151870f90360195d,data/processed_clean/test/person/test_person_151870f90360195d_0.jpg,person,3,train,"[0.415625, 0.6979167, 0.35624999999999996, 0.11458330000000005]",4f97c12b38a27fd35cb3c61c43bf1ddc61fe4b1e42c504c66dca49cc09e32b22,424,102
test_person_160ddf4ee655003f_1,160ddf4ee655003f,data/processed_clean/test/person/test_person_160ddf4ee655003f_1.jpg,person,3,train,"[0.45949927, 0.28318584, 0.21502202999999998, 0.29867256]",efb747c2cfadb28a8f14340a2ab15ab4720652e3307b1e31c1968a46711401c3,255,236
test_person_164e11a8bf2279fa_1,164e11a8bf2279fa,data/processed_clean/test/person/test_person_164e11a8bf2279fa_1.jpg,person,3,train,"[0.1838565, 0.0349345, 0.68834083, 0.9650655]",2932d5005e00a234f8f044a65e531a92748e71a774b881f9a9ed4caccca3ae22,531,1024
test_person_187a51f2e067354f_5,187a51f2e067354f,data/processed_clean/test/person/test_person_187a51f2e067354f_5.jpg,person,3,train,"[0.30533117, 0.04040404, 0.38287563, 0.88282826]",6262b1f06df16413a82a2722130d382009ca4decedd99d5b28078763b2cb5857,455,814
test_person_1bf602cf74ed5a4f_2,1bf602cf74ed5a4f,data/processed_clean/test/person/test_person_1bf602cf74ed5a4f_2.jpg,person,3,train,"[0.3038348, 0.15486726, 0.5648967599999999, 0.7853982399999999]",57708798c4c4eacec1f8f962f24924232e3b12ec8a2d648d37d9ceb0e9646099,671,620
test_person_1c1ef1ebb2485523_2,1c1ef1ebb2485523,data/processed_clean/test/person/test_person_1c1ef1ebb2485523_2.jpg,person,3,train,"[0.0, 0.36875, 0.08125, 0.30208335]",0be66392effcf9669c184c76a034710ea1b3fcf7d77fda222fa071f32049d252,90,269
test_person_1ef4fbfc390caf08_2,1ef4fbfc390caf08,data/processed_clean/test/person/test_person_1ef4fbfc390caf08_2.jpg,person,3,train,"[0.4397496, 0.44676408, 0.17214400000000002, 0.36116912]",ae9e2e1692dc6b1a79a10e3c87af5098286849dae838228aea4d43b4e56ebb66,205,322
test_person_1fc8691285c6d6e1_1,1fc8691285c6d6e1,data/processed_clean/test/person/test_person_1fc8691285c6d6e1_1.jpg,person,3,train,"[0.07079646, 0.2979351, 0.25, 0.5176991]",294c0d34a3fabfb03b91016fc4a78981c3395fda20be417f44f808255b9d067f,198,615
test_person_215b948aec075c66_0,215b948aec075c66,data/processed_clean/test/person/test_person_215b948aec075c66_0.jpg,person,3,train,"[0.50737464, 0.30752212, 0.30530972, 0.34292038]",88e93eeb875f957ecba915a793b94374858c7233c37459f3c405c4b819f2bf41,362,272
test_person_21f94d27d37b0d6e_1,21f94d27d37b0d6e,data/processed_clean/test/person/test_person_21f94d27d37b0d6e_1.jpg,person,3,train,"[0.1, 0.2140625, 0.51041665, 0.76875]",abb5e5839eafc7caf23c4fef9d9794cbbfc499c90994d44b6a4827221d0a8ba4,455,868
test_person_2239bef3e25c1f56_5,2239bef3e25c1f56,data/processed_clean/test/person/test_person_2239bef3e25c1f56_5.jpg,person,3,train,"[0.065, 0.015655577, 0.7583333000000001, 0.984344423]",b1425e49a5dc68f614c20fd30fcb7501771e40f18b8224c3b0ae28eb734bf304,901,872
test_person_237b3f8285bd2086_1,237b3f8285bd2086,data/processed_clean/test/person/test_person_237b3f8285bd2086_1.jpg,person,3,train,"[0.39675516, 0.059734512, 0.46312684000000004, 0.940265488]",c05d03f4c43c08038328af9df9526f7a45aedc9ff0d2d532f5e08892983b89d3,550,683
test_person_2456a728d9d792f4_1,2456a728d9d792f4,data/processed_clean/test/person/test_person_2456a728d9d792f4_1.jpg,person,3,train,"[0.6185567, 0.10176991, 0.38144330000000004, 0.89823009]",6a4fdca39d2c25dbde80b01bf2cf3a2bf0149069b945ce9ae7c47749cc8c9bd8,422,662
test_person_2520eef24e45fe2d_3,2520eef24e45fe2d,data/processed_clean/test/person/test_person_2520eef24e45fe2d_3.jpg,person,3,train,"[0.36725664, 0.25663716, 0.38053096, 0.7367256799999999]",c0b418454f11b238572064c592152f23ef746e97facbd2d5dd2572791ff59562,452,548
test_person_294e7eb7765ca5ca_0,294e7eb7765ca5ca,data/processed_clean/test/person/test_person_294e7eb7765ca5ca_0.jpg,person,3,train,"[0.28097346, 0.21533923, 0.55088494, 0.46312686999999997]",216ebc355d67784f2e4164a99944e596f18e9b97f05940c53d79bd4281a8061d,436,550
test_person_2a45f68a109fda99_2,2a45f68a109fda99,data/processed_clean/test/person/test_person_2a45f68a109fda99_2.jpg,person,3,train,"[0.40625, 0.29375, 0.15937500000000004, 0.35000000000000003]",305d52ab1629a89e1c91224025abe102a2f0b992f5841faebe511b1788d1cc9d,189,312
test_person_2c2c6e591c7ce27a_0,2c2c6e591c7ce27a,data/processed_clean/test/person/test_person_2c2c6e591c7ce27a_0.jpg,person,3,train,"[0.4259928, 0.3465704, 0.1949458, 0.43862817000000004]",8118ba880f1f5b835c7dc4fbbeacbca9679c4742dbfc6b5698c6d5c5a7845899,232,521
test_person_2e4bbde27130482c_1,2e4bbde27130482c,data/processed_clean/test/person/test_person_2e4bbde27130482c_1.jpg,person,3,train,"[0.5833333, 0.19548872, 0.15234375999999994, 0.80451128]",168cd5751c2848ec9e98e4824a2a92e0b511629ca5411741662c8dd785513a00,181,462
test_person_303540def9262c44_0,303540def9262c44,data/processed_clean/test/person/test_person_303540def9262c44_0.jpg,person,3,train,"[0.25420874, 0.31976745, 0.52356906, 0.40310074999999995]",87638f77c3d2be89c6516f5864464073f0b3cec953ece4b459283b2aed7f7081,622,415
test_person_320531fe57966274_4,320531fe57966274,data/processed_clean/test/person/test_person_320531fe57966274_4.jpg,person,3,train,"[0.7546875, 0.47916666, 0.11562500000000009, 0.32916668]",58a12f7e5f69c159bbc49fc6ef97612b67dcc09c5ffe7c03c09ebabec0b7ddff,138,293
test_person_347d0c229ccc55bb_3,347d0c229ccc55bb,data/processed_clean/test/person/test_person_347d0c229ccc55bb_3.jpg,person,3,train,"[0.14623338, 0.15673289, 0.2407681, 0.68432671]",07caef09750a28e247e7277de71413fc40bed54d8934fd46e3fc48a8ae9eab80,286,544
test_person_352e1c7cfff08142_3,352e1c7cfff08142,data/processed_clean/test/person/test_person_352e1c7cfff08142_3.jpg,person,3,train,"[0.12186978, 0.15429688, 0.31051754000000004, 0.84570312]",7ae4771436af1cdf8de55273d5d59c54bd855f35df90f0815166cf18a10e7be5,369,799
test_person_36290134d7481e01_5,36290134d7481e01,data/processed_clean/test/person/test_person_36290134d7481e01_5.jpg,person,3,train,"[0.7703125, 0.0, 0.09531250000000002, 0.33958334]",0f9a39e7d0463a83df075c962d6210af2fc6cc640f46a1826ce81565052dcc85,113,282
test_person_36467583ed42a701_0,36467583ed42a701,data/processed_clean/test/person/test_person_36467583ed42a701_0.jpg,person,3,train,"[0.09882006, 0.34070796, 0.12979351, 0.25442481]",07aef3dabbf01661dfab4d368db26842c190363920bdfe6bb4e7c9b0241179ce,154,201
test_person_3a4c8ec966c9c27f_1,3a4c8ec966c9c27f,data/processed_clean/test/person/test_person_3a4c8ec966c9c27f_1.jpg,person,3,train,"[0.246875, 0.6979167, 0.1328125, 0.17499994000000008]",acb121690c6ee94f990fccda999e344dd2f8fe16b80373cf5e7c8c647f2c0aaa,158,156
test_person_3b6b7e47e005e7cb_1,3b6b7e47e005e7cb,data/processed_clean/test/person/test_person_3b6b7e47e005e7cb_1.jpg,person,3,train,"[0.40625, 0.04375, 0.4625, 0.815625]",48b98cd18eecab2a53114cd3b78e30f1f6e8650bb9861aa5c7c6653ea60c9ca5,412,947
test_person_3e43d1212ec66d2b_2,3e43d1212ec66d2b,data/processed_clean/test/person/test_person_3e43d1212ec66d2b_2.jpg,person,3,train,"[0.46278754, 0.2819277, 0.14749661000000003, 0.35180723999999997]",d35aabcd871f059938a75cd177636c891ea5091e2916713789352fa4ed81c0f6,175,235
test_person_407186708f275d3d_0,407186708f275d3d,data/processed_clean/test/person/test_person_407186708f275d3d_0.jpg,person,3,train,"[0.0, 0.0, 1.0, 1.0]",812e0cbef85c4aec00d942c2c6acf37ef1a4ff21ea255fad58e93cd2782265f3,768,1024
test_person_40881d237872ce2f_1,40881d237872ce2f,data/processed_clean/test/person/test_person_40881d237872ce2f_1.jpg,person,3,train,"[0.21875, 0.0, 0.10625000000000001, 0.275]",594b8fe5039a7acef83ca119b937456f6a5018a4494fa2ea3afaae121d1e8e07,127,228
test_person_40c944183f41861c_3,40c944183f41861c,data/processed_clean/test/person/test_person_40c944183f41861c_3.jpg,person,3,train,"[0.66863036, 0.26548672, 0.11487478000000007, 0.33407077999999996]",c3be0fa96b6fa8d6205799418cfe6595f756166664f21b48e3c95a3bc8ee7dcb,137,264
test_person_40e51f510c9f66ad_0,40e51f510c9f66ad,data/processed_clean/test/person/test_person_40e51f510c9f66ad_0.jpg,person,3,train,"[0.39233038, 0.048672568, 0.5560472200000001, 0.911504432]",cb77ba8b809353cd23b92ef2e8e4cf20e9308fd14dea1972a86876cd9256916c,661,682
test_person_40fcaefa247b3720_0,40fcaefa247b3720,data/processed_clean/test/person/test_person_40fcaefa247b3720_0.jpg,person,3,train,"[0.7984375, 0.36666667, 0.09687499999999993, 0.53958333]",b6f8950cb18e7ea52571890f31b164f75d900c3a5315785deb2239c0b8d767de,115,481
test_person_422ecc568f41b157_2,422ecc568f41b157,data/processed_clean/test/person/test_person_422ecc568f41b157_2.jpg,person,3,train,"[0.5796875, 0.18333334, 0.1640625, 0.67708331]",564aafb9814868f5dbc473ec8f51c655319d7ce1c3141054a8bf933eaad9fc4f,195,603
test_person_4914bb25ac3f21f2_2,4914bb25ac3f21f2,data/processed_clean/test/person/test_person_4914bb25ac3f21f2_2.jpg,person,3,train,"[0.019145804, 0.15299335, 0.08394697599999999, 0.32150775]",78558974beece23062c04e9e2284887e3bda0ee44ad7b9accbfa4b84e5d5ea99,99,253
test_person_499a28065fc84ec3_0,499a28065fc84ec3,data/processed_clean/test/person/test_person_499a28065fc84ec3_0.jpg,person,3,train,"[0.4060606, 0.4752688, 0.09696970000000005, 0.48387096]",8aa2f0fd61e1f268ff7fdee07586502f15543acb8816e8e3690e0ddf7eb4de25,115,404
test_person_4b6f7eaab588a580_1,4b6f7eaab588a580,data/processed_clean/test/person/test_person_4b6f7eaab588a580_1.jpg,person,3,train,"[0.112443775, 0.50869566, 0.25037482499999997, 0.40652173999999996]",bc7f7c2ad00020c8a3ff9598859b15c9f07a598d6a19628a66ac90a267988355,297,333
test_person_4eabf09842a37641_3,4eabf09842a37641,data/processed_clean/test/person/test_person_4eabf09842a37641_3.jpg,person,3,train,"[0.478125, 0.18333334, 0.12656250000000002, 0.74166666]",ef7e7530f24b4b353b75a4bc753641e8cd6aa3de4f48bf20173f715ad91ae981,151,661
test_person_4fe7154ed5b339e3_3,4fe7154ed5b339e3,data/processed_clean/test/person/test_person_4fe7154ed5b339e3_3.jpg,person,3,train,"[0.31707317, 0.097058825, 0.39467847, 0.626470575]",ec597e07f750e91f26aad222b077270528b1afc21287185b27fc7e14bdf34945,311,744
test_person_512d7982601ef838_0,512d7982601ef838,data/processed_clean/test/person/test_person_512d7982601ef838_0.jpg,person,3,train,"[0.46563193, 0.33773863, 0.11529931999999998, 0.23054332000000005]",9004537350b97cafc9ea59190c895360c2e37e54927841f723356f6a29fe4d7e,91,274
test_person_52806385350cb39a_3,52806385350cb39a,data/processed_clean/test/person/test_person_52806385350cb39a_3.jpg,person,3,train,"[0.22916667, 0.3, 0.33958332999999996, 0.7]",8fbd0301ab0720ff01931245f4d9eda44cfa7cf93848bbfdd36622a3aeed82dd,303,774
test_person_53e1685a30ac3ba2_0,53e1685a30ac3ba2,data/processed_clean/test/person/test_person_53e1685a30ac3ba2_0.jpg,person,3,train,"[0.556196, 0.115384616, 0.15706049999999994, 0.334841634]",3861938b33fd7341f0074bf5f9493b378b6c3947911a7a388b96157d5c5ae565,186,253
test_person_558f40dda9b678ab_4,558f40dda9b678ab,data/processed_clean/test/person/test_person_558f40dda9b678ab_4.jpg,person,3,train,"[0.04411765, 0.16186252, 0.12647059, 0.36363634999999994]",660893705e0f45a3bf5fa4fe80c4863f73a6c18bf345a9d6d6c67ea5f3ac6a15,150,287
test_person_59f3adba90dd9673_0,59f3adba90dd9673,data/processed_clean/test/person/test_person_59f3adba90dd9673_0.jpg,person,3,train,"[0.4984375, 0.13152401, 0.22187500000000004, 0.7724425899999999]",87004cd53a242db54c4891580497994c3afe11ca5433db5224fb698fc5cb8d95,264,687
test_person_5a6148d2d3f34f49_2,5a6148d2d3f34f49,data/processed_clean/test/person/test_person_5a6148d2d3f34f49_2.jpg,person,3,train,"[0.079422385, 0.05956679, 0.595667865, 0.94043321]",41b14a3f10facccb5b2f70efe2ffd0aed4bd175932887b7d85253b0614be6b0a,707,1024
test_person_5a6f7297ade39887_1,5a6f7297ade39887,data/processed_clean/test/person/test_person_5a6f7297ade39887_1.jpg,person,3,train,"[0.4283604, 0.1942605, 0.12998520000000002, 0.4834437]",b7b37cd928324f432c19844d578f338da50291d0a03ccfb88048e431d3297d17,154,384
test_person_5d9ea670c23f508d_4,5d9ea670c23f508d,data/processed_clean/test/person/test_person_5d9ea670c23f508d_4.jpg,person,3,train,"[0.878125, 0.17916666, 0.07187499999999991, 0.38124998]",1909bb65b39a3f98e582372054f79f93e794475b3cacde7d3438fab4369a9e6d,86,340
test_person_5e7dffcdc95c581c_0,5e7dffcdc95c581c,data/processed_clean/test/person/test_person_5e7dffcdc95c581c_0.jpg,person,3,train,"[0.328125, 0.1125, 0.19843750000000004, 0.6708333599999999]",f4f6d5822143b1bef5c9761667da63069a68c51c98120a32adf623a1e31639ce,235,598
test_person_5f06ef36c616e7d4_3,5f06ef36c616e7d4,data/processed_clean/test/person/test_person_5f06ef36c616e7d4_3.jpg,person,3,train,"[0.016200295, 0.07317073, 0.590574405, 0.23503326999999996]",c955864a4e8eb6917e97f27a9b506f92b8a457ff9474e12333e0745572dc5032,670,185
test_person_60155d8c944ff4ca_0,60155d8c944ff4ca,data/processed_clean/test/person/test_person_60155d8c944ff4ca_0.jpg,person,3,train,"[0.06137184, 0.42779782, 0.45487366, 0.56859205]",d6db6ad818b2b2b75f2f5a2b815abf4a91d6cf23ab6929b1de1cbc7443f83aff,540,633
test_person_61de3c63e0d6286b_0,61de3c63e0d6286b,data/processed_clean/test/person/test_person_61de3c63e0d6286b_0.jpg,person,3,train,"[0.51248163, 0.36363637, 0.14390607, 0.57206208]",332dc392d9779bf0e13a561c4f00a652feffd75ce94f8eb43629e47f668731b4,171,449
test_person_64b526671ef4d427_0,64b526671ef4d427,data/processed_clean/test/person/test_person_64b526671ef4d427_0.jpg,person,3,train,"[0.09375, 0.11580595, 0.10416666999999999, 0.23630673000000002]",77e1bb09749f10e7eb0cc36c6d2f59cdcb9247b5313150bc744da4a425e847a1,92,281
test_person_65c34fe2bf3d3dbf_4,65c34fe2bf3d3dbf,data/processed_clean/test/person/test_person_65c34fe2bf3d3dbf_4.jpg,person,3,train,"[0.6484375, 0.23125, 0.11875000000000002, 0.20833332999999998]",34de46817705433880a8130b55e64e5f900f473e73b18458fb6541acca530966,141,185
test_person_65f494ba5a844d85_1,65f494ba5a844d85,data/processed_clean/test/person/test_person_65f494ba5a844d85_1.jpg,person,3,train,"[0.36377025, 0.3059867, 0.63622975, 0.42350333999999995]",714d788b2a19aa4720c0b3874f042645ecfb6f5f9a6ccc1616cc2ba84ec0815e,704,335
test_person_660fd723735eb0f8_4,660fd723735eb0f8,data/processed_clean/test/person/test_person_660fd723735eb0f8_4.jpg,person,3,train,"[0.09243698, 0.004651163, 0.11204481999999999, 0.6209302369999999]",a1cdcbb9498c1aec2b0dca42e1e6afa84db7264ce7094f84332feb403c96d34d,134,417
test_person_668975628935f386_2,668975628935f386,data/processed_clean/test/person/test_person_668975628935f386_2.jpg,person,3,train,"[0.5331126, 0.08388521, 0.4453642, 0.78366445]",e567a52f18b91e5d90404ab6b5dfebcf85fe8e1bcfa44e1948fcbbac2fcbaa49,515,698
test_person_66c37d5df6a58095_11,66c37d5df6a58095,data/processed_clean/test/person/test_person_66c37d5df6a58095_11.jpg,person,3,train,"[0.66875, 0.37916666, 0.1328125, 0.46875]",cfa4ee3cda33611a7bd11bf2f5aa8ae77fec7d6f68d7973d8586e7cbbaecc78e,158,418
test_person_6747eeba1bad0d08_1,6747eeba1bad0d08,data/processed_clean/test/person/test_person_6747eeba1bad0d08_1.jpg,person,3,train,"[0.2413793, 0.105442174, 0.22030654000000002, 0.743197226]",6f056efd39ddd18d54ec9c127cb7aa2aa1ba1f213c948d79c2eeb0ff61c43475,233,883
test_person_688f9acfe63458b5_0,688f9acfe63458b5,data/processed_clean/test/person/test_person_688f9acfe63458b5_0.jpg,person,3,train,"[0.14375, 0.14583333, 0.15625, 0.33749998999999997]",055d6d75d7e7e0e05e70213cd8cd70326601c3fc1da9f216c2f755bc9911e47a,186,301
test_person_68e27e7613dc9149_1,68e27e7613dc9149,data/processed_clean/test/person/test_person_68e27e7613dc9149_1.jpg,person,3,train,"[0.36135694, 0.4800885, 0.39233035999999993, 0.31637165000000006]",11a34baad298af0bf977fe9b348e909aca684809a21aa1900aa2ae6c3aea6900,466,250
test_person_68ec6fe28a223060_2,68ec6fe28a223060,data/processed_clean/test/person/test_person_68ec6fe28a223060_2.jpg,person,3,train,"[0.43987823, 0.32762313, 0.31506847, 0.6274089700000001]",085116099a5d546b5cf037eb1f017483313acb1a70d63fad26b4f8314da8bd70,374,526
test_person_6aa00e085dea8f0e_0,6aa00e085dea8f0e,data/processed_clean/test/person/test_person_6aa00e085dea8f0e_0.jpg,person,3,train,"[0.20501475, 0.30530974, 0.2964601499999999, 0.69469026]",4931ab797bf778e251f1478153a1d6a23a3c49d3a4ca26d4b6e5439b68750f47,352,512
test_person_6b14bd080fe591b2_6,6b14bd080fe591b2,data/processed_clean/test/person/test_person_6b14bd080fe591b2_6.jpg,person,3,train,"[0.8565629, 0.33975902, 0.07577809999999996, 0.31566268]",ee4d9b7ac8c8c59001145a277c48678e6c6d74b449ef341427e4c3ed8dc50ca4,90,210
test_person_6b3028f5383f5f04_0,6b3028f5383f5f04,data/processed_clean/test/person/test_person_6b3028f5383f5f04_0.jpg,person,3,train,"[0.17291667, 0.1515625, 0.73958333, 0.8062499999999999]",ca8d9ea5d09e04733699f976315821b0e52bbfe8f1ce712047b18c58d9ef815f,659,935
test_person_6b403735ff45b370_0,6b403735ff45b370,data/processed_clean/test/person/test_person_6b403735ff45b370_0.jpg,person,3,train,"[0.0796875, 0.26458332, 0.09687500000000002, 0.42500003999999997]",4ae6017e54ebdf9481a865b78f0ad24c09f013f9cc8fc8e50e20f2b5e46add49,115,379
test_person_6cc9dfe1f699a541_1,6cc9dfe1f699a541,data/processed_clean/test/person/test_person_6cc9dfe1f699a541_1.jpg,person,3,train,"[0.58125, 0.32916668, 0.11249999999999993, 0.43541667]",dd13f5b566192d6c4482259e4660e46f6ceda235e93917d3cba05ab0879c2d92,134,388
test_person_6e2276528e6363e2_2,6e2276528e6363e2,data/processed_clean/test/person/test_person_6e2276528e6363e2_2.jpg,person,3,train,"[0.0546875, 0.010416667, 0.1828125, 0.470833333]",99b6cb7c17caef287bbd18dbaa408c83727273bf815c5af609f596c5adeed380,217,399
test_person_6f2289201fd86083_0,6f2289201fd86083,data/processed_clean/test/person/test_person_6f2289201fd86083_0.jpg,person,3,train,"[0.07964602, 0.6106195, 0.10471976000000001, 0.3097345]",d56e1948171182daed75be35d1959cd6650828c727bb81f60bb3c0d16e759f0e,124,246
test_person_70a2e005b7d62ecf_0,70a2e005b7d62ecf,data/processed_clean/test/person/test_person_70a2e005b7d62ecf_0.jpg,person,3,train,"[0.253125, 0.09375, 0.28906250000000006, 0.85]",1ac1c5d799debedb78e8e1f04105a9efab75dc8568e5d7f2d7f809b937503b2e,343,748
test_person_70cdd02bcf4b8773_2,70cdd02bcf4b8773,data/processed_clean/test/person/test_person_70cdd02bcf4b8773_2.jpg,person,3,train,"[0.6067747, 0.29867256, 0.09425620000000001, 0.47123894]",8318e9b046c5d7e9e3bd662bbddcd0676f2493d853ebc6c26bc3d437951b24b5,112,373
test_person_71493f42002ff245_4,71493f42002ff245,data/processed_clean/test/person/test_person_71493f42002ff245_4.jpg,person,3,train,"[0.45080763, 0.4977778, 0.16152716999999994, 0.5022222000000001]",31fd0409320bc03d8ef03b9771af9261fad5e4f562b26efebf161a4412fc4f9b,192,368
test_person_72712eeb762968ac_20,72712eeb762968ac,data/processed_clean/test/person/test_person_72712eeb762968ac_20.jpg,person,3,train,"[0.044880785, 0.28372094, 0.09817672499999999, 0.54883722]",2401812624186a9c2cd3d49c9b4f2ff0ea9b66eb805f26f81b73abba1402dcbc,117,394
test_person_73c353df30c9a185_2,73c353df30c9a185,data/processed_clean/test/person/test_person_73c353df30c9a185_2.jpg,person,3,train,"[0.703125, 0.12083333, 0.10624999999999996, 0.28541667]",af4a9608950b7142d13cda1df6bd4a0c2144d740fe0582852c24f537a82a9770,127,255
test_person_764b585bb4b19b64_0,764b585bb4b19b64,data/processed_clean/test/person/test_person_764b585bb4b19b64_0.jpg,person,3,train,"[0.15625, 0.17291667, 0.6609375, 0.82708333]",30d51fadaaab064aab37d0f094d142023d6a0031645f2d102232e1d095aa20d6,785,686
test_person_78fe6968a7860230_0,78fe6968a7860230,data/processed_clean/test/person/test_person_78fe6968a7860230_0.jpg,person,3,train,"[0.060471978, 0.0, 0.939528022, 0.8915929]",ccbabfe4fe2526135575a16c2b2946a8be62652c0998a99fc5071d657cf0af22,1024,658
test_person_791a9257c9640727_7,791a9257c9640727,data/processed_clean/test/person/test_person_791a9257c9640727_7.jpg,person,3,train,"[0.7203125, 0.6242171, 0.12968749999999996, 0.1941545]",933047a389a558dfdb5c29d28c1c4c62fad129234cb6280f504ff6214158cd7a,154,173
test_person_7af20cbae329fcd9_0,7af20cbae329fcd9,data/processed_clean/test/person/test_person_7af20cbae329fcd9_0.jpg,person,3,train,"[0.2671875, 0.13348946, 0.4125, 0.74004684]",8345d4251ff70c80d8f0063f90cb88f922660fdf24e2868601e1044d67da9b96,490,586
test_person_7cb3febaf73ef691_4,7cb3febaf73ef691,data/processed_clean/test/person/test_person_7cb3febaf73ef691_4.jpg,person,3,train,"[0.65625, 0.46875, 0.20625000000000004, 0.35833335]",eb204bd231a875ee4f21ec32b726b2e7ab986afe2405677598967d35b30f14f2,245,319
test_person_80d148e32851001b_1,80d148e32851001b,data/processed_clean/test/person/test_person_80d148e32851001b_1.jpg,person,3,train,"[0.55228275, 0.13274336, 0.20029454999999996, 0.77654868]",11798cbbb75c7937134b20dae812a2e34bae2bba7ac88e60ef35a8077eef3ba0,238,615
test_person_82ddc67a00b7696d_1,82ddc67a00b7696d,data/processed_clean/test/person/test_person_82ddc67a00b7696d_1.jpg,person,3,train,"[0.15703972, 0.0072202166, 0.84296028, 0.9927797834]",ae897f3f4651a8b9af2fe2ca295bc21ad7687fd13febab01fcf8b4b1ab99081b,932,1024
test_person_82f06b6f4b739cb4_0,82f06b6f4b739cb4,data/processed_clean/test/person/test_person_82f06b6f4b739cb4_0.jpg,person,3,train,"[0.73125, 0.64166665, 0.11406250000000007, 0.29791671]",e95d36d9502c65b55aded0b7f6e60b7a76eea5e083a04d972b518addf89549d3,136,266
test_person_83088fa63e0d2bcd_3,83088fa63e0d2bcd,data/processed_clean/test/person/test_person_83088fa63e0d2bcd_3.jpg,person,3,train,"[0.14259928, 0.0994575, 0.48014439, 0.9005425]",848060a5ab7893e5854eb7a1f03e80cd24bfc24b4769494c230a20f46f1ad07e,570,995
test_person_83c1c231eb37543e_1,83c1c231eb37543e,data/processed_clean/test/person/test_person_83c1c231eb37543e_1.jpg,person,3,train,"[0.036101084, 0.07400722, 0.949458516, 0.88086638]",37f9474058ee0b3ea76ba31187d588cfabc5a2081f417f50a9a92afb6e93d6db,1024,1020
test_person_843a9caaac827d7c_3,843a9caaac827d7c,data/processed_clean/test/person/test_person_843a9caaac827d7c_3.jpg,person,3,train,"[0.81120944, 0.25, 0.10766959000000009, 0.3097345]",49cd927279f309657d147a17ca2b4a986f1fc1892c270d90a74a7fb94fb085ff,128,245
test_person_84f62c91b1fd2d06_0,84f62c91b1fd2d06,data/processed_clean/test/person/test_person_84f62c91b1fd2d06_0.jpg,person,3,train,"[0.30679405, 0.17846154, 0.09766455000000002, 0.78769232]",437b039f24e7441e72c29ce292a78bde3b4c1b7097cad91ba4a34942ebccb2b0,116,313
test_person_857a5bc539faba21_0,857a5bc539faba21,data/processed_clean/test/person/test_person_857a5bc539faba21_0.jpg,person,3,train,"[0.46306306, 0.047505938, 0.25585584, 0.444180522]",3188fc042a46f2aba4a76c766ea8e249a765c2fe9ecf779101b697782148ee57,304,401
test_person_85ab23c3394243f0_0,85ab23c3394243f0,data/processed_clean/test/person/test_person_85ab23c3394243f0_0.jpg,person,3,train,"[0.08541667, 0.17370892, 0.39791665, 0.7261345800000001]",be2f80263e5af706d46419470fc844013659b6565a604ece9dc6440850ceada7,355,863
test_person_87a95cc82587c51b_0,87a95cc82587c51b,data/processed_clean/test/person/test_person_87a95cc82587c51b_0.jpg,person,3,train,"[0.21611722, 0.06417112, 0.59523808, 0.9090908799999999]",a7b08c2701ad465bd93baf1754f6fec7ecd7c1e712de7b392ac61d82114732a0,688,1024
test_person_8903c4f2afab97ac_1,8903c4f2afab97ac,data/processed_clean/test/person/test_person_8903c4f2afab97ac_1.jpg,person,3,train,"[0.352, 0.216, 0.354, 0.6586667]",3c51fd96d96343ee2697ada885687d79a4c51ee2ca6cf99696846678d87887e5,421,587
test_person_892ddb425f971f0a_0,892ddb425f971f0a,data/processed_clean/test/person/test_person_892ddb425f971f0a_0.jpg,person,3,train,"[0.18141593, 0.21902655, 0.6106194699999999, 0.7809734500000001]",15054af2c0be26ccd07a067cc2b9b54471df79a3ddf8e58c15d3800e12548198,725,576
test_person_8a7d495df6665f41_17,8a7d495df6665f41,data/processed_clean/test/person/test_person_8a7d495df6665f41_17.jpg,person,3,train,"[0.890625, 0.19583334, 0.10312500000000002, 0.29583333]",562635fba5d600f702fdeb9e146ec1bdbcc74a864fb4849d179f8c1a0ddeb4d6,120,264
test_person_8c04d4c549ad1a78_12,8c04d4c549ad1a78,data/processed_clean/test/person/test_person_8c04d4c549ad1a78_12.jpg,person,3,train,"[0.86725664, 0.78466076, 0.13274335999999998, 0.21533924000000004]",0e3f48570a94ce59850857246742037d8f7a3d30b99afa2e58d93e11cdf21e55,98,238
test_person_8d645cdbd79c33b3_3,8d645cdbd79c33b3,data/processed_clean/test/person/test_person_8d645cdbd79c33b3_3.jpg,person,3,train,"[0.3283582, 0.16812228, 0.21044776000000004, 0.53930129]",d8f381f6485bca32d9b745763a921117e26f41591423d0888f60c44805cc5871,250,438
test_person_8ddec2a09df1bddf_4,8ddec2a09df1bddf,data/processed_clean/test/person/test_person_8ddec2a09df1bddf_4.jpg,person,3,train,"[0.012539185, 0.029166667, 0.305642615, 0.614583333]",ac47e92c8143941a644d5a17dec9acd3325274b01a07f5755cca753b7dd07d67,351,534
test_person_903bcd7580e3a208_0,903bcd7580e3a208,data/processed_clean/test/person/test_person_903bcd7580e3a208_0.jpg,person,3,train,"[0.44852942, 0.06873614, 0.16029412000000004, 0.49667406]",976d87a30d67289735066ce7854bea2977986be2bcf5a62803a5c72188659e5f,191,391
test_person_94895538bcd8bc1b_0,94895538bcd8bc1b,data/processed_clean/test/person/test_person_94895538bcd8bc1b_0.jpg,person,3,train,"[0.14896755, 0.35176992, 0.15339233000000002, 0.46238938]",9b83ccffda517b99d5df5970430c9e55eea02e9e9009834fecae92ef3057a6f8,182,365
test_person_96d749295b71ddd5_4,96d749295b71ddd5,data/processed_clean/test/person/test_person_96d749295b71ddd5_4.jpg,person,3,train,"[0.36755952, 0.0, 0.25446428000000004, 0.3223684]",1c1ab559ef6749e0a9a47d295f42bf083d0d25cb254b6523e3014c4299a4473e,302,242
test_person_9825a49ecc9c799a_0,9825a49ecc9c799a,data/processed_clean/test/person/test_person_9825a49ecc9c799a_0.jpg,person,3,train,"[0.10108303, 0.0, 0.14440432999999997, 0.38086644]",b3b820328ef48dc937ee48d8a75b2945adb7e002ee6f00e7fd1220255da26b8e,171,421
test_person_98d2893aa9966446_0,98d2893aa9966446,data/processed_clean/test/person/test_person_98d2893aa9966446_0.jpg,person,3,train,"[0.54503816, 0.2948718, 0.14045803999999995, 0.5448718]",b66e45adb34e277b36c4ff82a90b4cacf7073d3fabf7f1afaceaab5e80c6c2d7,166,462
test_person_98f85ee5a6893b2f_5,98f85ee5a6893b2f,data/processed_clean/test/person/test_person_98f85ee5a6893b2f_5.jpg,person,3,train,"[0.64314514, 0.0, 0.35685486, 0.76090467]",3330ab48f354c13c08371632ece324bd8e30fead377b3e71ba679bef3e23463b,296,788
test_person_995aaedbe9539405_4,995aaedbe9539405,data/processed_clean/test/person/test_person_995aaedbe9539405_4.jpg,person,3,train,"[0.024242423, 0.13893376, 0.408080827, 0.7689822399999999]",fcc6033e9246ad2d22f3df7a50921f00412212c3096cedf30303be673c162764,381,914
test_person_99bd5c9a88e0e9d6_2,99bd5c9a88e0e9d6,data/processed_clean/test/person/test_person_99bd5c9a88e0e9d6_2.jpg,person,3,train,"[0.55625, 0.30625, 0.13593749999999993, 0.50208334]",39bdba37419b2df789efb23185209cf14d696acf4afb9e09ad80ceac7e8dd98c,162,448
test_person_9accc0edfa5c6aac_8,9accc0edfa5c6aac,data/processed_clean/test/person/test_person_9accc0edfa5c6aac_8.jpg,person,3,train,"[0.71626735, 0.17829457, 0.15006304999999998, 0.8062015299999999]",abf3dc6f3b95745ce196c26532fab08e5e464ad07d3b01f97308f1af71b3e979,178,443
test_person_9ccf0cdaa30c484f_0,9ccf0cdaa30c484f,data/processed_clean/test/person/test_person_9ccf0cdaa30c484f_0.jpg,person,3,train,"[0.010447761, 0.40393013, 0.091044779, 0.28602616999999997]",18a1d04404d237a60fb98d57561f3deb41b2e8e845fb8d0a4078264499eb1a1b,108,232
test_person_9d9662fee7ad82b7_4,9d9662fee7ad82b7,data/processed_clean/test/person/test_person_9d9662fee7ad82b7_4.jpg,person,3,train,"[0.6135693, 0.5707965, 0.19616520000000004, 0.28097339999999993]",8370d42bf2d297ed746c97e9822141022ef786965456787016c6c9a5e79da399,233,222
test_person_9f12f934487140b9_2,9f12f934487140b9,data/processed_clean/test/person/test_person_9f12f934487140b9_2.jpg,person,3,train,"[0.71902657, 0.13843888, 0.1681416, 0.38733429]",5665a80c5d3f909559eb6eb36442f864ed67837fe94badf31684692f654962f1,133,460
test_person_a12b2e97eb2d9792_2,a12b2e97eb2d9792,data/processed_clean/test/person/test_person_a12b2e97eb2d9792_2.jpg,person,3,train,"[0.23156342, 0.12831858, 0.12389380000000003, 0.5951327200000001]",c19f4f56fb2fc11c602c1d16e125d4971e9103907c652fb6b3cd2ea750629fd6,147,472
test_person_a1ebc068ebc6c1f1_0,a1ebc068ebc6c1f1,data/processed_clean/test/person/test_person_a1ebc068ebc6c1f1_0.jpg,person,3,train,"[0.40381792, 0.36807096, 0.11453744999999999, 0.29933484000000005]",3894cdf44bc473f894cf2667df1382c8a0123ce307cb50d4ea579786050d77b8,136,236
test_person_a25112be60b3e7f4_1,a25112be60b3e7f4,data/processed_clean/test/person/test_person_a25112be60b3e7f4_1.jpg,person,3,train,"[0.67509025, 0.08844765, 0.24909744999999994, 0.61913355]",c0ef473b29e460e990c69c22175ca7e41e65d503d82cd8d803ab20ce0ca3cce2,296,735
test_person_a3a997196141f608_10,a3a997196141f608,data/processed_clean/test/person/test_person_a3a997196141f608_10.jpg,person,3,train,"[0.38317758, 0.09224319, 0.12149531999999996, 0.29559747000000003]",ac1165002689381a09bd046574aa09b699306d9c5924286cd6ea169e2fd20a24,145,261
test_person_a3c2980328e99f32_1,a3c2980328e99f32,data/processed_clean/test/person/test_person_a3c2980328e99f32_1.jpg,person,3,train,"[0.05496183, 0.042735044, 0.34961832000000004, 0.794871806]",5dfac8d7c1858c34fc2e9dc22cbd9a10aa0c944f66c78f205dcfc7c8d1551bb9,415,659
test_person_a5e468667872cdf3_1,a5e468667872cdf3,data/processed_clean/test/person/test_person_a5e468667872cdf3_1.jpg,person,3,train,"[0.17673048, 0.11308204, 0.35640647999999997, 0.72948999]",9e586b0641b2a04380c0fe8c76cdf5597cfc6a55857a9dfd977d97fe98a9a0f5,423,576
test_person_a64360fb184da99b_8,a64360fb184da99b,data/processed_clean/test/person/test_person_a64360fb184da99b_8.jpg,person,3,train,"[0.011782032, 0.0, 0.234167888, 0.9778271]",4a586c9161f5e3898ee44533bda7762116192c7b50e307c5937b7c75152693c4,271,681
test_person_a721d7fd61bc4c79_0,a721d7fd61bc4c79,data/processed_clean/test/person/test_person_a721d7fd61bc4c79_0.jpg,person,3,train,"[0.6902655, 0.14159292, 0.14306780000000008, 0.80088498]",4d511960636c5db80af966931db84035defa2489c1a93323d0f794cc00934128,170,630
test_person_a786fe0d583bb987_1,a786fe0d583bb987,data/processed_clean/test/person/test_person_a786fe0d583bb987_1.jpg,person,3,train,"[0.0875, 0.0, 0.26666666000000006, 0.49322033]",c1ce8acc6bb2d0266c1e237653fb67f760e732a8009f22905098780652f9e9b6,258,545
test_person_a92b40d572a2af0d_0,a92b40d572a2af0d,data/processed_clean/test/person/test_person_a92b40d572a2af0d_0.jpg,person,3,train,"[0.38235295, 0.19955654, 0.34705885000000003, 0.43458979]",85aee15f3f3a2f65d3372e94e3ddc3bebdae5187336160e8cccbd347fc455b02,412,343
test_person_aa0f989e606f5ee2_3,aa0f989e606f5ee2,data/processed_clean/test/person/test_person_aa0f989e606f5ee2_3.jpg,person,3,train,"[0.625, 0.3278302, 0.10468750000000004, 0.47641510000000004]",f26ab5485e1b209d49eef6cedcf05ef0bce8d35461a5293480fe05122484dfc0,125,375
test_person_aa6818f18853c3f0_3,aa6818f18853c3f0,data/processed_clean/test/person/test_person_aa6818f18853c3f0_3.jpg,person,3,train,"[0.75, 0.22916667, 0.18906250000000002, 0.71249999]",90f694ae83d6597d5a30cdf4d764a8ca604ce90eda96280d32be0da578cc4018,224,635
test_person_ac8ad4a23264e78c_0,ac8ad4a23264e78c,data/processed_clean/test/person/test_person_ac8ad4a23264e78c_0.jpg,person,3,train,"[0.2079646, 0.2640118, 0.5752212400000001, 0.399705]",a667ee76504912bb7de56374793d8ea441068a2a8eecfd4f401e62800f3b70ff,455,474
test_person_ae2a24988f47b10d_6,ae2a24988f47b10d,data/processed_clean/test/person/test_person_ae2a24988f47b10d_6.jpg,person,3,train,"[0.67109144, 0.026548672, 0.24188792000000003, 0.553097328]",b37232413ae3377aaab6ef3e3916e8cb547ed550c883928166891d0a86f6783f,288,426
test_person_b0b394f91426e1da_0,b0b394f91426e1da,data/processed_clean/test/person/test_person_b0b394f91426e1da_0.jpg,person,3,train,"[0.25625, 0.2125, 0.18593750000000003, 0.66041664]",63503a9b5670edcee6f114acf74be866e7fa85864da64ac7b0cb0c02ae4e6dd9,221,588
test_person_b3204194cca6a185_1,b3204194cca6a185,data/processed_clean/test/person/test_person_b3204194cca6a185_1.jpg,person,3,train,"[0.4671875, 0.08125, 0.359375, 0.8479167]",601bb61a2c9c04cac1e3a952dd69da5059457d831dd2f9fbd3613c6e610d7fa7,427,756
test_person_b365499e08afb706_1,b365499e08afb706,data/processed_clean/test/person/test_person_b365499e08afb706_1.jpg,person,3,train,"[0.1, 0.105860114, 0.24827586999999998, 0.773156886]",7b6a2b0426c38b51153a2c5bf498da7a86060f9c7a96396c406879e388b32c12,295,838
test_person_b47006f232617576_0,b47006f232617576,data/processed_clean/test/person/test_person_b47006f232617576_0.jpg,person,3,train,"[0.30309734, 0.4064801, 0.22566376, 0.4050074]",8f7545cf06913fdd266e6c3e9b3438169547dbfcf10dbee3ec6a73cd72c93347,178,481
test_person_b6d2445b13e0b390_4,b6d2445b13e0b390,data/processed_clean/test/person/test_person_b6d2445b13e0b390_4.jpg,person,3,train,"[0.051612902, 0.060606062, 0.185483868, 0.6909090880000001]",c60b1b5febf4c6b7db095ab15fa0ffd368dcc5a98cb64f1b2a16160644821653,220,437
test_person_b6f64ebfe778687f_2,b6f64ebfe778687f,data/processed_clean/test/person/test_person_b6f64ebfe778687f_2.jpg,person,3,train,"[0.89459085, 0.3647059, 0.09431344999999991, 0.30823524999999996]",e0e325701f381e453eb5bc4c5e57f0aed22573ca1f9dffbbfbede80a98f52979,112,216
test_person_b7cce2076fd24242_5,b7cce2076fd24242,data/processed_clean/test/person/test_person_b7cce2076fd24242_5.jpg,person,3,train,"[0.34558824, 0.6385809, 0.07205882000000002, 0.30598669999999994]",37f471e5862d41efb41cd1b24bb8f0d75055b2c081d886fc941676e029175d6a,86,241
test_person_ba314c80e2ad7de0_1,ba314c80e2ad7de0,data/processed_clean/test/person/test_person_ba314c80e2ad7de0_1.jpg,person,3,train,"[0.5991903, 0.28019324, 0.1619433, 0.66425116]",7afc6485b9d1f6c1b78bec4a06177fe3be93691b088483ae33aa7d526cdcd917,193,441
test_person_bbcb898efe855f6f_4,bbcb898efe855f6f,data/processed_clean/test/person/test_person_bbcb898efe855f6f_4.jpg,person,3,train,"[0.70242214, 0.16981132, 0.13148790999999993, 0.26603775]",584fa98f888a2023fe9b0c9c7a75d4c4120e935f434cd80dadc4dc5a6504c65d,128,237
test_person_bcb76642a02b26e7_4,bcb76642a02b26e7,data/processed_clean/test/person/test_person_bcb76642a02b26e7_4.jpg,person,3,train,"[0.594, 0.75569355, 0.29000000000000004, 0.18426504999999993]",6093539272c21bb46e3430c6564bd850dc540daada00b02e1c3b1eb89cba384c,345,211
test_person_bce0aed5859284a9_0,bce0aed5859284a9,data/processed_clean/test/person/test_person_bce0aed5859284a9_0.jpg,person,3,train,"[0.020648967, 0.16150442, 0.979351033, 0.83849558]",0189dbb8c27f3e90e91a505822fae887281046f82b6adb3b73d6f38365bb9ba9,1024,619
test_person_be63ebd4fa8c0958_2,be63ebd4fa8c0958,data/processed_clean/test/person/test_person_be63ebd4fa8c0958_2.jpg,person,3,train,"[0.0375, 0.0796875, 0.14166666, 0.2046875]",03b32ecccba9c373f95223193af6bb0e1d7afdbe94f2d6ac7efdc34159512d7a,126,243
test_person_c030184b2c810273_0,c030184b2c810273,data/processed_clean/test/person/test_person_c030184b2c810273_0.jpg,person,3,train,"[0.47435898, 0.45673078, 0.28205126, 0.21875002]",7bb6c1d2480f23193aad0ad3d29ec296586750d22bcc1fce82a88431157df19f,335,173
test_person_c152e5380eb1b023_2,c152e5380eb1b023,data/processed_clean/test/person/test_person_c152e5380eb1b023_2.jpg,person,3,train,"[0.17477876, 0.0, 0.80752214, 0.92330384]",eb2d3f2e804fe607dbfeaf717b7ab6621a1448d1073a2ae6897b8e0f00b3edbd,607,1021
test_person_c1c9c1c75c366b16_0,c1c9c1c75c366b16,data/processed_clean/test/person/test_person_c1c9c1c75c366b16_0.jpg,person,3,train,"[0.0, 0.2101695, 0.72692305, 0.7898305]",63641d5dd509c3afb1352cfed1eaf6056fbff27313091024ae54f36e3be26a6e,709,873
test_person_c2c95c571ef57115_0,c2c95c571ef57115,data/processed_clean/test/person/test_person_c2c95c571ef57115_0.jpg,person,3,train,"[0.3134058, 0.5837838, 0.17391303999999996, 0.14954955000000003]",5cc77f96e092c3bfc253c7a266ba869606ed633a7a0aa6d1dc49b1e3d9f9464b,155,134
test_person_c376410da55b753e_2,c376410da55b753e,data/processed_clean/test/person/test_person_c376410da55b753e_2.jpg,person,3,train,"[0.25812274, 0.04873646, 0.41696751, 0.6064981700000001]",6af2da4a37ec35d153b42a9272f19c7f6d674f7d4cea198dd2075cadeadc2338,495,721
test_person_c39603fd37fb397b_3,c39603fd37fb397b,data/processed_clean/test/person/test_person_c39603fd37fb397b_3.jpg,person,3,train,"[0.05899705, 0.38274336, 0.44985251000000004, 0.27433628]",b17fec0704755c0c53aecae0d7e03a3e868c3885add27a4c6ec856fb65cf8871,534,217
test_person_c3ecd518aa380521_2,c3ecd518aa380521,data/processed_clean/test/person/test_person_c3ecd518aa380521_2.jpg,person,3,train,"[0.053097345, 0.17699115, 0.5073746050000001, 0.73893805]",beb8baba88d7143ad27d70ed461bd34f30fe6e1c9c8cd0c00cbbe2f342aca07f,602,585
test_person_c41531a6958ebf19_0,c41531a6958ebf19,data/processed_clean/test/person/test_person_c41531a6958ebf19_0.jpg,person,3,train,"[0.0, 0.0, 1.0, 0.48377126]",aa6926cd44d301953912c80b95a5c7cb0d5c673fe0d617c20979e3522d84a32f,750,535
test_person_c4ec19b21400443d_8,c4ec19b21400443d,data/processed_clean/test/person/test_person_c4ec19b21400443d_8.jpg,person,3,train,"[0.509375, 0.3, 0.24062499999999998, 0.15625]",2a7f025ad24f9d1f9ef941fe726b8c36b7907a749a23c6b1f198dfe9dc160bc2,190,186
test_person_c6d8e3b00a20594d_1,c6d8e3b00a20594d,data/processed_clean/test/person/test_person_c6d8e3b00a20594d_1.jpg,person,3,train,"[0.55716354, 0.29054055, 0.13314035999999996, 0.19369368999999997]",ee7b5d3cd90a37c2a3563b4a7b8abe2bcf6d6cc1c7fd65b59775200fd47787af,158,148
test_person_c728ce310e8a45ea_5,c728ce310e8a45ea,data/processed_clean/test/person/test_person_c728ce310e8a45ea_5.jpg,person,3,train,"[0.3546875, 0.1625, 0.26406250000000003, 0.80625]",00a4181558c3e7e4b0dce12deef0eca533e8247e4638d35ac1b28356649dfe32,313,693
test_person_c77c950eb460b8a7_6,c77c950eb460b8a7,data/processed_clean/test/person/test_person_c77c950eb460b8a7_6.jpg,person,3,train,"[0.23291926, 0.40546218, 0.4037267400000001, 0.55042022]",b522ae643ce865f03bf07926f013b3b32129d9a846066322c54e964dbf41bbd2,480,484
test_person_c846f367fde0456f_0,c846f367fde0456f,data/processed_clean/test/person/test_person_c846f367fde0456f_0.jpg,person,3,train,"[0.5090253, 0.29241878, 0.4909747, 0.70758122]",5a554e31fc8fa4a5d54de34c9a7b057df13b11f19579222f25023cc1798ae54e,543,783
test_person_d0e943062d07d550_3,d0e943062d07d550,data/processed_clean/test/person/test_person_d0e943062d07d550_3.jpg,person,3,train,"[0.44247788, 0.0, 0.30752212, 0.32743362]",5c4f94b92b2b5bfb7fb58a4574c42d9fcd561d00e6b3f8b60dc938123d68268c,244,362
test_person_d48e0a45f2cdafe3_0,d48e0a45f2cdafe3,data/processed_clean/test/person/test_person_d48e0a45f2cdafe3_0.jpg,person,3,train,"[0.46549192, 0.18181819, 0.17474302999999997, 0.39689576000000004]",5bdac13c5fb3d33ca660c0ec014fb093bc38a05ae9979ba43d7371bbf7c1b9ed,208,312
test_person_d4ca6a6f6aa2d98f_1,d4ca6a6f6aa2d98f,data/processed_clean/test/person/test_person_d4ca6a6f6aa2d98f_1.jpg,person,3,train,"[0.30997878, 0.023041476, 0.42038211999999997, 0.709677424]",d28140b991e7721b89ab3a1041838c5b50a9f7ca363dab21a05c93b7a1046d57,361,808
test_person_d72f43a0e85d80f7_0,d72f43a0e85d80f7,data/processed_clean/test/person/test_person_d72f43a0e85d80f7_0.jpg,person,3,train,"[0.3843888, 0.123893805, 0.2533137, 0.811946895]",e92f6af48b9706897853c402a6daa70fac9b67d06374ff9737e85c0ac1bb3835,301,642
test_person_d7cf2acf9baeca52_0,d7cf2acf9baeca52,data/processed_clean/test/person/test_person_d7cf2acf9baeca52_0.jpg,person,3,train,"[0.07830343, 0.036, 0.66394777, 0.872]",da9fcd735029b3346d4aec4b173374cdae59c649b2343812453f95602df63169,788,817
test_person_d92b74dbd46e7074_0,d92b74dbd46e7074,data/processed_clean/test/person/test_person_d92b74dbd46e7074_0.jpg,person,3,train,"[0.45353982, 0.62094396, 0.41592923, 0.35250734000000006]",dcb6592692f8e25408b3f4ca8ae52bf413319d9e99c52787072359353dd7a954,330,417
test_person_d9331b3adbb46b3f_0,d9331b3adbb46b3f,data/processed_clean/test/person/test_person_d9331b3adbb46b3f_0.jpg,person,3,train,"[0.35, 0.07538803, 0.22058823000000005, 0.61640797]",917c317f1ec210286d0d851f76f0574d6009b7b15bfee26754f9b7d357c34c72,262,486
test_person_da693bfa03b9838b_0,da693bfa03b9838b,data/processed_clean/test/person/test_person_da693bfa03b9838b_0.jpg,person,3,train,"[0.21238938, 0.053097345, 0.45280239, 0.946902655]",52f86a89b1f456ffbd85dccb0d3a0d567d54deb2d9340c34447796c184274bba,538,683
test_person_dd17219067655619_0,dd17219067655619,data/processed_clean/test/person/test_person_dd17219067655619_0.jpg,person,3,train,"[0.37459284, 0.094, 0.12052116000000002, 0.224]",ff1f68208fb5c70dbe3fe189aa2cd400253b4442b94569de05f8ae774bc8675c,143,217
test_person_dfd76b852645e642_5,dfd76b852645e642,data/processed_clean/test/person/test_person_dfd76b852645e642_5.jpg,person,3,train,"[0.7536873, 0.38938054, 0.1032448600000001, 0.53761062]",860475120c108621bb544bf22c70d4d04ff1651e02252bde7a978d4b9512fc12,123,426
test_person_e176069be27fdbf2_4,e176069be27fdbf2,data/processed_clean/test/person/test_person_e176069be27fdbf2_4.jpg,person,3,train,"[0.050541516, 0.21841155, 0.44765341399999997, 0.67870035]",8b1764ee10af8bd309698c405d7e06adc85db939539574e21d0525c5545ba14d,532,806
test_person_e4283be02af33802_0,e4283be02af33802,data/processed_clean/test/person/test_person_e4283be02af33802_0.jpg,person,3,train,"[0.46902654, 0.5, 0.31415930000000003, 0.2138643]",404f93962b6959e649d0b813fe43c35529a6f64374665d1bb5625ce7ddd6f0f8,249,255
test_person_e78600e7cca0980e_1,e78600e7cca0980e,data/processed_clean/test/person/test_person_e78600e7cca0980e_1.jpg,person,3,train,"[0.0, 0.0, 1.0, 0.99115044]",208be8e798fa7a61fcd56bffda889be386d9180fa14e85f34ef2cc8b4fedb23d,1024,681
test_person_e817268e9c75bad8_3,e817268e9c75bad8,data/processed_clean/test/person/test_person_e817268e9c75bad8_3.jpg,person,3,train,"[0.58112097, 0.14823009, 0.26548673, 0.84955751]",46f2ffaaa1181f35b0252a6b66b8c7bdb892d7973ec848b4e3d41b969e0e76dd,316,628
test_person_ebbc5e30e3e78adc_1,ebbc5e30e3e78adc,data/processed_clean/test/person/test_person_ebbc5e30e3e78adc_1.jpg,person,3,train,"[0.3984375, 0.45208332, 0.0859375, 0.33749998]",e74113614151fec46faaaee19260bd3c4793168f7f327d7a9ca3951cbedf0d77,102,301
test_person_efba892e6e18b2ae_2,efba892e6e18b2ae,data/processed_clean/test/person/test_person_efba892e6e18b2ae_2.jpg,person,3,train,"[0.0, 0.34375, 0.096875, 0.40625]",a95453aae2770d07fffe81d4bec1f01975b6a242ff553b3ed18ecc4b8cb3c379,107,362
test_person_f0946dfc9bb1e3a9_3,f0946dfc9bb1e3a9,data/processed_clean/test/person/test_person_f0946dfc9bb1e3a9_3.jpg,person,3,train,"[0.22091311, 0.25, 0.21796759000000002, 0.51106197]",eff1127547612f8b0f9aef305ef79c2ea421b6e2eb6a590bd36207a3f21d623b,259,404
test_person_f206ab1f04fd95b7_3,f206ab1f04fd95b7,data/processed_clean/test/person/test_person_f206ab1f04fd95b7_3.jpg,person,3,train,"[0.424, 0.224, 0.45, 0.776]",23572d255908fe3aba8472ddef41d99a40bb9563bdcc8f69a66987349a37ecc4,535,644
test_person_f4966180bbe732ca_1,f4966180bbe732ca,data/processed_clean/test/person/test_person_f4966180bbe732ca_1.jpg,person,3,train,"[0.0921875, 0.50416666, 0.9078125, 0.49583334]",b392e7bee63306a73b253a06e06bac15bcd2b4a2ee7875a1a80654af3d012595,1004,411
test_person_f6c91999406f51a1_2,f6c91999406f51a1,data/processed_clean/test/person/test_person_f6c91999406f51a1_2.jpg,person,3,train,"[0.7432432, 0.31453362, 0.1066066, 0.42299351]",1bfe2426f7df8a4c80f302f6d9bae3c886cf0d5302e1cd808397984e6b572aff,127,348
test_person_f6f5330743a52a02_3,f6f5330743a52a02,data/processed_clean/test/person/test_person_f6f5330743a52a02_3.jpg,person,3,train,"[0.40401787, 0.14014599, 0.35044640000000005, 0.66861316]",59d92e812bc3a340eadf2aaf153c07e273cb158e688367ffb9abd9830c1eac45,272,794
test_person_f78990902aac4f55_5,f78990902aac4f55,data/processed_clean/test/person/test_person_f78990902aac4f55_5.jpg,person,3,train,"[0.04719764, 0.13053097, 0.11946902999999999, 0.39380532999999995]",dbc37a3813b915dd633a5bc37093761a3ac62af15a5d1cf125ec56ef5dcaf024,141,312
test_person_f9300d0889915476_1,f9300d0889915476,data/processed_clean/test/person/test_person_f9300d0889915476_1.jpg,person,3,train,"[0.0052700923, 0.14356436, 0.1857707477, 0.52227724]",fd6f025bcaffd8f2268f632fae7f7171d6d4cba7fd534ffb81889cfcf01c8e08,211,330
test_person_f985d88716d7b4a1_0,f985d88716d7b4a1,data/processed_clean/test/person/test_person_f985d88716d7b4a1_0.jpg,person,3,train,"[0.1703125, 0.2375, 0.16406249999999997, 0.2708333]",bf5bf953c1568e7d86a54542df6e3e9516c9998c37afc8df820bb4c632ba90ff,195,241
test_person_fa5caffdbd83b2ed_0,fa5caffdbd83b2ed,data/processed_clean/test/person/test_person_fa5caffdbd83b2ed_0.jpg,person,3,train,"[0.0359375, 0.42588726, 0.1046875, 0.31732773999999997]",4bbfde31453ab1bba4d98b87cf9ce662f1653f8da115a5efbf000c615d4a1b19,125,282
test_person_fa7d7e9310ce1a60_3,fa7d7e9310ce1a60,data/processed_clean/test/person/test_person_fa7d7e9310ce1a60_3.jpg,person,3,train,"[0.26703754, 0.07511737, 0.17524341, 0.72065727]",5344e307fa27a45c329a3934abee7aa83052689fe66a0c1cde0e2e3ee99e9475,208,507
test_person_fdbe414d0339d834_2,fdbe414d0339d834,data/processed_clean/test/person/test_person_fdbe414d0339d834_2.jpg,person,3,train,"[0.7296875, 0.13958333, 0.16718749999999993, 0.50208332]",7e80baee79563816f0bc1c33032ae53c6a6ec755ec7b1a880a8ba0c87e947d2a,198,448
validation_person_03ec61661029935b_1,03ec61661029935b,data/processed_clean/validation/person/validation_person_03ec61661029935b_1.jpg,person,3,train,"[0.6090909, 0.1625, 0.30363640000000003, 0.28500000000000003]",c1250d2f8c59c4dc22c0acaa62d6381f1899715f7fc6678e66d43eb850725775,361,246
validation_person_0551f49bcc8dcf1c_7,0551f49bcc8dcf1c,data/processed_clean/validation/person/validation_person_0551f49bcc8dcf1c_7.jpg,person,3,train,"[0.8183161, 0.18763797, 0.1802068, 0.8101545299999999]",44cc6033383717824a953a3cfa88fd4fd0380627bf4d28a92df9650e9d7b25e3,201,601
validation_person_0677df5c0833a517_0,0677df5c0833a517,data/processed_clean/validation/person/validation_person_0677df5c0833a517_0.jpg,person,3,train,"[0.371875, 0.14225942, 0.14843749999999994, 0.83891213]",bc8ece504e5802218d3551552c67ffec9e11a9661afcf054ce824a102757dbcb,176,708
validation_person_06a750ab18d6c617_3,06a750ab18d6c617,data/processed_clean/validation/person/validation_person_06a750ab18d6c617_3.jpg,person,3,train,"[0.6046128, 0.22772278, 0.24546960000000007, 0.46732672]",a63b6ab67c6c795242c876b4a189467dcd05c0bf130b017d0c0f1af940f36800,292,463
validation_person_07bd7ed5dce6d3fd_0,07bd7ed5dce6d3fd,data/processed_clean/validation/person/validation_person_07bd7ed5dce6d3fd_0.jpg,person,3,train,"[0.30555555, 0.3816794, 0.24358974999999994, 0.35267176]",d34319ba76f4fddd7811b32b7f0a6e3b46bdab8bd8660ef0538ee84ed75afd3b,207,419
validation_person_081e72dabebe235a_1,081e72dabebe235a,data/processed_clean/validation/person/validation_person_081e72dabebe235a_1.jpg,person,3,train,"[0.27941176, 0.26385808, 0.39117649, 0.41241688]",9f352f4e95c0aa89bd8a9958094e4a534c127039c2c2814cc39f2b19cd2b2b85,465,325
validation_person_08dd2cc5f6b1b3fa_4,08dd2cc5f6b1b3fa,data/processed_clean/validation/person/validation_person_08dd2cc5f6b1b3fa_4.jpg,person,3,train,"[0.4722222, 0.34503818, 0.4358975, 0.63664122]",aa5a75838a814576c1d64cad9574296914f7dc44c088f164c754eca70c6cd99f,369,723
validation_person_0ba4f62f6a92a5a5_0,0ba4f62f6a92a5a5,data/processed_clean/validation/person/validation_person_0ba4f62f6a92a5a5_0.jpg,person,3,train,"[0.08435583, 0.13829787, 0.18865031, 0.40000003]",b672811454d83f87be00515a48014eaf5aababa67134b77a8346094b65988cbd,224,343
validation_person_0ca9ccc636d7d700_4,0ca9ccc636d7d700,data/processed_clean/validation/person/validation_person_0ca9ccc636d7d700_4.jpg,person,3,train,"[0.478125, 0.0, 0.14374999999999993, 0.8854167]",19a3834c259cfc9e9ecfc20e969d26b572529c52c39452a5e5aa959fdcff4b7a,171,734
validation_person_0cfbddbfcf8412a6_3,0cfbddbfcf8412a6,data/processed_clean/validation/person/validation_person_0cfbddbfcf8412a6_3.jpg,person,3,train,"[0.31905466, 0.10375276, 0.27326444, 0.19426048]",39adf37a6a8320fd09d17209ebec849295b253583c4c04c76ce3916c8f8b9144,325,154
validation_person_0f6cc08239ae9893_3,0f6cc08239ae9893,data/processed_clean/validation/person/validation_person_0f6cc08239ae9893_3.jpg,person,3,train,"[0.38135594, 0.41538462, 0.13389831999999996, 0.28846154]",852bf41b89d1e921715719e71efbb83279f3044a57d484407cc0f5ab2f9f28c5,159,302
validation_person_0fe73678341c5315_15,0fe73678341c5315,data/processed_clean/validation/person/validation_person_0fe73678341c5315_15.jpg,person,3,train,"[0.1515625, 0.28333333, 0.10781250000000003, 0.38124997]",50992397ebaadb284d8c4dc29468407e54958aac41afd84ed336b0ad88df1a69,128,340
validation_person_118d7db4ca9c7a7a_4,118d7db4ca9c7a7a,data/processed_clean/validation/person/validation_person_118d7db4ca9c7a7a_4.jpg,person,3,train,"[0.884375, 0.0825, 0.1015625, 0.4275]",c556be3315903f5488f5b643709b54fb699d04fcd0252292b8967753a762e8dc,121,317
validation_person_138e90a98e1fda99_0,138e90a98e1fda99,data/processed_clean/validation/person/validation_person_138e90a98e1fda99_0.jpg,person,3,train,"[0.33995584, 0.06942393, 0.21192053, 0.32200887]",8ac167e9d164847f9ea54c4adb7a1c9088c878359170bb0675b34bf92ea1a50e,168,382
validation_person_151ac0754da1da6d_4,151ac0754da1da6d,data/processed_clean/validation/person/validation_person_151ac0754da1da6d_4.jpg,person,3,train,"[0.7522124, 0.013274336, 0.22123890000000002, 0.957964564]",47812a8349b5b4356cb82b3b164a9cdeabc7f39823b9ed8986745e40976251dd,263,683
validation_person_16a1af0cccd211ba_3,16a1af0cccd211ba,data/processed_clean/validation/person/validation_person_16a1af0cccd211ba_3.jpg,person,3,train,"[0.8125, 0.30416667, 0.06718749999999996, 0.30416668]",8e78f14303ab57f542535baf81527b3a1f54605123bc93c5ba230a9f48205110,80,271
validation_person_17e348c29420e651_0,17e348c29420e651,data/processed_clean/validation/person/validation_person_17e348c29420e651_0.jpg,person,3,train,"[0.12571429, 0.43150684, 0.15142856, 0.56849316]",9ae4cd37da6839bc200bddcbbabedef27130bd7fff2ab0220b3f56219b53e76b,180,394
validation_person_19e3e69835151951_5,19e3e69835151951,data/processed_clean/validation/person/validation_person_19e3e69835151951_5.jpg,person,3,train,"[0.38053098, 0.09439528, 0.18141592, 0.26843658000000004]",60d75e545ca2130907d00be666b27f9c87d0f6ff69c4d9249fe6792d73d6ab1f,144,319
validation_person_1ad2e4465d835f11_5,1ad2e4465d835f11,data/processed_clean/validation/person/validation_person_1ad2e4465d835f11_5.jpg,person,3,train,"[0.421875, 0.36666667, 0.3984375, 0.6229166300000001]",bc8ae334e240f8d8e5d7533c513346c9700472eb7b55a62c0ddd6a3781c89a8c,474,525
validation_person_1bb5bc04a57db379_1,1bb5bc04a57db379,data/processed_clean/validation/person/validation_person_1bb5bc04a57db379_1.jpg,person,3,train,"[0.37472284, 0.048600882, 0.5543237599999999, 0.480117818]",57a07a974ccdf55f509dea04e8e9d1db46b04c985545cbf3f89841745c93a0a9,438,571
validation_person_1d4cc602049bfdff_3,1d4cc602049bfdff,data/processed_clean/validation/person/validation_person_1d4cc602049bfdff_3.jpg,person,3,train,"[0.122238584, 0.25663716, 0.25773196600000003, 0.6615044400000001]",02ab2612b8cc090a78ec9591c34eff11209f0f64c2962ead18e740e9d9c5c9b1,306,523
validation_person_1f21eeca4577a562_1,1f21eeca4577a562,data/processed_clean/validation/person/validation_person_1f21eeca4577a562_1.jpg,person,3,train,"[0.30487806, 0.01713062, 0.33993899, 0.85438972]",4be23f9f025697f89207c59731d86eb8612c3d87180de0779d61ae58b1a2accb,404,686
validation_person_1f609b2d9c3d25b0_0,1f609b2d9c3d25b0,data/processed_clean/validation/person/validation_person_1f609b2d9c3d25b0_0.jpg,person,3,train,"[0.020408163, 0.378119, 0.6377550869999999, 0.4357006]",27efcd308ddd98d0e3204d4987c0b209ef6b3f5f5169950d02cb236a63bf7c4d,726,459
validation_person_231dfb5b2a984ab9_2,231dfb5b2a984ab9,data/processed_clean/validation/person/validation_person_231dfb5b2a984ab9_2.jpg,person,3,train,"[0.07522124, 0.0, 0.55088496, 0.67256635]",13568ba8fc8c9eb6407a65d54b61d04c8a9adbffec22ef8cd5e326cd7aec5b77,437,744
validation_person_237369fbc759f680_1,237369fbc759f680,data/processed_clean/validation/person/validation_person_237369fbc759f680_1.jpg,person,3,train,"[0.5830325, 0.62454873, 0.37184110000000004, 0.37545127]",ca919bd75ca150a7921a97f004f31a84a36ef1c159ccbc9c5e5b23228b17f67c,441,415
validation_person_237d9e22e1655192_3,237d9e22e1655192,data/processed_clean/validation/person/validation_person_237d9e22e1655192_3.jpg,person,3,train,"[0.84102565, 0.20992367, 0.15384615000000001, 0.5190839899999999]",d6da38b5f4600526368623ed99d4e6397985278fd739cc20a322d0fb21bcba7f,175,552
validation_person_244debb958bf6b6d_2,244debb958bf6b6d,data/processed_clean/validation/person/validation_person_244debb958bf6b6d_2.jpg,person,3,train,"[0.2764505, 0.22519083, 0.13139932, 0.21946567]",06b90c8d7b8f391906dbeda2ce413a10cdbfb1f3ecfc7fe6e1e0e01ce604607a,156,233
validation_person_264a0477366f8725_0,264a0477366f8725,data/processed_clean/validation/person/validation_person_264a0477366f8725_0.jpg,person,3,train,"[0.09090909, 0.004846527, 0.60808081, 0.883683373]",4e123eea93d989a519f9c48f6b021655d2ff3b6a071aea4cf63bb4605cc35731,577,982
validation_person_27605b96ea85144d_0,27605b96ea85144d,data/processed_clean/validation/person/validation_person_27605b96ea85144d_0.jpg,person,3,train,"[0.28010824, 0.13012049, 0.1759134, 0.24337348]",43f70727779f76060a144ea373270ed3c936dafd9f8448d947763da45af298fc,209,162
validation_person_28f45b12ee25ae19_2,28f45b12ee25ae19,data/processed_clean/validation/person/validation_person_28f45b12ee25ae19_2.jpg,person,3,train,"[0.7280405, 0.21621622, 0.25168920000000006, 0.7818532800000001]",56d807af83bd41b49373253670d8c4fcc857024cce896ab0f6276cdbd3dbd7eb,299,758
validation_person_2a0ca38711f24d08_6,2a0ca38711f24d08,data/processed_clean/validation/person/validation_person_2a0ca38711f24d08_6.jpg,person,3,train,"[0.6842924, 0.3773585, 0.08864689999999997, 0.3207547]",2a5aafe5575bd4109ccac4187ba9c5ff2d1a13f52284d552a749bfb437fa9f0a,106,282
validation_person_2ae47fa15fea397b_2,2ae47fa15fea397b,data/processed_clean/validation/person/validation_person_2ae47fa15fea397b_2.jpg,person,3,train,"[0.4259928, 0.22924188, 0.4097473, 0.76173282]",ad391883e6edc29bd516e99db9f023d891936ce0c9e8868f68788803642160e4,486,852
validation_person_2bd02ea46571d28b_2,2bd02ea46571d28b,data/processed_clean/validation/person/validation_person_2bd02ea46571d28b_2.jpg,person,3,train,"[0.17351598, 0.042796005, 0.69178082, 0.957203995]",5cc602ff9d68c8f314605ce3e1f94d5857bd5f497e7fecd4dbc5a2adbf710190,513,1024
validation_person_2d4447c12b6c9b9e_2,2d4447c12b6c9b9e,data/processed_clean/validation/person/validation_person_2d4447c12b6c9b9e_2.jpg,person,3,train,"[0.6061947, 0.4660767, 0.37168140000000005, 0.26696167000000004]",a1a82c7859ef9b0e9f181c5951a8925bcece605027ca5a9b0da5c0b865b5cb61,289,318
validation_person_2e08a3701ae74310_1,2e08a3701ae74310,data/processed_clean/validation/person/validation_person_2e08a3701ae74310_1.jpg,person,3,train,"[0.015625, 0.2625, 0.25625, 0.7375]",182c6f32a5b25942706c6d0d2b97f2a0412eb8bb108a1cf917f8915d503247b0,299,612
validation_person_2f535abd45f435ff_1,2f535abd45f435ff,data/processed_clean/validation/person/validation_person_2f535abd45f435ff_1.jpg,person,3,train,"[0.3038348, 0.19469027, 0.24778759999999994, 0.7433628299999999]",0a22ded8838871a61d7b5607685b3ecd755409b0eed6b911a7ec6ba8116e3582,294,589
validation_person_302533cc3d179018_1,302533cc3d179018,data/processed_clean/validation/person/validation_person_302533cc3d179018_1.jpg,person,3,train,"[0.4484375, 0.37558687, 0.12031249999999999, 0.36384973]",bb931263395ee5d190af7e5fcb2d7d6918c78203918a5ebbb01a8f97ab9711c4,143,288
validation_person_30d68bd7687a1136_2,30d68bd7687a1136,data/processed_clean/validation/person/validation_person_30d68bd7687a1136_2.jpg,person,3,train,"[0.7495961, 0.27878788, 0.13408730000000002, 0.50101012]",d31429b0ecffd7e284193fb614907386b75f2ebfb5460bb979af2ad047eed3fd,159,475
validation_person_318e12be63daa7bb_6,318e12be63daa7bb,data/processed_clean/validation/person/validation_person_318e12be63daa7bb_6.jpg,person,3,train,"[0.40707964, 0.26843658, 0.46681416000000003, 0.64896752]",3c4339b1ddc35193a40ba8d989c7386b9e5d214dcfd719ef68d788cc1e8f559d,369,771
validation_person_337a60c292ee663d_1,337a60c292ee663d,data/processed_clean/validation/person/validation_person_337a60c292ee663d_1.jpg,person,3,train,"[0.15777777, 0.12463343, 0.68666668, 0.87536657]",322a0ada7792ffc502096e207d69fe718ab8a4a90a8d155ed9b9157b96a1447b,538,968
validation_person_33af0cc138a9e827_3,33af0cc138a9e827,data/processed_clean/validation/person/validation_person_33af0cc138a9e827_3.jpg,person,3,train,"[0.2033195, 0.08163265, 0.56224065, 0.91836735]",c4f4ff9e6c8fd34438ae87bc19fc220886a7ae0bcba54e129726f42af476d40b,505,1016
validation_person_343326e127297379_5,343326e127297379,data/processed_clean/validation/person/validation_person_343326e127297379_5.jpg,person,3,train,"[0.62094396, 0.24778761, 0.14601767, 0.49557523]",cf5663de4cf0ab509ca29099c7ca82a14fe7418e3e238cc54639270ed04ef920,173,393
validation_person_3490fd706da6b61e_4,3490fd706da6b61e,data/processed_clean/validation/person/validation_person_3490fd706da6b61e_4.jpg,person,3,train,"[0.7389163, 0.4429708, 0.08374380000000003, 0.37665786]",9923e4cd5a0a3a425f6a051674c92a8d676ff633b56410cfcf040f85a2c6f299,99,207
validation_person_34da64f7fecdfa2a_2,34da64f7fecdfa2a,data/processed_clean/validation/person/validation_person_34da64f7fecdfa2a_2.jpg,person,3,train,"[0.0029498525, 0.16150442, 0.3451327475, 0.73230088]",6471ce4c2949896ca84b9ab5c61cf285061f9013b02c92695829f5c5f2cb5b15,385,580
validation_person_35f837b8efa90099_0,35f837b8efa90099,data/processed_clean/validation/person/validation_person_35f837b8efa90099_0.jpg,person,3,train,"[0.3140625, 0.32291666, 0.30781249999999993, 0.5874999999999999]",abe2772b7cb543a57ba37cf45c95a213ad8f9cc2e3eb16477044dc8fe6d20f9f,366,523
validation_person_370affc51c3f109a_0,370affc51c3f109a,data/processed_clean/validation/person/validation_person_370affc51c3f109a_0.jpg,person,3,train,"[0.01969697, 0.3139785, 0.37575759000000003, 0.6000000000000001]",b59096ee985b6ee9b6f2405b2af80b6b498419bf696ba441a1ff4f4daa37f04d,436,503
validation_person_3728914be4a6f601_0,3728914be4a6f601,data/processed_clean/validation/person/validation_person_3728914be4a6f601_0.jpg,person,3,train,"[0.3852941, 0.36363637, 0.1882353, 0.26607538000000003]",5e4472bdcffaaafe03dc672feac198c7566b41f6bd318b5a74010c537602063a,224,210
validation_person_37f54f8f42cec2b5_3,37f54f8f42cec2b5,data/processed_clean/validation/person/validation_person_37f54f8f42cec2b5_3.jpg,person,3,train,"[0.2640625, 0.42083332, 0.7359375, 0.5791666799999999]",c419be30ef205ab3c381ae613a0d78f9e336e2513266ee25454d0e8c370d8a4a,814,480
validation_person_393bd0c1026ed46e_0,393bd0c1026ed46e,data/processed_clean/validation/person/validation_person_393bd0c1026ed46e_0.jpg,person,3,train,"[0.8318584, 0.38053098, 0.1297935, 0.39380531999999996]",a170853db715244630b92b326f7d76cf0e2001615224bec717801e56ce9ddbdb,154,312
validation_person_3956c6659dd2ee95_4,3956c6659dd2ee95,data/processed_clean/validation/person/validation_person_3956c6659dd2ee95_4.jpg,person,3,train,"[0.31858408, 0.18731563, 0.6814159200000001, 0.8126843699999999]",f6aea96d5437b3e8a91ca715a3b507d8dadffb0223b5d061660e654a8a7c463a,503,899
validation_person_39f51240b8605c1f_2,39f51240b8605c1f,data/processed_clean/validation/person/validation_person_39f51240b8605c1f_2.jpg,person,3,train,"[0.103125, 0.21875, 0.81875, 0.49375]",75986856a57ed8fb2a824226a37c3d8ebdb2c74acecfba85e696901ad1d142c6,972,440
validation_person_3a41eb035c8a893b_3,3a41eb035c8a893b,data/processed_clean/validation/person/validation_person_3a41eb035c8a893b_3.jpg,person,3,train,"[0.3539823, 0.18584071, 0.22271385999999999, 0.43141593]",963cf8d483f98f00e3db7b6e934dc60ae964320d28a76d437f2b8dcff367f8f1,265,342
validation_person_3b5eccd313f5f31d_1,3b5eccd313f5f31d,data/processed_clean/validation/person/validation_person_3b5eccd313f5f31d_1.jpg,person,3,train,"[0.790625, 0.13125, 0.10781249999999998, 0.375]",f19fabec4ed13c9df6a62daff049dc234419debf49f6f7c93d56fbdd782a362f,128,334
validation_person_3fbf3bd1c6910a78_1,3fbf3bd1c6910a78,data/processed_clean/validation/person/validation_person_3fbf3bd1c6910a78_1.jpg,person,3,train,"[0.27941176, 0.27329192, 0.37605044, 0.52018633]",fd670d318dfbcb98ada1fe3b378da2b2f1d27415ed3fe1827e5eca36298cf2a3,331,618
validation_person_3fdf753786f44513_1,3fdf753786f44513,data/processed_clean/validation/person/validation_person_3fdf753786f44513_1.jpg,person,3,train,"[0.21840873, 0.32150313, 0.18564743, 0.60125257]",361572888f5dcda6e9fbea4ef47d4a314064436aa93f9dd7cfcfa3c76a9d3d75,221,534
validation_person_40943b7446487944_0,40943b7446487944,data/processed_clean/validation/person/validation_person_40943b7446487944_0.jpg,person,3,train,"[0.3703125, 0.0, 0.3546875, 0.74791664]",dd6731be0f2910e6057d08393f55892f08cffb24446c790c9fe4b938a166b53d,421,620
validation_person_4125df3dbe46a6af_0,4125df3dbe46a6af,data/processed_clean/validation/person/validation_person_4125df3dbe46a6af_0.jpg,person,3,train,"[0.3677991, 0.17218544, 0.25258494000000004, 0.4944812599999999]",9edeb5fbd15e3700474ec3af72574390bc6121675ec8a4da5732257ec2d4fb74,300,393
validation_person_44ad0088aac4f7a0_0,44ad0088aac4f7a0,data/processed_clean/validation/person/validation_person_44ad0088aac4f7a0_0.jpg,person,3,train,"[0.26327434, 0.12371134, 0.59513276, 0.44182625999999997]",d06257d197d6b7ddb27e83e27c4a11e9e9a93ae26b7b997ddf6b2dc9655ac4d8,471,525
validation_person_44fdcfa6f91586fe_3,44fdcfa6f91586fe,data/processed_clean/validation/person/validation_person_44fdcfa6f91586fe_3.jpg,person,3,train,"[0.509375, 0.24375, 0.14374999999999993, 0.47708335999999996]",171e4e23038ecc45d576a043328cb5725bb9f4eef339b1f4dd296629f26e7c74,171,425
validation_person_454a2e427283ae9c_5,454a2e427283ae9c,data/processed_clean/validation/person/validation_person_454a2e427283ae9c_5.jpg,person,3,train,"[0.460177, 0.48672566, 0.14749260000000003, 0.35619470000000003]",f915ae0af2a04316a481caf635f8b45bf399b5e6ed248d31eae2fa40ff18c7d7,1259,2029
validation_person_49659aaa200d12aa_1,49659aaa200d12aa,data/processed_clean/validation/person/validation_person_49659aaa200d12aa_1.jpg,person,3,train,"[0.057192374, 0.14877589, 0.412478326, 0.85122411]",923c4a984c3172be1a5eecbde780e7f1f709238c2b0ec2343d83fa7db46a0753,490,867
validation_person_49ab4dc431d94451_1,49ab4dc431d94451,data/processed_clean/validation/person/validation_person_49ab4dc431d94451_1.jpg,person,3,train,"[0.0, 0.0, 0.7036395, 1.0]",063fa98adfdd06f2e22ae258ac81241a1bf9bab6113025b7ab5956707dd2c791,778,943
validation_person_49b1c1dde7a5f7cb_4,49b1c1dde7a5f7cb,data/processed_clean/validation/person/validation_person_49b1c1dde7a5f7cb_4.jpg,person,3,train,"[0.22566372, 0.29646018, 0.41297938, 0.44911507]",f3276d3a91253b9a0d59c58eb056f1faa12795198122c5e415ad6ed5c9ed0978,491,356
validation_person_49dc1ea0360a9457_0,49dc1ea0360a9457,data/processed_clean/validation/person/validation_person_49dc1ea0360a9457_0.jpg,person,3,train,"[0.61946905, 0.6792035, 0.13421824999999998, 0.21017700000000006]",d55e23b42c51a24763c9cf0fb55c6bbec657b984c3b32494a2dd2c637d31677d,160,167
validation_person_4a4a97d739266aa6_1,4a4a97d739266aa6,data/processed_clean/validation/person/validation_person_4a4a97d739266aa6_1.jpg,person,3,train,"[0.2796875, 0.26875, 0.22187500000000004, 0.7229167000000001]",767b6493a8744bf880c2e2e3c42f379a838ee2d0f7a375f0b9937ba014e89b15,264,606
validation_person_4d12cd0fe67c89ca_3,4d12cd0fe67c89ca,data/processed_clean/validation/person/validation_person_4d12cd0fe67c89ca_3.jpg,person,3,train,"[0.6037736, 0.049792532, 0.3757861, 0.950207468]",1bbced035b3f2f7cef8e053cd475aba2debff1c3d8597410050940ab7db914ae,437,777
validation_person_4dd7724195db88ca_0,4dd7724195db88ca,data/processed_clean/validation/person/validation_person_4dd7724195db88ca_0.jpg,person,3,train,"[0.4796875, 0.058333334, 0.14062500000000006, 0.312500006]",269edee3a0308f7599143adfaeae9542ae41f57a457cdcbaf4d619567735a4dc,167,278
validation_person_4e27b4cc6e70cf1c_6,4e27b4cc6e70cf1c,data/processed_clean/validation/person/validation_person_4e27b4cc6e70cf1c_6.jpg,person,3,train,"[0.66076696, 0.024336284, 0.21091444000000004, 0.661504416]",5f9417836e2e5339b3de5edb0d8c843fe68b7de5b39340c435cacf2916a0e28a,251,505
validation_person_4e7d84937f7fc9e6_1,4e7d84937f7fc9e6,data/processed_clean/validation/person/validation_person_4e7d84937f7fc9e6_1.jpg,person,3,train,"[0.27654868, 0.030973451, 0.42035395, 0.764011779]",9134c044d0f3cef2b8f9f7f615ed9a946e4082bd5228e775cd938465fb516a94,333,877
validation_person_500f794d1a13efcb_1,500f794d1a13efcb,data/processed_clean/validation/person/validation_person_500f794d1a13efcb_1.jpg,person,3,train,"[0.071875, 0.42083332, 0.30781250000000004, 0.5791666799999999]",785a93cedb1d8e710db98ec600ab55f24940b88c0ac60a2686e3648a7d72dfdc,366,480
validation_person_50c54dbad1bcd798_0,50c54dbad1bcd798,data/processed_clean/validation/person/validation_person_50c54dbad1bcd798_0.jpg,person,3,train,"[0.77286136, 0.21460177, 0.1666666899999999, 0.36946903]",45ac8322fc7b5e0b7e7971dd710813c3096d1647157ca1dc9a95ccedf43f5318,198,293
validation_person_50e6913a3b4aba40_0,50e6913a3b4aba40,data/processed_clean/validation/person/validation_person_50e6913a3b4aba40_0.jpg,person,3,train,"[0.032412965, 0.5298913, 0.123649455, 0.47010870000000005]",3f066600b19ac3480b52b829e0a7c39ef57ee4ec9ce06264468040be3302952f,147,230
validation_person_5183a3521e080caa_0,5183a3521e080caa,data/processed_clean/validation/person/validation_person_5183a3521e080caa_0.jpg,person,3,train,"[0.17166667, 0.283208, 0.06833333, 0.30075189999999996]",5f2e1a71fff788ceae83aeca4a51aacff2ad03e8ded8465a0cbfa05995769c83,81,238
validation_person_53abb389699de521_0,53abb389699de521,data/processed_clean/validation/person/validation_person_53abb389699de521_0.jpg,person,3,train,"[0.2885246, 0.3777336, 0.3344262, 0.4612326]",8140365c99f9845a8fe19b805f1c903c40d1d648cb69f9e784a6f46917bb4d0e,397,451
validation_person_5546478c4bce290e_0,5546478c4bce290e,data/processed_clean/validation/person/validation_person_5546478c4bce290e_0.jpg,person,3,train,"[0.4921875, 0.0875, 0.28125, 0.9125]",7f39c5d29b82eff7d5928f3331d50e478d143d9826a859da82542c25227987bf,334,757
validation_person_5a0e74c2024d10f4_0,5a0e74c2024d10f4,data/processed_clean/validation/person/validation_person_5a0e74c2024d10f4_0.jpg,person,3,train,"[0.12110092, 0.18650089, 0.38165138000000004, 0.81349911]",928e2940b40d8b5494d7c05fd81187f8cb5119f44bc74e9fecb65fba557a9e37,438,900
validation_person_5adb0c465af33a3d_2,5adb0c465af33a3d,data/processed_clean/validation/person/validation_person_5adb0c465af33a3d_2.jpg,person,3,train,"[0.6319759, 0.0, 0.31975864, 0.57575756]",33aaabcb348855230f4df3d79168ba8e4b15e1b9fa304e1fc21cfe95eec731d3,380,444
validation_person_5bef8f7f167e7677_0,5bef8f7f167e7677,data/processed_clean/validation/person/validation_person_5bef8f7f167e7677_0.jpg,person,3,train,"[0.003125, 0.15208334, 0.0890625, 0.33333334]",2d6c2b0f0ed64948a7348d7a52b6fb864f4627e9689190ed6d71cd92d1e30fd7,102,297
validation_person_5c321733e2693a5d_2,5c321733e2693a5d,data/processed_clean/validation/person/validation_person_5c321733e2693a5d_2.jpg,person,3,train,"[0.6073529, 0.048780486, 0.1808824, 0.472283814]",9c0c60bb51b2a2c4f2a24f4e9a525d1d5ce092e9a7477c4acbccd40ea7abf560,215,373
validation_person_5e87eaf2ecc31207_3,5e87eaf2ecc31207,data/processed_clean/validation/person/validation_person_5e87eaf2ecc31207_3.jpg,person,3,train,"[0.034375, 0.17291667, 0.184375, 0.60416667]",c350e39b0695db379529489008342bbe0b9a24a8d729f605e00eadd98090fd32,219,538
validation_person_61366027eb85c0e9_10,61366027eb85c0e9,data/processed_clean/validation/person/validation_person_61366027eb85c0e9_10.jpg,person,3,train,"[0.6632047, 0.083516486, 0.3367953, 0.916483514]",9c7f8ac6931b2cfe98cf754ca3c5bab55ca9d19170c6dd17f8d511cbb1f3593c,372,684
validation_person_61b7d980d8a8ca1f_5,61b7d980d8a8ca1f,data/processed_clean/validation/person/validation_person_61b7d980d8a8ca1f_5.jpg,person,3,train,"[0.4100295, 0.13053097, 0.2920354, 0.62610619]",847ccfbc4e2d27f5a0cca3c3a8ca744d2e8a1895c99c9645aa1a0efbb4b763ec,347,496
validation_person_637bce283318b1ca_0,637bce283318b1ca,data/processed_clean/validation/person/validation_person_637bce283318b1ca_0.jpg,person,3,train,"[0.26106194, 0.06185567, 0.50442476, 0.87187043]",84980fcad4470ddfdd65a2825558c691f51e5fc73eb1cd207096461f0d467405,399,1024
validation_person_63d44a37bc798b9a_2,63d44a37bc798b9a,data/processed_clean/validation/person/validation_person_63d44a37bc798b9a_2.jpg,person,3,train,"[0.5647059, 0.07317073, 0.16617645000000003, 0.89800447]",cfe3764344bb08a7ea446771a7eb923a26c2ca5cfb93a7b5e6ae5b2078aa7c08,197,679
validation_person_63e2c41f873864a3_1,63e2c41f873864a3,data/processed_clean/validation/person/validation_person_63e2c41f873864a3_1.jpg,person,3,train,"[0.43510324, 0.26548672, 0.22861356, 0.7278761199999999]",735ab8c9c03f5726849ef05c1702b3dc1fbe433d1c4cd67bf2a0183eebdb98d4,271,541
validation_person_63e4090f980ed60c_1,63e4090f980ed60c,data/processed_clean/validation/person/validation_person_63e4090f980ed60c_1.jpg,person,3,train,"[0.18125, 0.00625, 0.34843749999999996, 0.6729167]",4430f2781a97c84c72828a11e0032bee8471aebc768938224d3d292ac52bb191,414,563
validation_person_63fe0b7d26a54f7e_6,63fe0b7d26a54f7e,data/processed_clean/validation/person/validation_person_63fe0b7d26a54f7e_6.jpg,person,3,train,"[0.47050148, 0.026548672, 0.27138642, 0.966814168]",baa073566b96159d22f18a3e53bcfb6895f8d4a36ff1d9f5080dfa41f225902e,322,683
validation_person_674ea6ebc75f8152_4,674ea6ebc75f8152,data/processed_clean/validation/person/validation_person_674ea6ebc75f8152_4.jpg,person,3,train,"[0.12916666, 0.05625, 0.58541668, 0.94375]",3fce4e721e045a5baa94e520e9da631fef903be51133ee1d816edcc681f4e0b9,522,1024
validation_person_67bb81df42352db9_1,67bb81df42352db9,data/processed_clean/validation/person/validation_person_67bb81df42352db9_1.jpg,person,3,train,"[0.4546875, 0.09583333, 0.18281249999999993, 0.5729166699999999]",f59634cc9dd53bcfdf3b8fb19c507e9eab1df78711533ee2e17a2249e3035a99,217,511
validation_person_68a6b366ad1a361d_5,68a6b366ad1a361d,data/processed_clean/validation/person/validation_person_68a6b366ad1a361d_5.jpg,person,3,train,"[0.8141593, 0.0044247787, 0.11799409999999999, 0.5265486513]",52a11e5fd4557234ce76b2a757962cffd8b1211841c204369e7674e56b42bc65,140,391
validation_person_68f8acbfdcff8256_4,68f8acbfdcff8256,data/processed_clean/validation/person/validation_person_68f8acbfdcff8256_4.jpg,person,3,train,"[0.594, 0.15615615, 0.15800000000000003, 0.77777775]",d36982c2fc7aa714975d6b1d93de6e8a41b9eb341833faa6f59e7656bad0f46b,188,615
validation_person_6b4bd4c189cccaed_6,6b4bd4c189cccaed,data/processed_clean/validation/person/validation_person_6b4bd4c189cccaed_6.jpg,person,3,train,"[0.010279002, 0.0022172949, 0.18502202799999998, 0.6496674051]",658c439b52f5ea96418015cb6b40223e437fd3f1dfdb51bc470c2fabc395fd32,215,477
validation_person_6c93f2de6b0556f0_0,6c93f2de6b0556f0,data/processed_clean/validation/person/validation_person_6c93f2de6b0556f0_0.jpg,person,3,train,"[0.03539823, 0.019911505, 0.32890854999999997, 0.980088495]",f59338650d11725296d6c6e86edf06169e54e278a60bd8c072742572cf8f9228,391,682
validation_person_6de07c624dfa051d_8,6de07c624dfa051d,data/processed_clean/validation/person/validation_person_6de07c624dfa051d_8.jpg,person,3,train,"[0.63274336, 0.45353982, 0.12094393999999997, 0.47787608]",3cbefdebb0702270e508874e4aec4c5689102be47b0c82ec264daac506dbbdb2,144,378
validation_person_6dfc1870c2f79a33_0,6dfc1870c2f79a33,data/processed_clean/validation/person/validation_person_6dfc1870c2f79a33_0.jpg,person,3,train,"[0.06498195, 0.0054151625, 0.8935018100000001, 0.8194945875]",dc2a24bd00d78f248eeac2a73c2e81138e62f5638a97811776f688e8e87e70da,1024,912
validation_person_6ea72647c8d4f91f_14,6ea72647c8d4f91f,data/processed_clean/validation/person/validation_person_6ea72647c8d4f91f_14.jpg,person,3,train,"[0.1578125, 0.24375, 0.1578125, 0.30833330000000003]",a1cda3fb95d5bd480ba9cee5e3d252bec129b4ac07ad8d9004f4b5b6adf9fead,187,275
validation_person_6f804844ccc5126b_2,6f804844ccc5126b,data/processed_clean/validation/person/validation_person_6f804844ccc5126b_2.jpg,person,3,train,"[0.39169675, 0.09747292, 0.32129961, 0.7436823100000001]",fbfdbe1d99a70b349a414a457d151381664982268ce43bd94bfef148a17a88c9,381,883
validation_person_706ed12961f5ef7f_0,706ed12961f5ef7f,data/processed_clean/validation/person/validation_person_706ed12961f5ef7f_0.jpg,person,3,train,"[0.0, 0.27654868, 1.0, 0.55309732]",1390f6737f9cece8a0d2198ebe18d8b975edd00d88da6026f4405f731f9d7a21,1024,438
validation_person_70f4fa357528a5d3_6,70f4fa357528a5d3,data/processed_clean/validation/person/validation_person_70f4fa357528a5d3_6.jpg,person,3,train,"[0.39233038, 0.057522126, 0.42035398, 0.942477874]",fb7792af2955e5a93beb0ac9c72aac41237053ac9a6f1f0c699115cd12ce915e,500,683
validation_person_712535513e40dd99_0,712535513e40dd99,data/processed_clean/validation/person/validation_person_712535513e40dd99_0.jpg,person,3,train,"[0.0, 0.1950078, 1.0, 0.6427457299999999]",e1a713f5bdeadb540661ba36c05c7d4cfe45c6509a9d4b72c6239bf76d2508a0,765,764
validation_person_71cf58f8fb85bab6_9,71cf58f8fb85bab6,data/processed_clean/validation/person/validation_person_71cf58f8fb85bab6_9.jpg,person,3,train,"[0.4651163, 0.07465619, 0.2558139, 0.63064831]",e5a98f9f8481e63a99fb65fb8b477f0e3eb00d7de8629c27ac6554bae1915e20,304,634
validation_person_73419957fe545067_3,73419957fe545067,data/processed_clean/validation/person/validation_person_73419957fe545067_3.jpg,person,3,train,"[0.2421875, 0.38958332, 0.0703125, 0.33958337999999993]",b6ee6699cf241d1dce5c6ad8042e99257ff7d43325f1e926ad12db915140a46f,84,303
validation_person_76be61143f354a7d_0,76be61143f354a7d,data/processed_clean/validation/person/validation_person_76be61143f354a7d_0.jpg,person,3,train,"[0.28360415, 0.38410595, 0.27031014999999997, 0.6136865499999999]",9b5ef613736df45ae2c356e7ecdc02e1b2cc74bb30815674a241c6bab9741f01,321,456
validation_person_780cca37886fb32e_5,780cca37886fb32e,data/processed_clean/validation/person/validation_person_780cca37886fb32e_5.jpg,person,3,train,"[0.84094256, 0.2616408, 0.12371133999999995, 0.57206206]",f9ffb0f91beac0247c33c601e7efb28440bb0c857945702e85c8204d5452804b,147,452
validation_person_7b9ac446f589d9b3_7,7b9ac446f589d9b3,data/processed_clean/validation/person/validation_person_7b9ac446f589d9b3_7.jpg,person,3,train,"[0.309375, 0.40208334, 0.278125, 0.5020833]",dec3edac28f80b45443272aab3dd8f39c815c88e8e873f9068be1b7235db543e,330,447
validation_person_7c8a5253847619a5_0,7c8a5253847619a5,data/processed_clean/validation/person/validation_person_7c8a5253847619a5_0.jpg,person,3,train,"[0.12480499, 0.08768267, 0.48673951000000004, 0.89144053]",ff0c41e922db1698b49c17f397c1f3f87830a8d2fbd651f4d523e75110f0b4b2,578,752
validation_person_7cb19dfe3af5fc1e_0,7cb19dfe3af5fc1e,data/processed_clean/validation/person/validation_person_7cb19dfe3af5fc1e_0.jpg,person,3,train,"[0.5855457, 0.2300885, 0.2020649000000001, 0.7123894]",19f644cd4fc37e39268b2e20d376d71ae6a6d58291e7aa9528ed9e7dbf40ece2,240,565
validation_person_7d6859f9bb3c3273_0,7d6859f9bb3c3273,data/processed_clean/validation/person/validation_person_7d6859f9bb3c3273_0.jpg,person,3,train,"[0.4993234, 0.50120485, 0.07442490000000002, 0.40963854999999993]",322f36ea7b44dd8528fa7fbc1aed76a60e88e855bfa431e7f8810b9c9144c4a0,89,274
validation_person_7e0e65a69143a553_0,7e0e65a69143a553,data/processed_clean/validation/person/validation_person_7e0e65a69143a553_0.jpg,person,3,train,"[0.34791666, 0.403125, 0.33749998000000003, 0.246875]",19a8bede533634e5000f3d357df547aefa01d5f1448ab32e5f421244234c982a,301,293
validation_person_7e4174d6399e667a_0,7e4174d6399e667a,data/processed_clean/validation/person/validation_person_7e4174d6399e667a_0.jpg,person,3,train,"[0.43794578, 0.29680365, 0.09129817000000001, 0.27625575]",87e6a088deb7437e486a5feb3e8fb60a48656018b9b59b5c06779d3f2bc6b052,108,205
validation_person_7f2c236dd1355144_0,7f2c236dd1355144,data/processed_clean/validation/person/validation_person_7f2c236dd1355144_0.jpg,person,3,train,"[0.18634424, 0.09862386, 0.14224752000000002, 0.80045868]",c82df973688ec53ad6f3c0b545be8c0d69cd662f9c63010f9015b6d8e4a7993d,169,590
validation_person_7f5e82944d3d535c_0,7f5e82944d3d535c,data/processed_clean/validation/person/validation_person_7f5e82944d3d535c_0.jpg,person,3,train,"[0.4436937, 0.097972974, 0.22522519999999996, 0.807432426]",675dbc5072a9a9d45bcd40a8ce9c4d137698c67d7f22caa5b217a52fd8e04412,267,640
validation_person_7f8ef92c55a63b32_8,7f8ef92c55a63b32,data/processed_clean/validation/person/validation_person_7f8ef92c55a63b32_8.jpg,person,3,train,"[0.51023394, 0.46875, 0.11695906, 0.38839287]",2bbec2b98cd77e3c2ae8b1d76aea4fdc54d84e18e9ca45249c7f6c243f6f0d60,139,302
validation_person_800c30a4a87f96ae_0,800c30a4a87f96ae,data/processed_clean/validation/person/validation_person_800c30a4a87f96ae_0.jpg,person,3,train,"[0.0, 0.03761062, 1.0, 0.96238938]",2cfa9c45e7cf96ea01ab432adfe67131a0855fefc1afd5aa91a045f00f226c6a,1024,683
validation_person_805f02464cb6f793_1,805f02464cb6f793,data/processed_clean/validation/person/validation_person_805f02464cb6f793_1.jpg,person,3,train,"[0.38958332, 0.3234375, 0.22083333, 0.46718750000000003]",9bd0262b43f0871c519cc6e746f7543b71650f01df94b1be298468e1f46dd6bf,196,555
validation_person_82e02465a9c48fd0_2,82e02465a9c48fd0,data/processed_clean/validation/person/validation_person_82e02465a9c48fd0_2.jpg,person,3,train,"[0.50294983, 0.36504424, 0.17551626999999992, 0.55752211]",21ef9d6ef2bc7155c85d7c622bccf3f95f63b0798b5f304dda4b959de2c258c7,208,442
validation_person_84a60c2bf148ad59_0,84a60c2bf148ad59,data/processed_clean/validation/person/validation_person_84a60c2bf148ad59_0.jpg,person,3,train,"[0.45011085, 0.19117647, 0.38359201000000004, 0.6191176300000001]",3799b61def625fcacb4c23127568508914103b121630192b73fef58fff36f7cb,303,735
validation_person_8618ec6384468b52_0,8618ec6384468b52,data/processed_clean/validation/person/validation_person_8618ec6384468b52_0.jpg,person,3,train,"[0.43952802, 0.36504424, 0.24483778, 0.17920355999999993]",61c6077defd8d1d4de43956edde69fd37e8b5b9ae8a47bd5fbca126ae8108255,291,142
validation_person_8625e1c061594821_0,8625e1c061594821,data/processed_clean/validation/person/validation_person_8625e1c061594821_0.jpg,person,3,train,"[0.5147929, 0.35099337, 0.1405326, 0.18763793]",0f4949cc473ef557ed9988012eb56a9eb2ebd7ed61701bcc1417c267086d47fc,167,149
validation_person_86cf240adb1303b2_0,86cf240adb1303b2,data/processed_clean/validation/person/validation_person_86cf240adb1303b2_0.jpg,person,3,train,"[0.0, 0.43958333, 0.3546875, 0.56041667]",11b3e798f7d0b1a956ff275cc02424f5785e42a5d4bd905667cb84106b09e7a8,392,465
validation_person_8795f7cfd489288c_0,8795f7cfd489288c,data/processed_clean/validation/person/validation_person_8795f7cfd489288c_0.jpg,person,3,train,"[0.47569954, 0.09756097, 0.32400591000000006, 0.55432373]",a115c5e1a94441240f11439c6eeee2f7fa797b79527b485768523205a9fd3469,384,438
validation_person_87e5617453c7d3fe_0,87e5617453c7d3fe,data/processed_clean/validation/person/validation_person_87e5617453c7d3fe_0.jpg,person,3,train,"[0.465625, 0.30625, 0.4953125, 0.69375]",96e3086a156412529c72f5c8a6e36917aed1248c520da971b3706a64853fabcb,588,575
validation_person_8987951815d36f77_5,8987951815d36f77,data/processed_clean/validation/person/validation_person_8987951815d36f77_5.jpg,person,3,train,"[0.22563177, 0.17870036, 0.32671483, 0.59747294]",293b2da47c9d2505eae492aeb699bcc0c302a2e2599dd87665b076e9ba894c67,388,710
validation_person_89a55dde562341f4_0,89a55dde562341f4,data/processed_clean/validation/person/validation_person_89a55dde562341f4_0.jpg,person,3,train,"[0.19583334, 0.453125, 0.24166666, 0.4703125]",958bf27cc8342845d4859c9c513bc92869523538b2dad65aa15ece631c149384,215,559
validation_person_8ad1d06298503bcb_1,8ad1d06298503bcb,data/processed_clean/validation/person/validation_person_8ad1d06298503bcb_1.jpg,person,3,train,"[0.8845554, 0.3382046, 0.11388450000000006, 0.3778706]",3b8bba9a9177c76aa7ceb3fe4dca8ce1efc535bc357bd1905a3d1bb813573399,128,335
validation_person_8d6097473203d652_0,8d6097473203d652,data/processed_clean/validation/person/validation_person_8d6097473203d652_0.jpg,person,3,train,"[0.4874816, 0.0022123894, 0.16936670000000004, 0.4977876106]",27043f296e2706cb065071869ea20ee619c628f59509e917ee71fc8c10c70807,201,368
validation_person_90997b17e434e391_1,90997b17e434e391,data/processed_clean/validation/person/validation_person_90997b17e434e391_1.jpg,person,3,train,"[0.784375, 0.13958333, 0.1578124999999999, 0.50000002]",0d918ceca469944e4ae4e7db7e8322444909177cd8514d63fd86daccbfaf2110,188,446
validation_person_918b59dde1a5adc1_0,918b59dde1a5adc1,data/processed_clean/validation/person/validation_person_918b59dde1a5adc1_0.jpg,person,3,train,"[0.045833334, 0.0, 0.735416666, 1.0]",58f910924ff7c0983b0a64027a4ae52879392001ef7fb3ef8c8930628784f92b,645,1024
validation_person_91ef144b7c8bba2f_0,91ef144b7c8bba2f,data/processed_clean/validation/person/validation_person_91ef144b7c8bba2f_0.jpg,person,3,train,"[0.1594203, 0.21501014, 0.42028980000000005, 0.5233266000000001]",6c3dd9fbdf22afbec85894e57c8702bb02abc17ad25f6cb3a0859aa6baf42f68,471,466
validation_person_93835a4c76f55770_3,93835a4c76f55770,data/processed_clean/validation/person/validation_person_93835a4c76f55770_3.jpg,person,3,train,"[0.69911504, 0.50737464, 0.17256636000000003, 0.36135691999999997]",282a925da629cafb911e3dfcca0968171c5812258150f15ace57cf3bb35b4900,137,429
validation_person_96591275de430985_1,96591275de430985,data/processed_clean/validation/person/validation_person_96591275de430985_1.jpg,person,3,train,"[0.3364632, 0.4875, 0.28951489999999996, 0.43333335]",b185f19c653c60861f69d4dd38fb9bc4d45da2b76374aca69370b60306db224c,344,387
validation_person_97c72dc5d7b2fcf6_18,97c72dc5d7b2fcf6,data/processed_clean/validation/person/validation_person_97c72dc5d7b2fcf6_18.jpg,person,3,train,"[0.69265366, 0.19130434, 0.1559220400000001, 0.7543478600000001]",3771209d17174145775edb2b70e5d90942cafb4339f2ffd7ed10e4f5b85ba97b,185,614
validation_person_98fcd2eeacdf17f7_2,98fcd2eeacdf17f7,data/processed_clean/validation/person/validation_person_98fcd2eeacdf17f7_2.jpg,person,3,train,"[0.35625, 0.3125, 0.35000000000000003, 0.575]",3e660092df846caec52cdc5c267105ab4f76212a36416e3d54976e292c4938f6,416,512
validation_person_9a02bb63b8f46e51_6,9a02bb63b8f46e51,data/processed_clean/validation/person/validation_person_9a02bb63b8f46e51_6.jpg,person,3,train,"[0.90694237, 0.046357617, 0.09305763, 0.520971313]",b537034979d4a3c31d39165282496be09dc7a81623f2a3ebe2580de3ea9c0cb4,103,414
validation_person_9a07ebae25b79349_3,9a07ebae25b79349,data/processed_clean/validation/person/validation_person_9a07ebae25b79349_3.jpg,person,3,train,"[0.5, 0.0, 0.2138643, 0.5641593]",a73457384699b4d7a7e70857e48f4c942e1ce7523a09efda33dd44af0a9e5cd5,255,416
validation_person_9e8a9a415ab79a3d_0,9e8a9a415ab79a3d,data/processed_clean/validation/person/validation_person_9e8a9a415ab79a3d_0.jpg,person,3,train,"[0.27083334, 0.3640625, 0.32291666, 0.3078125]",d3f37ca8527a7c0d83d02a8e501db3513eec9f4d27c95ed7199cabd2793b5ecd,288,365
validation_person_9fbd6227fb68f4ee_4,9fbd6227fb68f4ee,data/processed_clean/validation/person/validation_person_9fbd6227fb68f4ee_4.jpg,person,3,train,"[0.0, 0.06415929, 0.122238584, 0.56858407]",deda69e89ffe721f5f03d8c0872c20b1dbf5832421ca29baa8c5d6590b425837,135,449
validation_person_a00c765c5281abcd_2,a00c765c5281abcd,data/processed_clean/validation/person/validation_person_a00c765c5281abcd_2.jpg,person,3,train,"[0.19911504, 0.11504425, 0.80088496, 0.88274335]",09d384d107b4d49d2225ef06cae9c5b61411a5c5eafd1c19a4678578532c1ce1,886,652
validation_person_a7022599a8e371cc_5,a7022599a8e371cc,data/processed_clean/validation/person/validation_person_a7022599a8e371cc_5.jpg,person,3,train,"[0.6631016, 0.6904762, 0.14616760000000006, 0.24725273999999997]",39d35bb60b63cccb3e05e569b582364c2fdf11b3e4860e45f041da5d77bdd7ed,174,286
validation_person_abc04060db4bf30e_0,abc04060db4bf30e,data/processed_clean/validation/person/validation_person_abc04060db4bf30e_0.jpg,person,3,train,"[0.0, 0.106090374, 0.536, 0.724950926]",1386be27a28107e31107aae8fbca40041e55c21b99c0762c06a4295cad9e02f0,436,861
validation_person_ac712efc22a3adf5_0,ac712efc22a3adf5,data/processed_clean/validation/person/validation_person_ac712efc22a3adf5_0.jpg,person,3,train,"[0.38404727, 0.10154525, 0.49630723000000004, 0.5827814499999999]",ac397ffce5a2d0ec3344aeb633777aab9bc41a72a6948d92db75c2d6d6728ade,589,463
validation_person_ad08afb5c0f5bb34_2,ad08afb5c0f5bb34,data/processed_clean/validation/person/validation_person_ad08afb5c0f5bb34_2.jpg,person,3,train,"[0.13537906, 0.009025271, 0.75451264, 0.990974729]",b6b83c5b57cddb3cd87770c2f9b9ad8c0a819ff3d0c18413e73b8cb9e2d0407b,896,1024
validation_person_ad4e70e002e5042d_1,ad4e70e002e5042d,data/processed_clean/validation/person/validation_person_ad4e70e002e5042d_1.jpg,person,3,train,"[0.1125, 0.0, 0.7, 1.0]",e5d6f31af37304d27ed9982d3e79d98c453abfdfa1b377e7e55712d2d6a06bee,831,768
validation_person_adc62b8d5661eaaf_12,adc62b8d5661eaaf,data/processed_clean/validation/person/validation_person_adc62b8d5661eaaf_12.jpg,person,3,train,"[0.6546875, 0.46458334, 0.15000000000000002, 0.23124995999999998]",55523bfbbd08fca7c94fa55a09dc0d370ef1a8e5a55a0089034871bc662103ba,178,206
validation_person_b267cc433e1be993_2,b267cc433e1be993,data/processed_clean/validation/person/validation_person_b267cc433e1be993_2.jpg,person,3,train,"[0.7578125, 0.35208333, 0.15468749999999998, 0.42083337]",3446c3e01536a0f26c051d7c0251a0063417a2d2bc76799c4ad3420876de2ea9,184,374
validation_person_b2ff1ad9c720c837_1,b2ff1ad9c720c837,data/processed_clean/validation/person/validation_person_b2ff1ad9c720c837_1.jpg,person,3,train,"[0.21348314, 0.33236575, 0.41123595999999996, 0.47314944999999997]",6889d9706936aca6cdf7b2e64431e97453c297041ff730c8a0c1f6a883a8cd2b,315,562
validation_person_b3183c84c3754d97_1,b3183c84c3754d97,data/processed_clean/validation/person/validation_person_b3183c84c3754d97_1.jpg,person,3,train,"[0.09117647, 0.20620842, 0.12647059, 0.65631928]",72fc36fa0a8834db2699699fcde3abf7139f26e84c859491849757c696850493,150,517
validation_person_b37aef35ec0ad8ce_5,b37aef35ec0ad8ce,data/processed_clean/validation/person/validation_person_b37aef35ec0ad8ce_5.jpg,person,3,train,"[0.371875, 0.47708333, 0.17343749999999997, 0.52291667]",dc8e8115e89ec53609f1eee18d22b282166ec425cf8c49564c03ee9c54f6c9a6,206,434
validation_person_b3cd7618f9f85002_5,b3cd7618f9f85002,data/processed_clean/validation/person/validation_person_b3cd7618f9f85002_5.jpg,person,3,train,"[0.5008726, 0.63925236, 0.17277485999999997, 0.31962614]",974d280025a0f4f64d66cd928b0e121d5177dd70e6ddc2aab4e08399099c750a,205,355
validation_person_b62643d55901573f_1,b62643d55901573f,data/processed_clean/validation/person/validation_person_b62643d55901573f_1.jpg,person,3,train,"[0.3953125, 0.104166664, 0.33437500000000003, 0.618749996]",5f3f8913191aaaa2daf8f733ce461b629203543b60796b5a93d9dd7393caa92d,398,551
validation_person_b7a27e5c85498f67_0,b7a27e5c85498f67,data/processed_clean/validation/person/validation_person_b7a27e5c85498f67_0.jpg,person,3,train,"[0.3609375, 0.29583332, 0.18906250000000002, 0.55416668]",e2d340a656bf92bc931545ced4c1f41242896f36062e29540a9aaf2cc28419e2,225,494
validation_person_b7b8279ee5925bbc_0,b7b8279ee5925bbc,data/processed_clean/validation/person/validation_person_b7b8279ee5925bbc_0.jpg,person,3,train,"[0.19026549, 0.1460177, 0.19616519000000002, 0.8539823]",ebff2e529c3cc6f72e80a22e710ff0cd1f4c9f1ce59bfaf7c9da6cbf15ba9ba2,233,630
validation_person_b93d8790b0a02d66_1,b93d8790b0a02d66,data/processed_clean/validation/person/validation_person_b93d8790b0a02d66_1.jpg,person,3,train,"[0.5221239, 0.25073746, 0.23451326000000006, 0.41297934]",06532f5ef69824b38efaad9284fe942be8c6e0852b55a78ee86bbf4392898158,186,490
validation_person_baa7002f05951f28_0,baa7002f05951f28,data/processed_clean/validation/person/validation_person_baa7002f05951f28_0.jpg,person,3,train,"[0.38541666, 0.030701755, 0.26488098, 0.833333315]",a44cef6ca00782a2026ffd922812e407d6894a75992bce6349bc72aeed8c10b9,315,647
validation_person_bbc1921cc7fb24fb_0,bbc1921cc7fb24fb,data/processed_clean/validation/person/validation_person_bbc1921cc7fb24fb_0.jpg,person,3,train,"[0.19026549, 0.0, 0.44837761, 0.960177]",6bfdebca8e5de5206175562b34e51e9aacc6909c6d9a404d7fb75ff3a6958765,533,683
validation_person_bcc2111336a70f4d_0,bcc2111336a70f4d,data/processed_clean/validation/person/validation_person_bcc2111336a70f4d_0.jpg,person,3,train,"[0.075, 0.20833333, 0.46093749999999994, 0.54166667]",97262bc9da4e40308a5ef5b34dba7901d4dde00c66f3701e3f3f04faa67f56aa,548,482
validation_person_bd5b903016271ba3_0,bd5b903016271ba3,data/processed_clean/validation/person/validation_person_bd5b903016271ba3_0.jpg,person,3,train,"[0.5059022, 0.29013538, 0.4165261, 0.40618956]",8ee4c4d4ebdffb7939a3e1b0070108a69fd43cecd361d1857f908dbde5cdf95d,495,421
validation_person_bde0112066be318e_2,bde0112066be318e,data/processed_clean/validation/person/validation_person_bde0112066be318e_2.jpg,person,3,train,"[0.628125, 0.26458332, 0.18281249999999993, 0.6958333800000001]",080e173ea6d3dda4f7db904cf2ca37bc14bd1e96602b973148ff961adf133748,217,608
validation_person_bfa1694d2846cddb_5,bfa1694d2846cddb,data/processed_clean/validation/person/validation_person_bfa1694d2846cddb_5.jpg,person,3,train,"[0.20471281, 0.06651885, 0.55670109, 0.52993351]",39feef1bedc1727bf63b029a0a5ac76a7466fcc665911294665ef2ea341e8aa9,661,419
validation_person_c0186cb7d9291aa1_0,c0186cb7d9291aa1,data/processed_clean/validation/person/validation_person_c0186cb7d9291aa1_0.jpg,person,3,train,"[0.44378698, 0.35462555, 0.19230772000000002, 0.26651982]",facb73b739159ae4c2bf913942c9a0193dbe7d2a5aef459be8f62f57ac4ee6dd,228,213
validation_person_c020aa3c539efe6f_0,c020aa3c539efe6f,data/processed_clean/validation/person/validation_person_c020aa3c539efe6f_0.jpg,person,3,train,"[0.03539823, 0.055309735, 0.27876106999999994, 0.944690265]",90187a8d5d200de8df8c20f6aa0eaf0f6b18c6d5343b6babb34d0dde06faabdd,332,683
validation_person_c270248c48e4b0bc_3,c270248c48e4b0bc,data/processed_clean/validation/person/validation_person_c270248c48e4b0bc_3.jpg,person,3,train,"[0.478125, 0.21666667, 0.18437499999999996, 0.6041666299999999]",f16348c4260e9ec08c2b23578082565fbff0960663f22924e13ba47bd2f3735f,220,539
validation_person_c2c713810f0cf228_2,c2c713810f0cf228,data/processed_clean/validation/person/validation_person_c2c713810f0cf228_2.jpg,person,3,train,"[0.26899385, 0.62539685, 0.15195072000000004, 0.34126979]",06add53ef52a94da8bc958dbc35a8835819bbddfd4f96f458a8e59b1cccf8517,140,406
validation_person_c47d2dedc6dc0c70_2,c47d2dedc6dc0c70,data/processed_clean/validation/person/validation_person_c47d2dedc6dc0c70_2.jpg,person,3,train,"[0.69384617, 0.19067797, 0.10461538999999997, 0.34533897]",198fd1a1377aacca5335a5dc4d2844f969fb1b478c7054018043fc343f415f15,124,298
validation_person_c4e8395425f49d05_0,c4e8395425f49d05,data/processed_clean/validation/person/validation_person_c4e8395425f49d05_0.jpg,person,3,train,"[0.29056048, 0.18141593, 0.26548671999999995, 0.58407077]",f94e4b082b4e61c6d8390169f936aeef7a328e9c1ede4e3cbd8c319889080a63,315,463
validation_person_c608300749520833_1,c608300749520833,data/processed_clean/validation/person/validation_person_c608300749520833_1.jpg,person,3,train,"[0.124492556, 0.2939759, 0.426251684, 0.7060241]",e2d5080da5f6d803b1bb5eed8bd237b7b167723fcc37049d1c998b1f932702ca,506,439
validation_person_c67d85430bbd659b_1,c67d85430bbd659b,data/processed_clean/validation/person/validation_person_c67d85430bbd659b_1.jpg,person,3,train,"[0.0, 0.090707965, 0.11061947, 0.710176995]",c9441bb5b93311cb11f66fc6afd7d5cd6ef59eecc799f187283705f94b8f0ec5,122,563
validation_person_c705061238b1fe30_1,c705061238b1fe30,data/processed_clean/validation/person/validation_person_c705061238b1fe30_1.jpg,person,3,train,"[0.3171875, 0.325, 0.6828125, 0.67291664]",e124f4c1423dffc1d91276b75b8ff1e50b6bea594799423dd491ce8eb20d8db0,755,560
validation_person_c72db18c2c27486d_2,c72db18c2c27486d,data/processed_clean/validation/person/validation_person_c72db18c2c27486d_2.jpg,person,3,train,"[0.53539824, 0.34513274, 0.15929205999999996, 0.5199115000000001]",807b9f6d3096f054feede65976fc3dea25043fad0ae6b3085882540f295bf5d8,189,412
validation_person_c7b1e6f7c38fa1a0_0,c7b1e6f7c38fa1a0,data/processed_clean/validation/person/validation_person_c7b1e6f7c38fa1a0_0.jpg,person,3,train,"[0.334375, 0.68541664, 0.10625000000000001, 0.22916665999999997]",a7f929d3f0a0c1ce5ee8105c2f69c18578fac837de15a4c5308186b2f2ca4702,126,204
validation_person_c8d6a4af2c44370c_0,c8d6a4af2c44370c,data/processed_clean/validation/person/validation_person_c8d6a4af2c44370c_0.jpg,person,3,train,"[0.5611111, 0.26041666, 0.25, 0.73958334]",8f7a6c3d883aed9331954e40fe9f93795a5c4ab6b293c65f4d14519129c27783,222,818
validation_person_c9d762b4da6278b9_1,c9d762b4da6278b9,data/processed_clean/validation/person/validation_person_c9d762b4da6278b9_1.jpg,person,3,train,"[0.30833334, 0.0359375, 0.35208332, 0.7546875000000001]",6208169d7e9f5951bebe51b211860228a48c8b49c321d7aff3bd06e953e06407,314,871
validation_person_cc99dc2dc5a741fc_0,cc99dc2dc5a741fc,data/processed_clean/validation/person/validation_person_cc99dc2dc5a741fc_0.jpg,person,3,train,"[0.69278353, 0.55766195, 0.18762886999999995, 0.3048973100000001]",838dc1a9a21f66c1ac39ff3b60a5b216a505b92a649fe37c3154867271ce75f9,171,362
validation_person_ce3136faf5116e0d_7,ce3136faf5116e0d,data/processed_clean/validation/person/validation_person_ce3136faf5116e0d_7.jpg,person,3,train,"[0.7064897, 0.42920354, 0.13569319999999996, 0.57079646]",95439cb9cfdf0bd002a298249e06991755b8a17581517f72d32dd2bc7306e4f0,162,421
validation_person_ce4a4bcc5d2e2c72_1,ce4a4bcc5d2e2c72,data/processed_clean/validation/person/validation_person_ce4a4bcc5d2e2c72_1.jpg,person,3,train,"[0.322, 0.16533333, 0.454, 0.79466667]",d62368345bfb5431b9024cc46a6f164d54b2737ed207fddbbf03d40e887ce377,539,690
validation_person_ce7aa02b052cb75a_1,ce7aa02b052cb75a,data/processed_clean/validation/person/validation_person_ce7aa02b052cb75a_1.jpg,person,3,train,"[0.17180617, 0.022189349, 0.56828193, 0.826923101]",2ea1db40ebe08f585b320b9a3f403eef84500068e44dc58226645c795aeee17b,453,937
validation_person_cfce27d77196711a_0,cfce27d77196711a,data/processed_clean/validation/person/validation_person_cfce27d77196711a_0.jpg,person,3,train,"[0.2125, 0.30833334, 0.43281249999999993, 0.21666666]",73bf11d6795f86950917298fed3a08d6165844017805d91d89ff397278024804,514,194
validation_person_d0434ef27d612e96_2,d0434ef27d612e96,data/processed_clean/validation/person/validation_person_d0434ef27d612e96_2.jpg,person,3,train,"[0.366426, 0.2400722, 0.32851990000000003, 0.3267148]",4c4b4995772329b063ceb97473bd44b3acba56003c6ec67eb3ae609ba6907b06,391,388
validation_person_d0828557ef3db50f_4,d0828557ef3db50f,data/processed_clean/validation/person/validation_person_d0828557ef3db50f_4.jpg,person,3,train,"[0.03982301, 0.07300885, 0.50294989, 0.67477875]",24a8f31d84efc4f2c1d96bdfe8817c743723af7955254f37b7f291a7cb1daa36,597,535
validation_person_d273dd1b7d814d98_1,d273dd1b7d814d98,data/processed_clean/validation/person/validation_person_d273dd1b7d814d98_1.jpg,person,3,train,"[0.014705882, 0.26385808, 0.180882348, 0.59866962]",dc3b9318c9acf9250b78277397ed3160760837c9179c1c5c932198ab2a6609a4,215,472
validation_person_d46c7361fb1eed0f_2,d46c7361fb1eed0f,data/processed_clean/validation/person/validation_person_d46c7361fb1eed0f_2.jpg,person,3,train,"[0.2657856, 0.32372504, 0.20264319999999997, 0.67627496]",bd193ce190df391ef6b4b66445b96782fdbbc3099c76c69ad2d6c08babe1bd78,240,495
validation_person_d4a6f2ec61459601_0,d4a6f2ec61459601,data/processed_clean/validation/person/validation_person_d4a6f2ec61459601_0.jpg,person,3,train,"[0.0890625, 0.19375, 0.9109375, 0.53125]",dd4c5e211f4d9a2b6d4d1fa3d1a3eb05c29565dc4ee2eb5316af86180551f704,1007,473
validation_person_d4cf54a887702bc9_0,d4cf54a887702bc9,data/processed_clean/validation/person/validation_person_d4cf54a887702bc9_0.jpg,person,3,train,"[0.6369138, 0.30387932, 0.11497730000000006, 0.33620690999999997]",1f7b4318e6c724fbf291c7b7c80c3d0f6a3b7b62e1a5d7beb8568c81aa8b8148,136,280
validation_person_d56adb8c0b36b361_0,d56adb8c0b36b361,data/processed_clean/validation/person/validation_person_d56adb8c0b36b361_0.jpg,person,3,train,"[0.24375, 0.36875, 0.19531250000000003, 0.4625]",3318ae977d6b6417e92b49563f25b8bdf85a8dc5f721dfbec004e27db07b7807,232,412
validation_person_d672a62768a6c629_0,d672a62768a6c629,data/processed_clean/validation/person/validation_person_d672a62768a6c629_0.jpg,person,3,train,"[0.45280236, 0.07743363, 0.10029501000000002, 0.44690266999999995]",4ff0ac071c58da55bf51214a95f0fe7a46d65a29e2857f37746c5fc1dfde6146,120,355
validation_person_db2682e944a9915c_7,db2682e944a9915c,data/processed_clean/validation/person/validation_person_db2682e944a9915c_7.jpg,person,3,train,"[0.40855458, 0.3318584, 0.07522124000000002, 0.3938053]",31e97c06ad8d33f2477455eda783bd05f4537704fc41bb335e08fe9ca27d5919,90,312
validation_person_dc3d3d90e6485b13_1,dc3d3d90e6485b13,data/processed_clean/validation/person/validation_person_dc3d3d90e6485b13_1.jpg,person,3,train,"[0.190625, 0.34583333, 0.153125, 0.31874997]",1e77b1f0380c30067d7dc54e7ea6d82cfe6490dcf99d02929a91d947afd900fe,182,284
validation_person_dd8a7bf210628fd7_1,dd8a7bf210628fd7,data/processed_clean/validation/person/validation_person_dd8a7bf210628fd7_1.jpg,person,3,train,"[0.116519175, 0.048672568, 0.432153385, 0.951327432]",6edabf0128796e3d3a6493479e7c1ea70e669e83cecb4760791d0b981650f045,513,682
validation_person_df0179678dcd6762_0,df0179678dcd6762,data/processed_clean/validation/person/validation_person_df0179678dcd6762_0.jpg,person,3,train,"[0.048780486, 0.17205882, 0.332594234, 0.32941174999999995]",b5ce32601f4087e9e559fca74aae2a4b208cdff27ece8d920a441526824b1412,262,391
validation_person_e0416733060fc7fb_0,e0416733060fc7fb,data/processed_clean/validation/person/validation_person_e0416733060fc7fb_0.jpg,person,3,train,"[0.2359882, 0.4579646, 0.5855457000000001, 0.32522124]",4a8f8a2e53d88befd2a27a70eab88450042d0547cb5537ba5493a2ddcd95ead0,695,258
validation_person_e092b4884d6c184c_0,e092b4884d6c184c,data/processed_clean/validation/person/validation_person_e092b4884d6c184c_0.jpg,person,3,train,"[0.38115633, 0.63262194, 0.13918627, 0.31859755999999995]",dc135b423d443bc53478f4976a55b76ee16d7ef2a91714399e0a0fde591dba52,117,378
validation_person_e0cc3d4077c5f82c_1,e0cc3d4077c5f82c,data/processed_clean/validation/person/validation_person_e0cc3d4077c5f82c_1.jpg,person,3,train,"[0.11096076, 0.0, 0.08930988, 0.6578313]",fc6d253ba6cb9b7429b4f963a1db8224f911f52fcb9f2d3b4d155c09e080d8b5,106,409
validation_person_e0eba22ce22c54f6_1,e0eba22ce22c54f6,data/processed_clean/validation/person/validation_person_e0eba22ce22c54f6_1.jpg,person,3,train,"[0.052785926, 0.21555555, 0.117302054, 0.45333331999999993]",d85b1690f61d90e5c0c41b07b0a631d9d7734de70f6b2bcad550dcae9fa4bc62,140,356
validation_person_e0fc78d0a54b97c1_29,e0fc78d0a54b97c1,data/processed_clean/validation/person/validation_person_e0fc78d0a54b97c1_29.jpg,person,3,train,"[0.8100471, 0.5405405, 0.12872843999999994, 0.32848235000000003]",a900df764e731844eda54368f8176302daf6cc6ac02d5ca555d4f48769dc8c0e,153,294
validation_person_e40c9760d612b7b9_0,e40c9760d612b7b9,data/processed_clean/validation/person/validation_person_e40c9760d612b7b9_0.jpg,person,3,train,"[0.20353982, 0.29498526, 0.74115048, 0.70501474]",6ca075dea5dd92b9e95ea7ec1b98d1ec695726d619475fdadb040bdc06b3fdca,584,780
validation_person_e5332b716bccaa30_2,e5332b716bccaa30,data/processed_clean/validation/person/validation_person_e5332b716bccaa30_2.jpg,person,3,train,"[0.029498525, 0.26327434, 0.069321535, 0.37389383000000004]",8a1bed0dfad0fcd884ea1466cdecba95810781ca522b514a5c98f8e0ae476a37,82,297
validation_person_e698ffb5b31f8d83_0,e698ffb5b31f8d83,data/processed_clean/validation/person/validation_person_e698ffb5b31f8d83_0.jpg,person,3,train,"[0.0, 0.0, 0.8780488, 1.0]",012c0d9c90f9647b3e8a45fe90cf9fcb90a398c45c0bb636a045c86d13d66eaa,645,1024
validation_person_e802f2c2d602ebee_12,e802f2c2d602ebee,data/processed_clean/validation/person/validation_person_e802f2c2d602ebee_12.jpg,person,3,train,"[0.732, 0.49388754, 0.07866669999999998, 0.46210266]",12060fe0c90be830f23a4d387a9f77178f3d6b9112ac859dc3804cc085a844b5,94,299
validation_person_e823de1c77bc643c_0,e823de1c77bc643c,data/processed_clean/validation/person/validation_person_e823de1c77bc643c_0.jpg,person,3,train,"[0.0, 0.29646018, 0.78097343, 0.28023598]",f9d37a82541386c391221a9a58ae5440f994e73f6cc3049c4eeae7f8ca270cc6,576,332
validation_person_e91870c9dffbc26a_9,e91870c9dffbc26a,data/processed_clean/validation/person/validation_person_e91870c9dffbc26a_9.jpg,person,3,train,"[0.1972028, 0.03263403, 0.32727269999999997, 0.70629367]",3830463bebcda6213c65a59b4e0b3b3cc6e6f5dba7252cf8b928418c570e7658,389,488
validation_person_ed0147f94eaf2efd_0,ed0147f94eaf2efd,data/processed_clean/validation/person/validation_person_ed0147f94eaf2efd_0.jpg,person,3,train,"[0.072271384, 0.017699115, 0.432153366, 0.953539785]",d319053e97dc253f92ffd277ed1e3cac7adec7261f81c12313d5d58b88913fb9,513,683
validation_person_ed9e939fa775917f_1,ed9e939fa775917f,data/processed_clean/validation/person/validation_person_ed9e939fa775917f_1.jpg,person,3,train,"[0.22172949, 0.42941177, 0.39689581000000007, 0.27499998]",ef1c871ed54b31fee1bc882be16baad2b76b135329e4120374bf0d19613abf75,313,327
validation_person_ef4033e0d4b8d1b3_0,ef4033e0d4b8d1b3,data/processed_clean/validation/person/validation_person_ef4033e0d4b8d1b3_0.jpg,person,3,train,"[0.081001475, 0.16150442, 0.460972025, 0.67920354]",1d01e2ab4300443abfad8c98e18316f549f6309a2c406ae40022f9e9ee30f52d,548,537
validation_person_f01bd8eab72d88a3_2,f01bd8eab72d88a3,data/processed_clean/validation/person/validation_person_f01bd8eab72d88a3_2.jpg,person,3,train,"[0.78008914, 0.17324561, 0.17533436000000002, 0.44298243]",002cf6bb13061e2a623cc7e7646b91039212507a21025f15ef3b2c098ec25f9e,209,356
validation_person_f15a6e4c696003f7_0,f15a6e4c696003f7,data/processed_clean/validation/person/validation_person_f15a6e4c696003f7_0.jpg,person,3,train,"[0.6296875, 0.14791666, 0.28593750000000007, 0.62291664]",37a6d804f46fbe36a42179601855c8828909187a657d051cd66f3dcd86fad0f2,340,555
validation_person_f16ac84c228df783_0,f16ac84c228df783,data/processed_clean/validation/person/validation_person_f16ac84c228df783_0.jpg,person,3,train,"[0.53541666, 0.275, 0.2791667, 0.46875]",f8b1a6b40e8ac4b6d603ac6b58c5b9cf7ff7fa1ba98e478643520d238250408f,249,557
validation_person_f1c0d9bb51ae9f1e_0,f1c0d9bb51ae9f1e,data/processed_clean/validation/person/validation_person_f1c0d9bb51ae9f1e_0.jpg,person,3,train,"[0.30530974, 0.09144543, 0.42256636000000003, 0.39085545]",2e163aa45097845ae491cc5486765907cfac0dda155ed9dc213cf1abd7490b4f,335,464
validation_person_f27f3251879aeeed_0,f27f3251879aeeed,data/processed_clean/validation/person/validation_person_f27f3251879aeeed_0.jpg,person,3,train,"[0.056231003, 0.07081545, 0.261398197, 0.91845495]",5ed570e584a943abd840905e22b33c905050bae9c2af2bd67166d16d3e7e4a1d,311,725
validation_person_f295f93afde70b46_0,f295f93afde70b46,data/processed_clean/validation/person/validation_person_f295f93afde70b46_0.jpg,person,3,train,"[0.5943953, 0.097345136, 0.40560470000000004, 0.9026548640000001]",4e49f7dbd600653d5c657ba5d454776031291ec99c4e7b2d9506adac294d0202,449,667
validation_person_f36049acfb61bedb_5,f36049acfb61bedb,data/processed_clean/validation/person/validation_person_f36049acfb61bedb_5.jpg,person,3,train,"[0.83125, 0.45416668, 0.1265624999999999, 0.53958332]",5ede170671fd89a13c38742a7596f318325ce7bc37214ab699c40aa48a40eece,150,452
validation_person_f48fc33da91ec39f_0,f48fc33da91ec39f,data/processed_clean/validation/person/validation_person_f48fc33da91ec39f_0.jpg,person,3,train,"[0.48400852, 0.38837922, 0.18550108000000004, 0.23700301999999995]",79969f8651b30028e89dcb7114b4128829fe46c80f62eff911b381883419312a,158,282
validation_person_f5a7ca700bee310a_2,f5a7ca700bee310a,data/processed_clean/validation/person/validation_person_f5a7ca700bee310a_2.jpg,person,3,train,"[0.088495575, 0.019911505, 0.823008875, 0.964601795]",30a2c7114112842aa9506ef6ec7e2e47bb5e373a2245ba3411f78c360d828050,978,683
validation_person_f630e37430b6b139_2,f630e37430b6b139,data/processed_clean/validation/person/validation_person_f630e37430b6b139_2.jpg,person,3,train,"[0.44047618, 0.25493422, 0.33531752000000004, 0.59868422]",0ff5d2fd87b92ca9975bf26b5f164e69f84f9203ded5263385ca4dbe41d7bc33,330,711
validation_person_f6de78ee96104c90_11,f6de78ee96104c90,data/processed_clean/validation/person/validation_person_f6de78ee96104c90_11.jpg,person,3,train,"[0.30535457, 0.117117114, 0.13314035000000002, 0.254504486]",58819cacdb9213a711c44cc89ef7b42a0a8cd4024fcc07ea83937a9566ae9519,158,194
validation_person_f7556e930463878d_6,f7556e930463878d,data/processed_clean/validation/person/validation_person_f7556e930463878d_6.jpg,person,3,train,"[0.59624416, 0.23958333, 0.13771513999999996, 0.43541667000000006]",475f607721fa57ccd56d194a09e8aa7b8ffc24df1f5a8ad66db832b3a1c4984d,164,388
validation_person_f815b810f228a394_0,f815b810f228a394,data/processed_clean/validation/person/validation_person_f815b810f228a394_0.jpg,person,3,train,"[0.07964602, 0.24926254, 0.54867258, 0.6887905599999999]",9e70184d0d56c6b72b07a4af7f87e49e51d2a7637ea3f8cb73bac43acbf2626d,435,818
validation_person_fa6b7a3ec6934070_1,fa6b7a3ec6934070,data/processed_clean/validation/person/validation_person_fa6b7a3ec6934070_1.jpg,person,3,train,"[0.37407953, 0.23946784, 0.37260677000000003, 0.45011086]",563242c9dafda2952c4f7770a1637a4aab0e96801daf0f7ad11f7e53e85a0ba7,442,355
validation_person_fc3ff95730420d37_0,fc3ff95730420d37,data/processed_clean/validation/person/validation_person_fc3ff95730420d37_0.jpg,person,3,train,"[0.13382353, 0.37028825, 0.13382353, 0.4368071]",4cd32de099e48b3478d71d1c0924c31b207499c8d0ad52e8037b8cd2cbf47a9b,159,345
validation_person_fd4e1247ad0aec8d_10,fd4e1247ad0aec8d,data/processed_clean/validation/person/validation_person_fd4e1247ad0aec8d_10.jpg,person,3,train,"[0.4100295, 0.33849558, 0.08112094000000003, 0.28982301999999993]",e963ae213a6b653caf36bae6a26244bcabfb9a70345b86e8aaa9ed765e154cbc,97,230
validation_person_ff37fe28b65593b7_0,ff37fe28b65593b7,data/processed_clean/validation/person/validation_person_ff37fe28b65593b7_0.jpg,person,3,train,"[0.3953125, 0.4625, 0.32031249999999994, 0.29374999999999996]",054f2e4ccdd5cf4a56284a4582d138c03e9f7c6e61b94167df8ba30ab4afc3fd,380,262
test_building_00fd05d2b23c9255_2,00fd05d2b23c9255,data/processed_clean/test/building/test_building_00fd05d2b23c9255_2.jpg,building,4,train,"[0.33849558, 0.06185567, 0.41592916999999996, 0.82179678]",c69b5340c95eecaab54d09dceb160fa109c2aa139599233a1a64dd4db718626a,328,972
test_building_01b4338cf83ad263_0,01b4338cf83ad263,data/processed_clean/test/building/test_building_01b4338cf83ad263_0.jpg,building,4,train,"[0.0, 0.0, 1.0, 0.73125]",a41cd53118456a254fe3d5f6e6e0bb658a8de8dc18f39a2541c800f8025a8657,1024,607
test_building_031b13e56c34cd61_2,031b13e56c34cd61,data/processed_clean/test/building/test_building_031b13e56c34cd61_2.jpg,building,4,train,"[0.040625, 0.12916666, 0.959375, 0.76249999]",fccbc8bc201fbca1487ce257909863a94adac2ea92fad62b7917301bf004eab0,1024,680
test_building_04b34b4e51724802_0,04b34b4e51724802,data/processed_clean/test/building/test_building_04b34b4e51724802_0.jpg,building,4,train,"[0.0, 0.1768953, 0.84837544, 0.58122744]",f08f2d12bdfdee3cab4fb8ec20c201b220d9044c6f7e6e824e204b3c6e3d40eb,938,690
test_building_05d9dfd356213f5c_0,05d9dfd356213f5c,data/processed_clean/test/building/test_building_05d9dfd356213f5c_0.jpg,building,4,train,"[0.0, 0.0, 0.853125, 0.70208335]",7f3606ffd13c70eeaa25cd4ac5c2ba2bd2489564d9ea8d153fec00a8a369fb72,943,582
test_building_05f0a5d53d574b3b_1,05f0a5d53d574b3b,data/processed_clean/test/building/test_building_05f0a5d53d574b3b_1.jpg,building,4,train,"[0.0, 0.0, 0.99846154, 0.9639066]",01ad77f814615f91ce9275dab6566aa73cd79da2ed4ad37870d029641ebeab06,1024,742
test_building_06304b30dbbe1924_0,06304b30dbbe1924,data/processed_clean/test/building/test_building_06304b30dbbe1924_0.jpg,building,4,train,"[0.828125, 0.0, 0.171875, 1.0]",7fc88cf7727e247fcab8a791a4791b0b7e2f8eab184e39386b2c1f6134dd7241,190,768
test_building_07deaef4e936f06f_3,07deaef4e936f06f,data/processed_clean/test/building/test_building_07deaef4e936f06f_3.jpg,building,4,train,"[0.0, 0.0022123894, 0.08702065, 0.7300885106]",ed4d7d776d2fb5dca9dd9957a0ecc7c5f1f249e9607ee86558f7597df0a288d0,96,540
test_building_08080135b824bd85_2,08080135b824bd85,data/processed_clean/test/building/test_building_08080135b824bd85_2.jpg,building,4,train,"[0.0, 0.0078125, 1.0, 0.7703125]",333c5a3aaa9702908c7ead50f254d231f8ecec92110e0c05b88010b79ec07dd7,767,860
test_building_0841c34acb1e449f_33,0841c34acb1e449f,data/processed_clean/test/building/test_building_0841c34acb1e449f_33.jpg,building,4,train,"[0.5875, 0.0, 0.25468749999999996, 0.36875]",1677042bf6d241ccf01d093ad0940b489f37ab6b3479e83e3142f51cbb062367,302,306
test_building_08b33e22ca2eed03_0,08b33e22ca2eed03,data/processed_clean/test/building/test_building_08b33e22ca2eed03_0.jpg,building,4,train,"[0.0, 0.0, 1.0, 1.0]",4c03d7489af8e913d617512e5395a21718ffad2daf2d4b5ce847284efa8d27b2,1024,768
test_building_0c5c9efc0be37cb4_18,0c5c9efc0be37cb4,data/processed_clean/test/building/test_building_0c5c9efc0be37cb4_18.jpg,building,4,train,"[0.0, 0.0, 1.0, 1.0]",e33f546ffaba8e76a2783ae9e1ac27266f791a8f44c5d4ba0c566f6583c6f334,1024,681
test_building_0cff9bfa91fa5acc_0,0cff9bfa91fa5acc,data/processed_clean/test/building/test_building_0cff9bfa91fa5acc_0.jpg,building,4,train,"[0.0, 0.0, 0.99761903, 0.99863017]",53c3cda1cab29ec5b0da8f45014756d33495558fae1ff402857d25e6ac5b6e0d,589,1024
test_building_0e3c05c51a519e69_3,0e3c05c51a519e69,data/processed_clean/test/building/test_building_0e3c05c51a519e69_3.jpg,building,4,train,"[0.0031847134, 0.30327868, 0.1863057366, 0.3422131199999999]",378009ceefa5bb9c7efb53e29b1227d4322d8041f6adc961e1ebb32b16d8475b,209,316
test_building_11c219cd1e6d8ed6_2,11c219cd1e6d8ed6,data/processed_clean/test/building/test_building_11c219cd1e6d8ed6_2.jpg,building,4,train,"[0.7507375, 0.8097345, 0.24631267, 0.18805309999999997]",ac1a3486e7098b57a0c608d8f89a2fc72fb91b73f9ce8df8e74adfcbfea34f52,275,140
test_building_1600df0b671c4580_0,1600df0b671c4580,data/processed_clean/test/building/test_building_1600df0b671c4580_0.jpg,building,4,train,"[0.0546875, 0.0, 0.396875, 0.3]",1de2067cdcb9b3c6366b5f80398ce017a8c8d33846c6d4a0c52dd1f1eac3099c,472,249
test_building_179c9818e1216bba_0,179c9818e1216bba,data/processed_clean/test/building/test_building_179c9818e1216bba_0.jpg,building,4,train,"[0.0, 0.16640747, 0.9979036, 0.83048213]",20339ff2c8a5606724f35e87457feea1b99ae2659c9b957be1f25f9aaaac956e,760,922
test_building_1855ef16db47e3a9_0,1855ef16db47e3a9,data/processed_clean/test/building/test_building_1855ef16db47e3a9_0.jpg,building,4,train,"[0.0, 0.0, 0.9159292, 0.51106197]",696429b1c92d3e760a551cb7a80f110cbbd888290f382491057792b24bf4091d,1013,378
test_building_1aa48a23ae5f77f1_0,1aa48a23ae5f77f1,data/processed_clean/test/building/test_building_1aa48a23ae5f77f1_0.jpg,building,4,train,"[0.0, 0.027713627, 1.0, 0.690531173]",ab365261be47255c066cba59a3fdf3bfda09b2ba57e2f0b01ee9d3e3a0e32ca3,1024,490
test_building_1b79408e6d26f803_0,1b79408e6d26f803,data/processed_clean/test/building/test_building_1b79408e6d26f803_0.jpg,building,4,train,"[0.0, 0.24746451, 0.8711755, 0.39148068999999996]",726f0fd2e00e487fb260f4824b74d7fe31dcab7f1b45dbb7fc3a155304ec2e85,963,369
test_building_1bc029dc91911dee_1,1bc029dc91911dee,data/processed_clean/test/building/test_building_1bc029dc91911dee_1.jpg,building,4,train,"[0.0, 0.07743363, 1.0, 0.92256637]",d1d6f06fe3aa4f2ff2ce59a96bc993fac6d7c154278851149a5c925003d1e86a,1024,679
test_building_1daa2fc3c6bfc2ab_0,1daa2fc3c6bfc2ab,data/processed_clean/test/building/test_building_1daa2fc3c6bfc2ab_0.jpg,building,4,train,"[0.0, 0.27083334, 1.0, 0.72916666]",f9e97b155b18f8987742ea676b9fa737454d9432ee27dc98d39cd6f331b22eef,1024,605
test_building_20a9751fe68ea461_0,20a9751fe68ea461,data/processed_clean/test/building/test_building_20a9751fe68ea461_0.jpg,building,4,train,"[0.0, 0.0, 1.0, 1.0]",d53f9c394ec78cbce062f1cb3a63eecdc773025188c626b3f92cc4335fbd68bb,1024,768
test_building_22f4c949f59cb1bb_0,22f4c949f59cb1bb,data/processed_clean/test/building/test_building_22f4c949f59cb1bb_0.jpg,building,4,train,"[0.0015625, 0.0, 0.9718749999999999, 0.84583336]",8dcc213ea5a19c7a3941103b4d1ef45837a1c1edda66765767c4ed2953f9bb67,1024,702
test_building_24bbd5c3054631bc_0,24bbd5c3054631bc,data/processed_clean/test/building/test_building_24bbd5c3054631bc_0.jpg,building,4,train,"[0.0, 0.18772563, 1.0, 0.61732847]",6cdfb2f4694faf15420a470cb2bc9409ed91f4b85e0bea6970664e8da7ab87ed,1024,733
test_building_2546c98c3d23c416_0,2546c98c3d23c416,data/processed_clean/test/building/test_building_2546c98c3d23c416_0.jpg,building,4,train,"[0.73224854, 0.438326, 0.26775146000000005, 0.4779736]",cac560f78c7e882ddb03235aca65687d85d78c19182e6e9e1b2a6159ab590ac0,296,381
test_building_25f4a732c16b5bcc_0,25f4a732c16b5bcc,data/processed_clean/test/building/test_building_25f4a732c16b5bcc_0.jpg,building,4,train,"[0.0, 0.025, 1.0, 0.975]",dd201e8f3a145b2e641d44a1c013a8cfb7e6b805e59891314509d2d888a4f88b,1024,768
test_building_268207aae05bd6a8_0,268207aae05bd6a8,data/processed_clean/test/building/test_building_268207aae05bd6a8_0.jpg,building,4,train,"[0.0, 0.010825439, 1.0, 0.740189461]",de600e4c54e54cb3b5b7011f450d9217f1665e059e33e611bcf6275d928743c5,576,830
test_building_294aff231c7c290a_0,294aff231c7c290a,data/processed_clean/test/building/test_building_294aff231c7c290a_0.jpg,building,4,train,"[0.44957983, 0.0, 0.55042017, 0.5744186]",ba748e34547be148706bfea8a28c8d64ea2e578b1fb685381b778662a34bb60d,609,383
test_building_2a18a0d059f7299e_0,2a18a0d059f7299e,data/processed_clean/test/building/test_building_2a18a0d059f7299e_0.jpg,building,4,train,"[0.0, 0.0, 0.9984375, 0.99791664]",7d8a3dce605300536f24194aa440e5d8cca568d87baca1de59fe8f2f6a400383,1024,768
test_building_2b3146e7217400ab_1,2b3146e7217400ab,data/processed_clean/test/building/test_building_2b3146e7217400ab_1.jpg,building,4,train,"[0.0014771048, 0.0, 0.9837518552000001, 1.0]",fba8282b9b585740943f5585da5f9f6624038f3b16649350b45b8212aa12b9dc,1024,685
test_building_2e764b2b2a052ab6_3,2e764b2b2a052ab6,data/processed_clean/test/building/test_building_2e764b2b2a052ab6_3.jpg,building,4,train,"[0.0, 0.0, 1.0, 1.0]",25fe579d8eca2890fa30ef4a060b3c8c3526646dc3e5b83be6352b9adcba5210,1024,768
test_building_2f8ea4ffa5504726_0,2f8ea4ffa5504726,data/processed_clean/test/building/test_building_2f8ea4ffa5504726_0.jpg,building,4,train,"[0.0, 0.028761063, 1.0, 0.960176967]",84c46d566a26eb2c12923822a78e8735781106f02a3492b5ff5932b75ef17a95,1024,683
test_building_2fbec860259b33b4_0,2fbec860259b33b4,data/processed_clean/test/building/test_building_2fbec860259b33b4_0.jpg,building,4,train,"[0.0, 0.0, 1.0, 1.0]",20fa7d6d611ffa97c8caa3a6696b743b983e8cbe2b0129d367f99631790a5b6b,1024,768
test_building_318fc636fa33ed72_0,318fc636fa33ed72,data/processed_clean/test/building/test_building_318fc636fa33ed72_0.jpg,building,4,train,"[0.0, 0.0, 1.0, 1.0]",88688e93a0c707a785cf1e42a31ad9ef925df3dd2a70aaa950a1d6db5efd46c7,1024,768
test_building_326a2c25632231da_0,326a2c25632231da,data/processed_clean/test/building/test_building_326a2c25632231da_0.jpg,building,4,train,"[0.0, 0.13012049, 1.0, 0.74216871]",72bfb15b7e427f4ce1a7cd45a35ba7f9e704c6f4cc0f106bff839177212e409e,1024,494
test_building_32c6160c0a2ece14_0,32c6160c0a2ece14,data/processed_clean/test/building/test_building_32c6160c0a2ece14_0.jpg,building,4,train,"[0.0, 0.0, 1.0, 0.99791664]",c577ce9a6ffd9256b3b4aa776c2b276187a7c6a70ce115ca8687cfffed3984f6,1024,768
test_building_33191ebcfc6355c4_0,33191ebcfc6355c4,data/processed_clean/test/building/test_building_33191ebcfc6355c4_0.jpg,building,4,train,"[0.0, 0.0, 0.9978992, 0.9953416]",63c3d686ace3589de4e1e3f634ee8dc67ab2bf2099c05cd7ec6c639958631f90,758,1024
test_building_3550e4bc8b4c37e4_0,3550e4bc8b4c37e4,data/processed_clean/test/building/test_building_3550e4bc8b4c37e4_0.jpg,building,4,train,"[0.0, 0.0, 1.0, 1.0]",2bb95ffba927e3e21843fcbb2324730f0c1053dbbbf6ed4aa0665f716d9b6b01,680,1024
test_building_382055f26ec63cfa_0,382055f26ec63cfa,data/processed_clean/test/building/test_building_382055f26ec63cfa_0.jpg,building,4,train,"[0.121875, 0.23958333, 0.7953125000000001, 0.6249999700000001]",e813cd9ebfcaaf8c5d57edec6a2d3e22b3851d5599566366b90638b042f117a0,944,556
test_building_3830f4a70cae4edf_1,3830f4a70cae4edf,data/processed_clean/test/building/test_building_3830f4a70cae4edf_1.jpg,building,4,train,"[0.0, 0.23373494, 1.0, 0.6554217]",9bbf92910dc139ff43300e76fe7aacde70c009f8d5701bc831a9a4e3c428a508,1024,437
test_building_39215c5a4c056006_0,39215c5a4c056006,data/processed_clean/test/building/test_building_39215c5a4c056006_0.jpg,building,4,train,"[0.0, 0.0, 1.0, 1.0]",d29ada84e10198026441c44c05129e0ab87795745c5e7e56e2bc56b7b70e5064,1024,683
test_building_39aabf04358fd26f_0,39aabf04358fd26f,data/processed_clean/test/building/test_building_39aabf04358fd26f_0.jpg,building,4,train,"[0.0, 0.0, 1.0, 0.8515625]",2b750d56e27b8ec657a761119f1e04d06fc17ce4b180c1ff33a8d2382b9f86c9,768,942
test_building_3b23b0668f9e3569_3,3b23b0668f9e3569,data/processed_clean/test/building/test_building_3b23b0668f9e3569_3.jpg,building,4,train,"[0.0013531799, 0.15180723, 0.5493910601, 0.5879517700000001]",b8e96d51395201e3a5b0bf6a6e47834770d7811be10ba52522f514d2a4b6a9c1,609,393
test_building_3d89593ba3e2e2ef_0,3d89593ba3e2e2ef,data/processed_clean/test/building/test_building_3d89593ba3e2e2ef_0.jpg,building,4,train,"[0.0515625, 0.23590814, 0.8968750000000001, 0.5177453300000001]",58a23317b89c584542367e1284a3d277e7ae149c66124952311baa1a37331a59,1024,461
test_building_3f3d313f206cfc91_1,3f3d313f206cfc91,data/processed_clean/test/building/test_building_3f3d313f206cfc91_1.jpg,building,4,train,"[0.0, 0.0, 1.0, 0.9]",df3cf4e3104881ae72c5892feb1a59485851e1ea4bb444649d6997e6922dbffd,1024,746
test_building_42c8729b6af9b567_0,42c8729b6af9b567,data/processed_clean/test/building/test_building_42c8729b6af9b567_0.jpg,building,4,train,"[0.0, 0.035416666, 1.0, 0.964583334]",d9b698548fb9a3bea60348b2a84d3252773b833123a859c22db26c5bd4bc6095,1024,768
test_building_48714048b45d91c4_0,48714048b45d91c4,data/processed_clean/test/building/test_building_48714048b45d91c4_0.jpg,building,4,train,"[0.225, 0.0, 0.5765625, 0.79791665]",ccb40033f0e01078316dc9eb04232fae86df34886f53314a929bf3bd8f2497f6,685,662
test_building_49dd1d651d50df52_0,49dd1d651d50df52,data/processed_clean/test/building/test_building_49dd1d651d50df52_0.jpg,building,4,train,"[0.0, 0.44583333, 0.13125, 0.31875001999999997]",e9ac6ff4dc76ff716b6a558ec32b314d46c0d50bfb3f12748d9c6caa072f1470,145,284
test_building_49e4cacb82ba110f_0,49e4cacb82ba110f,data/processed_clean/test/building/test_building_49e4cacb82ba110f_0.jpg,building,4,train,"[0.0, 0.002020202, 1.0, 0.917171698]",a7d7f3582693f4293fa26d587bf2eb5fc04164f8c345e0d8f9c862a44ab74d86,960,762
test_building_4a1a499e3314f7ff_3,4a1a499e3314f7ff,data/processed_clean/test/building/test_building_4a1a499e3314f7ff_3.jpg,building,4,train,"[0.8746313, 0.042035397, 0.1253687, 0.276548683]",9b921106cd3be2d26cd0806a785d4c52533497d4932a42f1a1dcebb175ea82bd,139,219
test_building_4a1fb1505b7599cf_0,4a1fb1505b7599cf,data/processed_clean/test/building/test_building_4a1fb1505b7599cf_0.jpg,building,4,train,"[0.0, 0.0, 1.0, 1.0]",7c5f6eba749d5bb879f0dd39fa89a95c7f6a28465ad1e9f6a9e8d15f033e1cf6,1024,682
test_building_4a2bc8f73c82211a_115,4a2bc8f73c82211a,data/processed_clean/test/building/test_building_4a2bc8f73c82211a_115.jpg,building,4,train,"[0.0, 0.0, 0.215625, 0.20208333]",eea30cb0fcbba74eaf7eaa35505b327d73b192692a435b96c1aa8b72ec02b35c,238,168
test_building_4a7a47bff0ed563c_1,4a7a47bff0ed563c,data/processed_clean/test/building/test_building_4a7a47bff0ed563c_1.jpg,building,4,train,"[0.16666667, 0.0, 0.83124997, 0.9984375]",4d8258b592cfb698788b112252c1df8476d7316fb02c2feadcd51e0bbc2e0c82,691,1024
test_building_4b2356a2d405e7d4_2,4b2356a2d405e7d4,data/processed_clean/test/building/test_building_4b2356a2d405e7d4_2.jpg,building,4,train,"[0.0, 0.08895706, 1.0, 0.85736198]",995ea9f0f76656e2689ac87f91adb1e6e994ded8ebf22036a93eb18e7d57b7f5,739,1003
test_building_4b6359891c136ca7_0,4b6359891c136ca7,data/processed_clean/test/building/test_building_4b6359891c136ca7_0.jpg,building,4,train,"[0.0015625, 0.008333334, 0.9984375, 0.991666666]",233b63d3688f981f77eeef03ee037db2c2ad92484623fae8c0da5199f45fbff7,1024,768
test_building_4bf1ae00f8efdcdd_2,4bf1ae00f8efdcdd,data/processed_clean/test/building/test_building_4bf1ae00f8efdcdd_2.jpg,building,4,train,"[0.0015625, 0.0, 0.996875, 1.0]",9abeb69cd8721a99534826b023baa6f61c6f4d749de6ebbd93472104cf426308,1024,768
test_building_4d05c5eff296f5da_0,4d05c5eff296f5da,data/processed_clean/test/building/test_building_4d05c5eff296f5da_0.jpg,building,4,train,"[0.0, 0.0, 1.0, 1.0]",afa1816d0dc029b2db0e0311f4ab8a65f241e20271fade6538a6fe0bf663ce6f,1024,1024
test_building_4f449e1d6a79d0e5_0,4f449e1d6a79d0e5,data/processed_clean/test/building/test_building_4f449e1d6a79d0e5_0.jpg,building,4,train,"[0.0, 0.0375, 0.9984375, 0.96041664]",a7c47a6bccacedcdbf906a5ae9cb807ef2d2eefd13523652cbf8bf144dca88cd,1024,768
test_building_53b3c297086367c5_1,53b3c297086367c5,data/processed_clean/test/building/test_building_53b3c297086367c5_1.jpg,building,4,train,"[0.0296875, 0.12083333, 0.896875, 0.78125001]",5d16285a63c178e1883c2776d88179e69fd57c1cd5c966845223c99091d38055,1022,696
test_building_546adf0b69c8e1f1_0,546adf0b69c8e1f1,data/processed_clean/test/building/test_building_546adf0b69c8e1f1_0.jpg,building,4,train,"[0.0, 0.0, 1.0, 1.0]",8334ded26db79fa8740e36c38eec22bcd0a9ab963a412e3281863a55077c796f,1024,1024
test_building_54fa5ddff50a2fc0_0,54fa5ddff50a2fc0,data/processed_clean/test/building/test_building_54fa5ddff50a2fc0_0.jpg,building,4,train,"[0.0, 0.0, 1.0, 1.0]",4a38b4239bedb8311a2666fbb25b10e416b2d9c6edf4379250c81caec6cb41fd,1024,740
test_building_570c0c865585194f_1,570c0c865585194f,data/processed_clean/test/building/test_building_570c0c865585194f_1.jpg,building,4,train,"[0.05231689, 0.03930131, 0.92077728, 0.68995633]",87f43973997c626874ec4155d9bdeb7ea6726c518822866fbb9f324af41b9757,1024,550
test_building_5ddaf9c19c5291ce_0,5ddaf9c19c5291ce,data/processed_clean/test/building/test_building_5ddaf9c19c5291ce_0.jpg,building,4,train,"[0.0, 0.53333336, 0.75, 0.38333333999999997]",6d5468b1883fc0544a26f4823296ab59c43aca7dcdd704570e1d3535b3146504,829,342
test_building_5e38601514eef4d1_3,5e38601514eef4d1,data/processed_clean/test/building/test_building_5e38601514eef4d1_3.jpg,building,4,train,"[0.0, 0.0, 1.0, 1.0]",8506e946f90c65f59c187752cedad30c7250f2d1ab2e62bff1c207a63f4b8244,1024,768
test_building_5ed347c22b5c8167_0,5ed347c22b5c8167,data/processed_clean/test/building/test_building_5ed347c22b5c8167_0.jpg,building,4,train,"[0.0, 0.0, 1.0, 1.0]",6e63a55a1cf1c2e7f99cbe0015e8423f8213ba337e03a6cc421a610ae6cf1846,1024,768
test_building_60ca5996a49732fc_0,60ca5996a49732fc,data/processed_clean/test/building/test_building_60ca5996a49732fc_0.jpg,building,4,train,"[0.0, 0.0, 1.0, 0.8875]",9a043ac93b2e077d106f5f5aaae8bee39d3431f11c7442a3a64929a4b9366bc3,1024,736
test_building_61d3666c8fee93ce_0,61d3666c8fee93ce,data/processed_clean/test/building/test_building_61d3666c8fee93ce_0.jpg,building,4,train,"[0.1140625, 0.0, 0.6609375000000001, 0.84583336]",ce9fd03ae09b7389d121899b1fbdd3818c7d89624fff3b7881413be4c222d7b4,785,702
test_building_621159709e8890b8_0,621159709e8890b8,data/processed_clean/test/building/test_building_621159709e8890b8_0.jpg,building,4,train,"[0.0, 0.1078125, 1.0, 0.8921875]",92af9f53f485cd41955ceb695d28497c5efeab4afc2a751453ac7c565a6b972d,768,987
test_building_63e3e90ce9d003cf_0,63e3e90ce9d003cf,data/processed_clean/test/building/test_building_63e3e90ce9d003cf_0.jpg,building,4,train,"[0.020833334, 0.0, 0.9374999660000001, 1.0]",b5c16af9e80a442d635f79ef44e6ae44eefafd8e4a61713d2239db9129c1a936,769,1024
test_building_6669283ebbfe2bd7_2,6669283ebbfe2bd7,data/processed_clean/test/building/test_building_6669283ebbfe2bd7_2.jpg,building,4,train,"[0.0, 0.0, 1.0, 0.9985316]",8e6cc6dca45862e1d9756ae87649ba1f04a06809122bba30253e43715f5bb436,678,1024
test_building_6852e6363c23c4e3_0,6852e6363c23c4e3,data/processed_clean/test/building/test_building_6852e6363c23c4e3_0.jpg,building,4,train,"[0.0, 0.13421829, 1.0, 0.86578171]",e400c58dbc8ca96a29f36edd1adc3bb43fcece865ef8dc663cf497f8865e6ca2,684,957
test_building_6937fb3fb61eca16_6,6937fb3fb61eca16,data/processed_clean/test/building/test_building_6937fb3fb61eca16_6.jpg,building,4,train,"[0.1007752, 0.0, 0.8992248, 1.0]",5d2743d956bc3863c1e4c057c0c9b8885f4a18e416dd9f5066276dc03235673c,994,755
test_building_6b93d9ebec1d6590_5,6b93d9ebec1d6590,data/processed_clean/test/building/test_building_6b93d9ebec1d6590_5.jpg,building,4,train,"[0.0, 0.0, 1.0, 1.0]",2624c6894f0c93dd82279ca0621d3746f94e50ef6b2556c4eceabb89a8b4aa5b,1024,768
test_building_6c5aae882339d0b4_18,6c5aae882339d0b4,data/processed_clean/test/building/test_building_6c5aae882339d0b4_18.jpg,building,4,train,"[0.0, 0.0, 1.0, 0.925]",fbf92e26b6963dad6935ab5b2315da8eae43dab6856feb8443a9bd6218be3da7,1024,767
test_building_6d744cd26be36e61_1,6d744cd26be36e61,data/processed_clean/test/building/test_building_6d744cd26be36e61_1.jpg,building,4,train,"[0.21301775, 0.10792951, 0.78698225, 0.7444933899999999]",1f3948a3df5edfdb808fb105bde6a65832ed7e6355f84f41b48c0aea96317386,870,594
test_building_6e5a0559e4c489cd_0,6e5a0559e4c489cd,data/processed_clean/test/building/test_building_6e5a0559e4c489cd_0.jpg,building,4,train,"[0.0, 0.05, 1.0, 0.91875]",8434604955c8cfce6596d8dcf6547d75a12218f798fb3333ad89e2c37fb39ef0,1024,768
test_building_6e64a2be7770ec69_0,6e64a2be7770ec69,data/processed_clean/test/building/test_building_6e64a2be7770ec69_0.jpg,building,4,train,"[0.0, 0.0, 1.0, 1.0]",ea54bb1287e5c31c308cb7bb531fe5998b31411f8b3fba04ba0d475817ee1431,1024,768
test_building_704d9a1f0dc8e898_0,704d9a1f0dc8e898,data/processed_clean/test/building/test_building_704d9a1f0dc8e898_0.jpg,building,4,train,"[0.0, 0.1796875, 1.0, 0.6875]",251bee74ce069721d7b1a8c50226773992aee4ce8a94310519c9d71d3faed2f8,768,816
test_building_70ec9d666b438d85_0,70ec9d666b438d85,data/processed_clean/test/building/test_building_70ec9d666b438d85_0.jpg,building,4,train,"[0.026845638, 0.23543689, 0.973154362, 0.55825241]",6fbda8dd1bb84bb0f0c3e898c81f637fe0fdc1658a8cb4326634ce3dd9fff92b,1024,367
test_building_7166e9572d5567e3_0,7166e9572d5567e3,data/processed_clean/test/building/test_building_7166e9572d5567e3_0.jpg,building,4,train,"[0.0013071896, 0.037406486, 0.9986928104, 0.962593514]",427b3120a6b6a2d4f36dd98efc10ea48ca33d399be9298a43f5ca2a1e2470dae,1024,537
test_building_71ff2a544c2d074a_0,71ff2a544c2d074a,data/processed_clean/test/building/test_building_71ff2a544c2d074a_0.jpg,building,4,train,"[0.0, 0.0, 0.9734375, 0.99791664]",2c237de1c6c9bfecea90cbfa0a2a9b6aabd4a0b83f403f42582bb694152f71af,1024,768
test_building_7229e388d8729e57_0,7229e388d8729e57,data/processed_clean/test/building/test_building_7229e388d8729e57_0.jpg,building,4,train,"[0.12454873, 0.0, 0.7472924, 0.99819493]",715f5ad6548e52ed6ce59f28d11b21b02493db67e24ed1ae716fd1518197823e,888,1024
test_building_735d45e4e090fc57_0,735d45e4e090fc57,data/processed_clean/test/building/test_building_735d45e4e090fc57_0.jpg,building,4,train,"[0.0, 0.062184874, 1.0, 0.937815126]",e5a9213629e5ae15c4064253862ff3b2e7bf3fc74b91fc140b3a501f2afa993e,887,1024
test_building_74434c4932e745ea_7,74434c4932e745ea,data/processed_clean/test/building/test_building_74434c4932e745ea_7.jpg,building,4,train,"[0.8448276, 0.17030568, 0.10201150000000003, 0.48908297999999994]",410c1d1c4ede44b2b22df29aad32758630ea4c031548285161e1823c974589d2,121,191
test_building_750118d2a3fcfd6c_1,750118d2a3fcfd6c,data/processed_clean/test/building/test_building_750118d2a3fcfd6c_1.jpg,building,4,train,"[0.0, 0.054466233, 1.0, 0.880174267]",64082797a720365b10ee33e8b58ffb3c81a5b8a800216009e4ab24d110bfa3ea,1024,704
test_building_77bbdd2308cb2cad_5,77bbdd2308cb2cad,data/processed_clean/test/building/test_building_77bbdd2308cb2cad_5.jpg,building,4,train,"[0.0, 0.059734512, 1.0, 0.774336288]",fbf678230c1e4f5a546517872093b5cc38afbb94f8e498bbf2ea9dee01a34c86,1024,612
test_building_78880a92eaea1cc3_0,78880a92eaea1cc3,data/processed_clean/test/building/test_building_78880a92eaea1cc3_0.jpg,building,4,train,"[0.0, 0.15490797, 0.43312103, 0.84509203]",78cb87cf6d75fee90e07547bc8a38f83ae751de26d2adea2aaa2e2d522d3cd3c,346,935
test_building_7a62f7e9487a7424_1,7a62f7e9487a7424,data/processed_clean/test/building/test_building_7a62f7e9487a7424_1.jpg,building,4,train,"[0.0, 0.0, 1.0, 0.71929824]",a0391144b4712a5f46c430d2760f5f906cb82631bc6da986ad43c5e46afaa4ba,1024,539
test_building_7ae2a48f909960e1_0,7ae2a48f909960e1,data/processed_clean/test/building/test_building_7ae2a48f909960e1_0.jpg,building,4,train,"[0.0125, 0.15416667, 0.7093750000000001, 0.84583333]",73d4550625feeb0a019cc05010a4c07c570fbe3022b7a71d7695bb182a23f8c0,797,702
test_building_7dd767f0cba20e48_0,7dd767f0cba20e48,data/processed_clean/test/building/test_building_7dd767f0cba20e48_0.jpg,building,4,train,"[0.0, 0.0, 1.0, 0.6585366]",10206a63d951a6a6b2e627a4ebd3b71a299df649dd5c339a58ae2efff52bcba5,1024,484
test_building_7e01b3324b0d8fff_4,7e01b3324b0d8fff,data/processed_clean/test/building/test_building_7e01b3324b0d8fff_4.jpg,building,4,train,"[0.50416666, 0.0, 0.48750004, 0.534375]",d2decaea92c66d857f3099e65c79e83fdebae07d979c7318c610bafd126e84dd,411,591
test_building_7e2ad1d5e66e4d5c_0,7e2ad1d5e66e4d5c,data/processed_clean/test/building/test_building_7e2ad1d5e66e4d5c_0.jpg,building,4,train,"[0.0, 0.59375, 0.275, 0.40416664]",06391122f569e0a71d70dabbf0f484fc9a815b1f8f3cd1c430e20dc637c3a746,304,337
test_building_7e2f77fdef4ace55_0,7e2f77fdef4ace55,data/processed_clean/test/building/test_building_7e2f77fdef4ace55_0.jpg,building,4,train,"[0.0, 0.0, 0.99904215, 0.99319726]",de90c02b4834083361326836b056a6730172f368216179a9de5be7a641a71232,1024,288
test_building_7f6d05a76f2705df_2,7f6d05a76f2705df,data/processed_clean/test/building/test_building_7f6d05a76f2705df_2.jpg,building,4,train,"[0.25, 0.30833334, 0.5, 0.41666665999999997]",7a259ecd226f47510b863f581bb5ca7d9ed89567da85ece4283ae46f086cfea0,594,371
test_building_82dc3f24bc38b3c0_5,82dc3f24bc38b3c0,data/processed_clean/test/building/test_building_82dc3f24bc38b3c0_5.jpg,building,4,train,"[0.0, 0.0, 1.0, 1.0]",7e36ad4caf6c5ab2783f387efa277de974074428f3781379151187a0026b0679,1024,683
test_building_830caadefb13deb6_0,830caadefb13deb6,data/processed_clean/test/building/test_building_830caadefb13deb6_0.jpg,building,4,train,"[0.0, 0.0, 1.0, 1.0]",7d08636ea52bcb600fbbab03d32c5d86cf4ca337088f4e9b84918be81c4b811a,768,1024
test_building_8311d0bd91edcf3c_0,8311d0bd91edcf3c,data/processed_clean/test/building/test_building_8311d0bd91edcf3c_0.jpg,building,4,train,"[0.0, 0.0, 1.0, 1.0]",0421c0fa066ea3f97f5b22fc806356e50f8815271516b61b34f5b3d7c11cf2f4,1024,768
test_building_83e873bba2ba5baa_1,83e873bba2ba5baa,data/processed_clean/test/building/test_building_83e873bba2ba5baa_1.jpg,building,4,train,"[0.0, 0.013274336, 0.97492623, 0.805309764]",fc3ac7fd1b3199c9d76d3d303179f5dfc6a0de380367a931a26dc4480ece5730,1024,603
test_building_8439fe876d3810a3_0,8439fe876d3810a3,data/processed_clean/test/building/test_building_8439fe876d3810a3_0.jpg,building,4,train,"[0.0, 0.27876106, 1.0, 0.72123894]",0abe4586fe3ebef0cda45bbe835ddd8720cd358947ffad50f6f83cf5fb58107c,1024,533
test_building_85124fa0f81f2bed_0,85124fa0f81f2bed,data/processed_clean/test/building/test_building_85124fa0f81f2bed_0.jpg,building,4,train,"[0.0, 0.0, 0.9984375, 0.99791664]",81279897818c109771c4be9c7f5fb595bf970e5aca8a7ffd4e126057d3235574,1024,768
test_building_85a0521fc97d1a38_0,85a0521fc97d1a38,data/processed_clean/test/building/test_building_85a0521fc97d1a38_0.jpg,building,4,train,"[0.0, 0.23348017, 1.0, 0.69603523]",977b703422be373ced1302aa9cfbcd330aa8cc4e1ec2cdd7d3992c7d325c905e,1024,557
test_building_86339c482bd63a7f_21,86339c482bd63a7f,data/processed_clean/test/building/test_building_86339c482bd63a7f_21.jpg,building,4,train,"[0.0, 0.0, 1.0, 1.0]",e14673d188d5b8ae630b367589044f6ef0adabc47dc25e81168f90c34bca3092,1024,768
test_building_866b12ae418aa914_0,866b12ae418aa914,data/processed_clean/test/building/test_building_866b12ae418aa914_0.jpg,building,4,train,"[0.003125, 0.0020876827, 0.996875, 0.9916492173]",3c71ca97f013facdc0fd510baa676cf3af8f007da229d2a7da9620719fb7293a,1024,768
test_building_876ce0d5c6ab17cd_0,876ce0d5c6ab17cd,data/processed_clean/test/building/test_building_876ce0d5c6ab17cd_0.jpg,building,4,train,"[0.0, 0.06637168, 0.9985251, 0.92920357]",48fa8f91b8bf77536b82e380ba6e08e4deeaef0c234f7515267343148eb8548a,1024,683
test_building_8894939fb48e2f3a_0,8894939fb48e2f3a,data/processed_clean/test/building/test_building_8894939fb48e2f3a_0.jpg,building,4,train,"[0.0, 0.0, 0.99776286, 0.99817187]",fe0c41d28541f0b6422181c6a798b3386b100238c0d2f4ee2f02e29809387eab,837,1024
test_building_8a419cd0a9130f8a_1,8a419cd0a9130f8a,data/processed_clean/test/building/test_building_8a419cd0a9130f8a_1.jpg,building,4,train,"[0.26696166, 0.27433628, 0.53687314, 0.45353982000000004]",0d926a846bceb5073c1da31e19f3fa85190b5d102166da946ef810ee8258dc64,638,359
test_building_8a7ea93c46275b4a_0,8a7ea93c46275b4a,data/processed_clean/test/building/test_building_8a7ea93c46275b4a_0.jpg,building,4,train,"[0.0, 0.0, 1.0, 1.0]",6a5e4dc46f814bda31c28eaa914a00281369a9f86cfe832306308713983beb4d,1024,829
test_building_8d5ad3659915d9d3_0,8d5ad3659915d9d3,data/processed_clean/test/building/test_building_8d5ad3659915d9d3_0.jpg,building,4,train,"[0.0, 0.0, 1.0, 0.9977876]",56ee96c552c494eb162d2ca9c7b04be3f7ecf5a1d7fe4d8d36176f735021e76d,1024,682
test_building_8ddd64314441cec3_5,8ddd64314441cec3,data/processed_clean/test/building/test_building_8ddd64314441cec3_5.jpg,building,4,train,"[0.0, 0.0, 0.9984375, 0.99791664]",d00610b2f443128e8e28c68610e7f4d0063cb4bbf17eb994ccf066c054320e9b,1024,768
test_building_8e446268d59d0c4f_30,8e446268d59d0c4f,data/processed_clean/test/building/test_building_8e446268d59d0c4f_30.jpg,building,4,train,"[0.0, 0.0, 0.76435935, 0.9358407]",bf3b59b8143d547f2fdad98ea21b3a1d56d5706ce99f40eebd5b8d9cb22057d6,845,682
test_building_915b3ebaad6f035c_1,915b3ebaad6f035c,data/processed_clean/test/building/test_building_915b3ebaad6f035c_1.jpg,building,4,train,"[0.06137184, 0.1299639, 0.92779782, 0.7960288999999999]",a809b845e71822c7f6c96217268619ed737bfef3f0c1c7aea33f64ef473c8c6f,1024,945
test_building_9258fdb5eaffb2c8_0,9258fdb5eaffb2c8,data/processed_clean/test/building/test_building_9258fdb5eaffb2c8_0.jpg,building,4,train,"[0.23893805, 0.022123894, 0.42330385000000004, 0.973451356]",f4b482cb800e8d1567c8a05395aff496787b317df2815d7baeedae099e5f93cb,503,683
test_building_9476544c4517a402_0,9476544c4517a402,data/processed_clean/test/building/test_building_9476544c4517a402_0.jpg,building,4,train,"[0.0, 0.0, 1.0, 1.0]",21724afdb7fb6a4602c2764a4dbfc5a4ebf9f33b75da71f06ef68ce031924ff2,1024,768
test_building_9481154f073a4120_0,9481154f073a4120,data/processed_clean/test/building/test_building_9481154f073a4120_0.jpg,building,4,train,"[0.025222551, 0.12967034, 0.8056380089999999, 0.64615386]",8727bf363da59ea1046454e0ce461ce3203eb219f718446233ab9c5c4a851d57,917,519
test_building_94f2d343d22f117d_0,94f2d343d22f117d,data/processed_clean/test/building/test_building_94f2d343d22f117d_0.jpg,building,4,train,"[0.078125, 0.035416666, 0.921875, 0.899999974]",928ea6bf74ae92a4c90eee5a0cab2e19c163f338d340aac676ae037161e53912,1020,768
test_building_95a2094bf37efb43_0,95a2094bf37efb43,data/processed_clean/test/building/test_building_95a2094bf37efb43_0.jpg,building,4,train,"[0.0, 0.0, 1.0, 0.8669623]",d603e15ebe3af9a8c5dc777729fde8715ee7ccd1aca83a3f4fe3607e78efe31a,1024,638
test_building_95ae20355b513e30_5,95ae20355b513e30,data/processed_clean/test/building/test_building_95ae20355b513e30_5.jpg,building,4,train,"[0.072271384, 0.03539823, 0.504424776, 0.2079646]",c0f24ab08e8ef750542233505535dc2ea18d2f54acfc07f3a7e1c5d2bf4ef941,599,165
test_building_98af1c09839f6964_0,98af1c09839f6964,data/processed_clean/test/building/test_building_98af1c09839f6964_0.jpg,building,4,train,"[0.0, 0.0, 1.0, 1.0]",6425abdd235dc9749f3322a70cd626b13288e33f35cb45adfbf49168dd97a846,1024,768
test_building_98bf7068df83992e_0,98bf7068df83992e,data/processed_clean/test/building/test_building_98bf7068df83992e_0.jpg,building,4,train,"[0.0, 0.0, 1.0, 1.0]",b8140f12298a3893c35c40fa5c39f8ca6cc0dd2f9fc36407e474b00554645cc8,575,1024
test_building_a0055f6d10d3b39d_2,a0055f6d10d3b39d,data/processed_clean/test/building/test_building_a0055f6d10d3b39d_2.jpg,building,4,train,"[0.8875, 0.5553236, 0.11250000000000004, 0.18997913999999994]",9ded735b7c749c6deddd167a9912d75d8dca27ff0497010109d36ebbdc125da6,124,169
test_building_a039e72dcc22d86a_0,a039e72dcc22d86a,data/processed_clean/test/building/test_building_a039e72dcc22d86a_0.jpg,building,4,train,"[0.096875, 0.0, 0.903125, 1.0]",30099c5efd83dc9cfd0385870e16c41d01bc6a3871f736044f3c030e96a056fc,999,768
test_building_a058c8c44fe935bc_0,a058c8c44fe935bc,data/processed_clean/test/building/test_building_a058c8c44fe935bc_0.jpg,building,4,train,"[0.0, 0.027083334, 1.0, 0.972916666]",de88485e5ce9179a70cb35abc457e43bea6f3f0b2c2ae06f65abc063b933a6ab,1024,768
test_building_a15bbd21642f4054_2,a15bbd21642f4054,data/processed_clean/test/building/test_building_a15bbd21642f4054_2.jpg,building,4,train,"[0.29646018, 0.6814159, 0.61651918, 0.31415935000000006]",c32330344390ccafa62970e9e09dc74b7cd3d622a8d69ea00571c47ebdf5bca1,732,235
test_building_a1df46be352a8232_2,a1df46be352a8232,data/processed_clean/test/building/test_building_a1df46be352a8232_2.jpg,building,4,train,"[0.029850746, 0.0, 0.967164194, 0.9585153]",a591b4c7f8cc54832bc9953a7d07db27f8ec10ca38b99176e77602a8e1992719,1024,700
test_building_a2405ebcabc875c0_0,a2405ebcabc875c0,data/processed_clean/test/building/test_building_a2405ebcabc875c0_0.jpg,building,4,train,"[0.0, 0.06458333, 1.0, 0.8562500200000001]",fcd91ebd96f3e3954c885567ff38336c4aca722e69cd6c3a31bc4226308ee72a,1024,760
test_building_a610b21a251ba8f9_0,a610b21a251ba8f9,data/processed_clean/test/building/test_building_a610b21a251ba8f9_0.jpg,building,4,train,"[0.0, 0.0, 1.0, 0.9977876]",8abe2d1c4172754231e8e07670149a1587cc62ccd7c9238d9a29677a33008e4b,1024,683
test_building_a7a2405407db7a98_0,a7a2405407db7a98,data/processed_clean/test/building/test_building_a7a2405407db7a98_0.jpg,building,4,train,"[0.20032051, 0.29531568, 0.44871792000000005, 0.30142562]",66b091a56867ce902fe3ed9c9273fa289b37e0ba56064b3f935e9c655f2319b9,533,281
test_building_a7ef7457330a942e_2,a7ef7457330a942e,data/processed_clean/test/building/test_building_a7ef7457330a942e_2.jpg,building,4,train,"[0.0, 0.58413464, 0.2777778, 0.40865379]",03257b9f8dcc24a46faaec7ad001d52241f802b33f07ecc6b5e6a026e492315d,307,259
test_building_aad349c745d04cc0_0,aad349c745d04cc0,data/processed_clean/test/building/test_building_aad349c745d04cc0_0.jpg,building,4,train,"[0.0, 0.055421688, 0.9986468, 0.631325312]",442b48539b664c7af12c998240bb49819739a64ca4dc36b497802257c45b20ae,1024,422
test_building_ac8d04c8f9e90b87_0,ac8d04c8f9e90b87,data/processed_clean/test/building/test_building_ac8d04c8f9e90b87_0.jpg,building,4,train,"[0.033923306, 0.057522126, 0.939527994, 0.820796474]",92eeb2b46cdec46681ecf18d23e82ead35d0414236ddea1434cb04908c9fa206,1024,644
test_building_acfdb9e6b03ec7ea_0,acfdb9e6b03ec7ea,data/processed_clean/test/building/test_building_acfdb9e6b03ec7ea_0.jpg,building,4,train,"[0.0, 0.11444653, 1.0, 0.88555347]",44328efe60b68ab5779decd6813608821f7df6152158a1330609dd4d44885593,1024,907
test_building_b0474091de9cf7bd_0,b0474091de9cf7bd,data/processed_clean/test/building/test_building_b0474091de9cf7bd_0.jpg,building,4,train,"[0.0, 0.0, 1.0, 1.0]",b281e28bc9c8f6d65481feeac75247b5fdffa910c493120d58afd5b85c36388b,1024,577
test_building_b053d81a235ed230_0,b053d81a235ed230,data/processed_clean/test/building/test_building_b053d81a235ed230_0.jpg,building,4,train,"[0.3546875, 0.0, 0.315625, 1.0]",e26522867eb8b198deb562db57546d3b09d3d441560d30665bd520bf2ed62396,375,768
test_building_b22ea9e0dc24dcec_0,b22ea9e0dc24dcec,data/processed_clean/test/building/test_building_b22ea9e0dc24dcec_0.jpg,building,4,train,"[0.0, 0.07933194, 1.0, 0.66179546]",8d20793ef72307cd4eef3be499d64d45fba36b03aaf5249655c352a2fcf81acf,1024,590
test_building_b280bcb6a8a14991_0,b280bcb6a8a14991,data/processed_clean/test/building/test_building_b280bcb6a8a14991_0.jpg,building,4,train,"[0.0, 0.11504425, 1.0, 0.7522123900000001]",21ce46030f77c3e26f29e2cbaf03784db4b67fdc510f646b78b8a25ef48040e0,1024,596
test_building_b2ab5f3d70954216_0,b2ab5f3d70954216,data/processed_clean/test/building/test_building_b2ab5f3d70954216_0.jpg,building,4,train,"[0.0, 0.0, 1.0, 0.5265487]",527e396cd674b6f7427b5601725e748f32b4f884dc7e1bba26a43993df1ad457,1024,389
test_building_b62808421b4755d2_1,b62808421b4755d2,data/processed_clean/test/building/test_building_b62808421b4755d2_1.jpg,building,4,train,"[0.26326963, 0.0015360983, 0.50530787, 0.9984639017]",cfa993795f7da9c956d6252f6a2d4ff3a01f90754e1accca818710b0ca29329a,434,1024
test_building_b774225427c9fcf5_0,b774225427c9fcf5,data/processed_clean/test/building/test_building_b774225427c9fcf5_0.jpg,building,4,train,"[0.11095101, 0.12669684, 0.8443803900000001, 0.66063346]",458db7ab4ffda494a32248493f529d3a78321db9dcd36179fcb0471acfe92551,980,501
test_building_b81bc3a1b37bf837_0,b81bc3a1b37bf837,data/processed_clean/test/building/test_building_b81bc3a1b37bf837_0.jpg,building,4,train,"[0.0, 0.0, 1.0, 1.0]",643f1eadc32c1081d852d49d736a83d4011c31b34c1a01d776cb94a4eebbc194,1024,768
test_building_b9b242a2f6a636e8_0,b9b242a2f6a636e8,data/processed_clean/test/building/test_building_b9b242a2f6a636e8_0.jpg,building,4,train,"[0.0, 0.0, 0.9985251, 0.99557525]",92755ab87d3dded084b134870b82c2657ababb60a69f70bc1972893a72a8145d,1024,683
test_building_b9fa102991add459_0,b9fa102991add459,data/processed_clean/test/building/test_building_b9fa102991add459_0.jpg,building,4,train,"[0.16076696, 0.042035397, 0.72566374, 0.856194703]",61b026a710a2e4bb8a5d8c6f4408b51ed45008d795b7629f2bc3416573818582,862,660
test_building_ba23e3fa4281230c_0,ba23e3fa4281230c,data/processed_clean/test/building/test_building_ba23e3fa4281230c_0.jpg,building,4,train,"[0.0, 0.0, 1.0, 0.92083335]",bcb28d99220be81bfe713aee7d338a29bff77e763849c155ea067f472e113b0a,1024,764
test_building_ba9911a4927c116d_0,ba9911a4927c116d,data/processed_clean/test/building/test_building_ba9911a4927c116d_0.jpg,building,4,train,"[0.06648199, 0.19058824, 0.93351801, 0.80941176]",e499105f5c5d502e35aa3bcf5afceca9d32f2ba6a715da12efb5c2464600ff0e,1024,527
test_building_bb344550466c5b2e_0,bb344550466c5b2e,data/processed_clean/test/building/test_building_bb344550466c5b2e_0.jpg,building,4,train,"[0.390625, 0.125, 0.60625, 0.44375]",a3a4b12827c049b6b0866c488e92cb837c8e474acef62f0076cb80cf904e6e2b,674,395
test_building_bc4581734da2b0b8_2,bc4581734da2b0b8,data/processed_clean/test/building/test_building_bc4581734da2b0b8_2.jpg,building,4,train,"[0.0, 0.28246012, 0.9756447, 0.47835991]",161c9421a5e33b5a02368da9f38f524a38cf9d752ae50f9318d2af6b448b6180,1024,358
test_building_bccda64db7029781_0,bccda64db7029781,data/processed_clean/test/building/test_building_bccda64db7029781_0.jpg,building,4,train,"[0.0, 0.25735295, 1.0, 0.53921568]",240c421bb89b771f39754e5cda45eb906576fc20ac92eb87e952760663971cbe,1024,347
test_building_bcf41daacc0db093_0,bcf41daacc0db093,data/processed_clean/test/building/test_building_bcf41daacc0db093_0.jpg,building,4,train,"[0.079166666, 0.0421875, 0.841666684, 0.7984374999999999]",d6e1ed87a13c247f4ca752951e9667501f3efdb7664b3a87ae59afc94474b45a,750,926
test_building_c3b5b9ff0bde5eca_0,c3b5b9ff0bde5eca,data/processed_clean/test/building/test_building_c3b5b9ff0bde5eca_0.jpg,building,4,train,"[0.0, 0.00625, 1.0, 0.7833333]",8d63f8715a4dd25e1f522d9aa576b4e6ef4f736df7247cac896fc97da13be2eb,1024,655
test_building_c47455f9347a153f_2,c47455f9347a153f,data/processed_clean/test/building/test_building_c47455f9347a153f_2.jpg,building,4,train,"[0.0, 0.0054151625, 1.0, 0.9747292375000001]",1146b3ee40c4859ab8c2d8f6bf9ee402f1c497ba9592f92ff383df5a39c6102e,1023,1024
test_building_c59491f80c26e632_0,c59491f80c26e632,data/processed_clean/test/building/test_building_c59491f80c26e632_0.jpg,building,4,train,"[0.0015625, 0.0020833334, 0.9984375, 0.9979166666]",985b0256c7f1232db7d7e13bfbefb853c2efab96f3b16735b6b8e0615d4b875e,1024,768
test_building_c6d1b9f2df4238d0_0,c6d1b9f2df4238d0,data/processed_clean/test/building/test_building_c6d1b9f2df4238d0_0.jpg,building,4,train,"[0.0, 0.0, 0.703125, 1.0]",b379e3e855da7287e291d22fbe547bb1bd053cfe870e26d54550de3c7a17eda3,778,768
test_building_c6d3f14512cfba0d_1,c6d3f14512cfba0d,data/processed_clean/test/building/test_building_c6d3f14512cfba0d_1.jpg,building,4,train,"[0.11231394, 0.0, 0.88768606, 0.7855422]",1f78a77109d3622d774afc29f28ce317cd8913276018dd2072ec6b21f65664d0,982,489
test_building_c6ef491818dafc5a_0,c6ef491818dafc5a,data/processed_clean/test/building/test_building_c6ef491818dafc5a_0.jpg,building,4,train,"[0.0, 0.0, 1.0, 1.0]",a4532200f239d3751064ee94eb2ce9f3566d9173d89d123f8f5c91262b727b24,768,1024
test_building_c8b07d21a569a821_0,c8b07d21a569a821,data/processed_clean/test/building/test_building_c8b07d21a569a821_0.jpg,building,4,train,"[0.0, 0.13519314, 1.0, 0.8025750600000001]",2fcee0b24fb923d5cd8f131c1fb611ac9a8b5c3c6ae7004956933c1f7e3deb6b,1024,674
test_building_cb627c6d1bb46107_0,cb627c6d1bb46107,data/processed_clean/test/building/test_building_cb627c6d1bb46107_0.jpg,building,4,train,"[0.0, 0.0, 1.0, 1.0]",aa51fc546cd3d8c399bc7b20169fdc8b3d81df0c3695d564d79f4c724fa962f8,1024,768
test_building_cb75d82c1258155a_0,cb75d82c1258155a,data/processed_clean/test/building/test_building_cb75d82c1258155a_0.jpg,building,4,train,"[0.09583333, 0.040625, 0.90416667, 0.959375]",d8b7faf3e8d23c9830ea937ae055b9023253a3c687796e4ce7a2cfd03ebf1bc1,750,1024
test_building_cc83d4aaa25c3d94_2,cc83d4aaa25c3d94,data/processed_clean/test/building/test_building_cc83d4aaa25c3d94_2.jpg,building,4,train,"[0.0, 0.5875, 0.9984375, 0.41041664]",5da46cc157b6ba013442e67917997e3e00df2f763d780fb675b0946109b68fd3,1024,342
test_building_ce03299b5ec9683d_0,ce03299b5ec9683d,data/processed_clean/test/building/test_building_ce03299b5ec9683d_0.jpg,building,4,train,"[0.0, 0.0, 0.9984375, 0.99791664]",a25837f85f1660b46d22e7d8455785859779fc0d3465ead77f87631c382e96fd,1024,768
test_building_d06383f5d79b5588_4,d06383f5d79b5588,data/processed_clean/test/building/test_building_d06383f5d79b5588_4.jpg,building,4,train,"[0.0, 0.0, 1.0, 0.98891354]",b09435a3ca6e021d6df0b932811d0401ad73a065d334c7f0da5641d146e3a149,1024,680
test_building_d1692c7d5b591f8f_0,d1692c7d5b591f8f,data/processed_clean/test/building/test_building_d1692c7d5b591f8f_0.jpg,building,4,train,"[0.0, 0.21841155, 0.93501806, 0.75270755]",ef77debc300f959b6cc565c9f8df81f88977c5935257991d170ce03e77435e58,1024,862
test_building_d30d07684d4a35cf_0,d30d07684d4a35cf,data/processed_clean/test/building/test_building_d30d07684d4a35cf_0.jpg,building,4,train,"[0.0, 0.07522124, 1.0, 0.92477876]",1038f82e024c69d9a41dcc44895e581e53e1b3975175a49266ecf7c4767009e0,683,1023
test_building_d4774bd9fe72fc36_0,d4774bd9fe72fc36,data/processed_clean/test/building/test_building_d4774bd9fe72fc36_0.jpg,building,4,train,"[0.0, 0.03761062, 1.0, 0.7566371799999999]",2db53d8a486481c168f06e7d9a5a36c22ffa05b62dceec3867b0be035b0eab32,1024,583
test_building_d6f8304e6b3038df_2,d6f8304e6b3038df,data/processed_clean/test/building/test_building_d6f8304e6b3038df_2.jpg,building,4,train,"[0.621875, 0.0, 0.3765625, 0.99791664]",fc45a65ff20851bb04a94fe2f67535704de0a534530aa557c3f4aac6da88cb0f,418,768
test_building_d97d4bcf2e6ce964_0,d97d4bcf2e6ce964,data/processed_clean/test/building/test_building_d97d4bcf2e6ce964_0.jpg,building,4,train,"[0.0, 0.7633333, 0.29, 0.23333336999999998]",52b9175fdd95cb96523f299abc539b6f309bebc51ef24244d05a06465d767c9d,321,196
test_building_d9b3c4b52587aa8a_1,d9b3c4b52587aa8a,data/processed_clean/test/building/test_building_d9b3c4b52587aa8a_1.jpg,building,4,train,"[0.0, 0.0022123894, 1.0, 0.7853982106]",93145b18a2bf4633cf4643ca2fcb4209be0daf25fe65121c40abb38258626939,1024,581
test_building_da9b01b4e96d3b3e_5,da9b01b4e96d3b3e,data/processed_clean/test/building/test_building_da9b01b4e96d3b3e_5.jpg,building,4,train,"[0.82608694, 0.11653543, 0.17184268999999996, 0.12125985]",f458b3861bf2cdf54efc30802f1bd31623c095dfe28b049e9d73768ee58cdb1b,146,144
test_building_da9f67ac2edf3cb7_4,da9f67ac2edf3cb7,data/processed_clean/test/building/test_building_da9f67ac2edf3cb7_4.jpg,building,4,train,"[0.0, 0.0, 1.0, 1.0]",aed4670ea997bdd9ca8cc273dac4b5a4526babc8ca20ef84fa66be919dc6787d,1024,682
test_building_dc8bd5389804c0ba_1,dc8bd5389804c0ba,data/processed_clean/test/building/test_building_dc8bd5389804c0ba_1.jpg,building,4,train,"[0.0, 0.0, 1.0, 0.9977827]",44a65d8d727bb44163ad1971bcec668d43e15e80230b0af4c39845a2377ad2cc,1024,681
test_building_dddcd5536775b345_0,dddcd5536775b345,data/processed_clean/test/building/test_building_dddcd5536775b345_0.jpg,building,4,train,"[0.0, 0.0, 1.0, 0.85542166]",81536f90df6f8b931d5ac4c18fcf3335f7703fd1bff28cd5cf05d71613df5bf5,1024,532
test_building_de2952a3dec61f5f_0,de2952a3dec61f5f,data/processed_clean/test/building/test_building_de2952a3dec61f5f_0.jpg,building,4,train,"[0.0, 0.3690773, 0.1124183, 0.5137157000000001]",cae75e4c52272eff9a8f0276e876c9151cef836e9c59370b2c34f5603db499c2,124,320
test_building_df7c7a232adefe58_1,df7c7a232adefe58,data/processed_clean/test/building/test_building_df7c7a232adefe58_1.jpg,building,4,train,"[0.46875, 0.0, 0.53125, 0.77916664]",da5d1bf2aba1942378599cd2efcdb0e0ddd938ddc7c4441a0b565f5a938292ff,588,646
test_building_e0168f98bc02af05_0,e0168f98bc02af05,data/processed_clean/test/building/test_building_e0168f98bc02af05_0.jpg,building,4,train,"[0.0014684288, 0.0, 0.9985315712, 0.9778271]",dd580fdcc9ec76a4a656ceb5404f9d756aa87fcf009aa572871f49dbefd0eb6f,1024,678
test_building_e020ef2ec2987312_0,e020ef2ec2987312,data/processed_clean/test/building/test_building_e020ef2ec2987312_0.jpg,building,4,train,"[0.0015625, 0.0, 0.9984375, 0.9749478]",d57d57102c659aaf2b9a6cf201ad98c2d043b1e89d1af3a119ac7684fd40fad4,1024,768
test_building_e099e128efc7a614_0,e099e128efc7a614,data/processed_clean/test/building/test_building_e099e128efc7a614_0.jpg,building,4,train,"[0.0, 0.06637168, 1.0, 0.93362832]",da2cad7a81bb6feb43cc1e76d56d9ae8fa7e9bbaba020f0f5b3021544f3eedd1,1024,683
test_building_e2abf0296456f123_1,e2abf0296456f123,data/processed_clean/test/building/test_building_e2abf0296456f123_1.jpg,building,4,train,"[0.0, 0.0, 0.5, 0.42291668]",1e1cb473ad5d41f2f467e75d087ed2b18734998a980b72071a3c8d93ca707d43,553,351
test_building_e41aa1d127ad32d3_16,e41aa1d127ad32d3,data/processed_clean/test/building/test_building_e41aa1d127ad32d3_16.jpg,building,4,train,"[0.0359375, 0.010416667, 0.9484375, 0.989583333]",3894155d4764de7732a77ced1745c48d8d7bce3b3299c01108ceb9f55cee8066,1024,768
test_building_e4f9026ac97f6bd4_0,e4f9026ac97f6bd4,data/processed_clean/test/building/test_building_e4f9026ac97f6bd4_0.jpg,building,4,train,"[0.003125, 0.0, 0.9046875, 0.12916666]",1d9c1907543e14401d377523f019d0c778911d2a6e33e72ad990077beaa803d7,1004,107
test_building_e506e19daf0b07b6_1,e506e19daf0b07b6,data/processed_clean/test/building/test_building_e506e19daf0b07b6_1.jpg,building,4,train,"[0.16986705, 0.3554084, 0.63220089, 0.5849888999999999]",679773150d52d716c94b020de35f400ec90a7ee8f261719e1bb89ae6e029a11c,751,465
test_building_e6153a2789711e18_0,e6153a2789711e18,data/processed_clean/test/building/test_building_e6153a2789711e18_0.jpg,building,4,train,"[0.0, 0.22692308, 0.99710983, 0.6923076800000001]",e87fdf842625998f101541201824399962a76296be42cd7430994212fe4fb545,1024,617
test_building_e66feeca30f56dfa_0,e66feeca30f56dfa,data/processed_clean/test/building/test_building_e66feeca30f56dfa_0.jpg,building,4,train,"[0.0, 0.0046875, 1.0, 0.9234375]",092ad815bca97b6afb87397954dfb54b5f9c3c0504ec9a55e873a1f88733b1dc,768,1024
test_building_e7872af5e0525486_0,e7872af5e0525486,data/processed_clean/test/building/test_building_e7872af5e0525486_0.jpg,building,4,train,"[0.0, 0.15521064, 0.9514706, 0.48337026]",fb59dfb69b321ee269101af2c19a574200262b1881984a7131b8bccd18ae72ed,1024,381
test_building_e7a81d6b4a91302b_0,e7a81d6b4a91302b,data/processed_clean/test/building/test_building_e7a81d6b4a91302b_0.jpg,building,4,train,"[0.0, 0.0, 1.0, 0.9166667]",e46c8a73a0d19e257f689a4bdf0a2faa611125163da7912cb250114d472062ed,1024,760
test_building_ed6a6b9d04889497_4,ed6a6b9d04889497,data/processed_clean/test/building/test_building_ed6a6b9d04889497_4.jpg,building,4,train,"[0.0, 0.0, 1.0, 1.0]",4424eff55e0621646fe1eb726511be678ed45beff1ca709b9927cd5f7281c3c5,1024,686
test_building_eeecfbeec85fac0d_0,eeecfbeec85fac0d,data/processed_clean/test/building/test_building_eeecfbeec85fac0d_0.jpg,building,4,train,"[0.0018050541, 0.0, 0.9981949459, 1.0]",8cc53e68af053de21d1698ceeda40c00db5d75c4b0f2b2626062651f10adf23b,1024,1024
test_building_efb5fc858d1ee8d8_0,efb5fc858d1ee8d8,data/processed_clean/test/building/test_building_efb5fc858d1ee8d8_0.jpg,building,4,train,"[0.0, 0.008333334, 1.0, 0.991666666]",59b2e81083eaccfae9bcd9f0457414574f64a9c2e068302ba916dd8af14a28c0,1024,768
test_building_f06c14a4d1b9ec75_0,f06c14a4d1b9ec75,data/processed_clean/test/building/test_building_f06c14a4d1b9ec75_0.jpg,building,4,train,"[0.9109375, 0.525, 0.08906250000000004, 0.31458334]",78bac8facf853a2655e8873d0eefd2f91fc5891bd09e42b7526f1147dc1ace34,98,280
test_building_f09000a451662897_2,f09000a451662897,data/processed_clean/test/building/test_building_f09000a451662897_2.jpg,building,4,train,"[0.24333334, 0.44, 0.38666666, 0.15555554]",b3633890f3189692129a4c97a49657702cbaee722911e6e9bfea481087981a33,460,139
test_building_f0dfd9923f53505d_1,f0dfd9923f53505d,data/processed_clean/test/building/test_building_f0dfd9923f53505d_1.jpg,building,4,train,"[0.03982301, 0.048672568, 0.90412979, 0.9203540020000001]",0b6536ff084f59b268f6de4a8f678618017447ae088d2169713c7ca6e9235c9c,1024,683
test_building_f245b954f98e03ba_0,f245b954f98e03ba,data/processed_clean/test/building/test_building_f245b954f98e03ba_0.jpg,building,4,train,"[0.0, 0.0, 1.0, 1.0]",ae157ea7c807d00614130a316886e7ce698e8412a64613d2f9bfd1f947566409,1024,768
test_building_f4aaf5bf56d1e8dc_0,f4aaf5bf56d1e8dc,data/processed_clean/test/building/test_building_f4aaf5bf56d1e8dc_0.jpg,building,4,train,"[0.0, 0.0, 1.0, 1.0]",6b30428241a0330aa4c20830866f54e5a1b20770aeb2b4d0f66c9d455ff57af7,1024,681
test_building_f5d88929d55a1645_1,f5d88929d55a1645,data/processed_clean/test/building/test_building_f5d88929d55a1645_1.jpg,building,4,train,"[0.25697502, 0.11111111, 0.74302498, 0.8088888900000001]",bf9572e2e4fd3c35e4f325a89246b6e095af278446e8a290c0a9bb512a289064,822,637
test_building_fc52bbfc79df4bb9_2,fc52bbfc79df4bb9,data/processed_clean/test/building/test_building_fc52bbfc79df4bb9_2.jpg,building,4,train,"[0.575, 0.23958333, 0.34843750000000007, 0.57291667]",caed1eef785af0bb5bf4abb3cbf6dd35b9446fce9a2081872caee9a2df58ec70,414,510
test_building_fd23ae1429f5b74e_0,fd23ae1429f5b74e,data/processed_clean/test/building/test_building_fd23ae1429f5b74e_0.jpg,building,4,train,"[0.0, 0.09583333, 1.0, 0.7395833700000001]",d9289e046fae55a10b220cf6347eecb802d72bc49f0e7fe8f401f14b6441a6d9,1024,659
test_building_fd5a4fec1c1de08a_0,fd5a4fec1c1de08a,data/processed_clean/test/building/test_building_fd5a4fec1c1de08a_0.jpg,building,4,train,"[0.2859375, 0.26666668, 0.44375000000000003, 0.55625002]",44dc147cbc18a82224aebe5e438c686014e6a8fbd7d1823a3d4e134933198c78,528,495
test_building_ff293cfe0b44b882_0,ff293cfe0b44b882,data/processed_clean/test/building/test_building_ff293cfe0b44b882_0.jpg,building,4,train,"[0.0, 0.26875, 1.0, 0.5604166500000001]",2658c58e207398e62dde6b53999b2c9dd773dba369ff1a7fc5a81e42eec2ae93,1024,499
validation_building_00f3dbbbf5bdf2cf_1,00f3dbbbf5bdf2cf,data/processed_clean/validation/building/validation_building_00f3dbbbf5bdf2cf_1.jpg,building,4,train,"[0.0, 0.1732852, 1.0, 0.8267148]",e2cba75e9a885a9ce56f0efc3b4eeffa12f46f1f6288eb1b4e41769e904e3c7f,768,686
validation_building_00f695485d605b32_2,00f695485d605b32,data/processed_clean/validation/building/validation_building_00f695485d605b32_2.jpg,building,4,train,"[0.0, 0.0, 1.0, 0.79791665]",a553078cd5e91e57c5439e9eecb016d6c48fce512a9c2f43969245377fcdf05a,1024,662
validation_building_02fdb72974ad9fab_0,02fdb72974ad9fab,data/processed_clean/validation/building/validation_building_02fdb72974ad9fab_0.jpg,building,4,train,"[0.0, 0.0, 0.9985251, 0.99557525]",58e3a4062c50d539fcdf1f0fff415fc9c31e62fbfdfb5194e65dc6e3977c6579,1024,683
validation_building_0535b3c483b47a2b_0,0535b3c483b47a2b,data/processed_clean/validation/building/validation_building_0535b3c483b47a2b_0.jpg,building,4,train,"[0.0, 0.0, 1.0, 1.0]",d72aaea5e89778721e3f0f61db3182415a6f409dafba64a97f84297c2c0c28a2,1024,768
validation_building_0621a9f83d058188_0,0621a9f83d058188,data/processed_clean/validation/building/validation_building_0621a9f83d058188_0.jpg,building,4,train,"[0.0, 0.0, 1.0, 1.0]",f63016ff937f2df4d9bc7ad5cc179d3be18428fbb2ccd6235d7ed48ffe1cb878,768,1024
validation_building_062fdf17c3f8bd80_13,062fdf17c3f8bd80,data/processed_clean/validation/building/validation_building_062fdf17c3f8bd80_13.jpg,building,4,train,"[0.778125, 0.49166667, 0.12812500000000004, 0.18333333000000007]",ad8fb93d851c8cd70754ab0a8eeab0f14cddef09e0618ccbaf9c5a810ac8e96c,152,164
validation_building_063e31f11b35dd98_0,063e31f11b35dd98,data/processed_clean/validation/building/validation_building_063e31f11b35dd98_0.jpg,building,4,train,"[0.0, 0.0, 1.0, 0.3561947]",755d093f55f8dcf7f6e9d44f216bdab13bcb356045d5f61667037cc67eb9a286,1024,263
validation_building_068e474ba9f4786c_0,068e474ba9f4786c,data/processed_clean/validation/building/validation_building_068e474ba9f4786c_0.jpg,building,4,train,"[0.0, 0.0, 1.0, 1.0]",2dabdfc8d95f85f747d26a432c4422c5019bd57a24ca254386e8332a0aed1eb1,1024,683
validation_building_0764be50b9ef5f25_9,0764be50b9ef5f25,data/processed_clean/validation/building/validation_building_0764be50b9ef5f25_9.jpg,building,4,train,"[0.07968128, 0.07616708, 0.86454182, 0.76412776]",dee0f1d00a6698a1873e78e8c0cbcefab24375bfe02f79c639ef8f4cb092753d,1013,492
validation_building_0ba133e5d7ae9ccd_0,0ba133e5d7ae9ccd,data/processed_clean/validation/building/validation_building_0ba133e5d7ae9ccd_0.jpg,building,4,train,"[0.0, 0.0, 1.0, 1.0]",e8f60827e375f8b6ffb0a5ef0f790377ea64dcbb6c2a9f2c9928ffc37f1e7f6a,1024,683
validation_building_0c5458ea3583233b_0,0c5458ea3583233b,data/processed_clean/validation/building/validation_building_0c5458ea3583233b_0.jpg,building,4,train,"[0.0, 0.0, 0.9985735, 0.9977169]",c4f3e335c882b1ec77aef9c42321c68279b653c324f03917a9aff21d41c71197,1024,640
validation_building_0ca4cd34574b30be_8,0ca4cd34574b30be,data/processed_clean/validation/building/validation_building_0ca4cd34574b30be_8.jpg,building,4,train,"[0.0, 0.0, 1.0, 1.0]",4fe5f88dd9c8f069c307a15e0a1cc202406886b091df52e03f5c2c5e72320326,1024,768
validation_building_0ce960b8d36cc629_0,0ce960b8d36cc629,data/processed_clean/validation/building/validation_building_0ce960b8d36cc629_0.jpg,building,4,train,"[0.0, 0.0, 1.0, 1.0]",0c640680469a13578f0fe581bbdf7b4bdebde754f66cf6e86e325fe475f0e822,528,1024
validation_building_0df49be355be1f96_0,0df49be355be1f96,data/processed_clean/validation/building/validation_building_0df49be355be1f96_0.jpg,building,4,train,"[0.0, 0.0, 1.0, 1.0]",ac47697d9176065bbc322cc8613a54c0cffaace6ee5da5985eb20fabfcfc31fa,681,1024
validation_building_0e03bf631195f4c0_0,0e03bf631195f4c0,data/processed_clean/validation/building/validation_building_0e03bf631195f4c0_0.jpg,building,4,train,"[0.0, 0.15044248, 0.99262536, 0.8141592799999999]",809a1dfdee4bd62bae862e9bdc01ad5c46bc905951903489b193ed9f6de90ed1,1024,625
validation_building_10a8197a3cf39567_2,10a8197a3cf39567,data/processed_clean/validation/building/validation_building_10a8197a3cf39567_2.jpg,building,4,train,"[0.63125, 0.27083334, 0.25, 0.27708331]",9a477907ab2f4a46a57fd293aae4bff66a2fbf0b771fa86d32f3fb3a36b0af1a,297,247
validation_building_113d863233141f69_0,113d863233141f69,data/processed_clean/validation/building/validation_building_113d863233141f69_0.jpg,building,4,train,"[0.0328125, 0.029166667, 0.9671875, 0.870833333]",6a132d1eb3d93800f96e814197d87ca6ab532a4f6e15bc26c461d543e2e93da4,1024,745
validation_building_1169459efc6170b0_1,1169459efc6170b0,data/processed_clean/validation/building/validation_building_1169459efc6170b0_1.jpg,building,4,train,"[0.0703125, 0.09166667, 0.7703125, 0.7916666299999999]",f4fd499f0d1f2ef2fe444e8394acdc1aaef95e2de076e166d5c95d9fd6a36bd0,915,705
validation_building_116b11d42594defd_0,116b11d42594defd,data/processed_clean/validation/building/validation_building_116b11d42594defd_0.jpg,building,4,train,"[0.0, 0.0, 1.0, 0.9265625]",214654ee04cfbc0559e3391829b5abced4aabe3fa4fad8a3250a1eef4084f975,768,1024
validation_building_13f20b706bfe7f41_0,13f20b706bfe7f41,data/processed_clean/validation/building/validation_building_13f20b706bfe7f41_0.jpg,building,4,train,"[0.0, 0.0, 1.0, 1.0]",b210e4c7e24fe1d90a73a415b75a36e86853edf45c801037223cb7b11725e126,1024,683
validation_building_16cbb5698a976f3d_0,16cbb5698a976f3d,data/processed_clean/validation/building/validation_building_16cbb5698a976f3d_0.jpg,building,4,train,"[0.0, 0.13421829, 1.0, 0.8643068100000001]",e39ad2e304f7bfa0fd39f778802b6400daa522de638209f4a8eba1ea16a9760a,683,957
validation_building_1777256e995e1ec6_1,1777256e995e1ec6,data/processed_clean/validation/building/validation_building_1777256e995e1ec6_1.jpg,building,4,train,"[0.0029498525, 0.0044247787, 0.9941003174999999, 0.9911504713]",68d023f8334ac270be47890c35d16e6d0bfac1984b629e2aa449a6dad4fe52fb,1024,683
validation_building_17fdf4171ecfeb17_0,17fdf4171ecfeb17,data/processed_clean/validation/building/validation_building_17fdf4171ecfeb17_0.jpg,building,4,train,"[0.009375, 0.008333334, 0.9874999999999999, 0.987500006]",f50dd31af89118ee99a86ac7f92101c62e1a60847af2ef9d01d13447e0759856,1024,768
validation_building_181c08b70d6f0421_0,181c08b70d6f0421,data/processed_clean/validation/building/validation_building_181c08b70d6f0421_0.jpg,building,4,train,"[0.0, 0.123689726, 1.0, 0.7756813739999999]",b6db9c75e512fdd4a7d2cc0838bfba40ce8d84723572be393f5a385a092e7fca,1024,686
validation_building_1c2d73cc0a69011e_0,1c2d73cc0a69011e,data/processed_clean/validation/building/validation_building_1c2d73cc0a69011e_0.jpg,building,4,train,"[0.0, 0.030660378, 1.0, 0.808962222]",b419d8a599a8ea10a897f3f074bd163465e7af3b23990f3d15103bddac8c3418,1024,544
validation_building_1cc64f607cfa8b9e_0,1cc64f607cfa8b9e,data/processed_clean/validation/building/validation_building_1cc64f607cfa8b9e_0.jpg,building,4,train,"[0.0, 0.057142857, 1.0, 0.810989043]",a19f953c254f954ed9759604e2f6e13a18d8fa8cff477d09a9eba570c869c87d,1024,645
validation_building_208b5dac144c51b6_3,208b5dac144c51b6,data/processed_clean/validation/building/validation_building_208b5dac144c51b6_3.jpg,building,4,train,"[0.18584071, 0.0, 0.55752213, 1.0]",3db24336866bac1b19051b0fa56d40bcea366035ea67b29eb05c82d59752b103,662,683
validation_building_2242a8f866a6c2b4_0,2242a8f866a6c2b4,data/processed_clean/validation/building/validation_building_2242a8f866a6c2b4_0.jpg,building,4,train,"[0.0, 0.114583336, 0.9984375, 0.564583364]",e60a00132d999ad40bfa0e13578515d016562e2f4aec383b93ddbc206e896baf,1024,503
validation_building_236bfb9d94aa652f_2,236bfb9d94aa652f,data/processed_clean/validation/building/validation_building_236bfb9d94aa652f_2.jpg,building,4,train,"[0.0, 0.07083333, 0.2875, 0.92500001]",e81b6a5fe49cff4bd7d0989f41fe4f9b3d90eafa64efc0a3f2e609d5528f258a,318,768
validation_building_250e3e9a5ae8db4e_0,250e3e9a5ae8db4e,data/processed_clean/validation/building/validation_building_250e3e9a5ae8db4e_0.jpg,building,4,train,"[0.0015625, 0.12526096, 0.9984375, 0.5970772400000001]",00c24589e3603e138a941d0e57881b3c8a885518b45d726097ac8a177b3c0c95,1024,531
validation_building_269191f83be6c348_1,269191f83be6c348,data/processed_clean/validation/building/validation_building_269191f83be6c348_1.jpg,building,4,train,"[0.0, 0.0, 1.0, 0.86283183]",05ea9f795e9f82d7045e53c9880b8a47483892661abfb913151544645408d482,1024,636
validation_building_27a2bfe7924afa55_6,27a2bfe7924afa55,data/processed_clean/validation/building/validation_building_27a2bfe7924afa55_6.jpg,building,4,train,"[0.925, 0.19166666, 0.07343749999999993, 0.3125]",88c8ebb219b7109d05b8c4aedc8f05aeeb12d3724942904bedf9297c0d33ffdd,83,278
validation_building_2a7f61a074483cb0_1,2a7f61a074483cb0,data/processed_clean/validation/building/validation_building_2a7f61a074483cb0_1.jpg,building,4,train,"[0.0, 0.2125, 1.0, 0.4354167]",d43f7ab62cc8525b063ea2ddbe1263e0e9e246b442845a15ff18429b0939f398,1024,388
validation_building_2b5c3b47184f6dd7_1,2b5c3b47184f6dd7,data/processed_clean/validation/building/validation_building_2b5c3b47184f6dd7_1.jpg,building,4,train,"[0.4778761, 0.22123894, 0.22123894, 0.15044248]",db3fb2c742c410fbb1a734159f5f16cafeff6b5b203b6b58c9d3e36606e52d29,263,119
validation_building_2b80865bd4c36021_0,2b80865bd4c36021,data/processed_clean/validation/building/validation_building_2b80865bd4c36021_0.jpg,building,4,train,"[0.0, 0.038554218, 1.0, 0.556626532]",2baab0f27b01a2010f40122d7d80d2bdfea4cb1822dd13cff45c76d99f85bed2,1024,368
validation_building_2e76f898849db00d_0,2e76f898849db00d,data/processed_clean/validation/building/validation_building_2e76f898849db00d_0.jpg,building,4,train,"[0.0, 0.0, 1.0, 1.0]",d65d41900a06608b36b3c8cfd59a921f67cb22e3c5344213d4a636229f8951f0,1024,765
validation_building_2f3e2cb599c43075_0,2f3e2cb599c43075,data/processed_clean/validation/building/validation_building_2f3e2cb599c43075_0.jpg,building,4,train,"[0.525, 0.13958333, 0.453125, 0.25625001]",28202d931e69ea08a5f57f3bc20282daaf487318197ee2521d4c59720a9b29ac,524,229
validation_building_3345a69be733d5f2_0,3345a69be733d5f2,data/processed_clean/validation/building/validation_building_3345a69be733d5f2_0.jpg,building,4,train,"[0.035548687, 0.0, 0.964451313, 1.0]",816406bcfea9551a95d262395f2406e3fcd6b555dc5d07d446c6fd449c2bcc98,1024,750
validation_building_340e269f4784c396_0,340e269f4784c396,data/processed_clean/validation/building/validation_building_340e269f4784c396_0.jpg,building,4,train,"[0.0, 0.0, 1.0, 1.0]",9d9466a53eb3489d8a807c643e7939bf3b3c8aa6eb3639831c3969fe0d037413,1024,683
validation_building_3433744e16c23580_0,3433744e16c23580,data/processed_clean/validation/building/validation_building_3433744e16c23580_0.jpg,building,4,train,"[0.071875, 0.010416667, 0.928125, 0.989583333]",0c7d72f53abf600bff80329af43b8ff810a804e06f9ba5b38b7d9611db581379,1024,768
validation_building_3476c411e42d86cf_4,3476c411e42d86cf,data/processed_clean/validation/building/validation_building_3476c411e42d86cf_4.jpg,building,4,train,"[0.0, 0.0, 1.0, 1.0]",74d3cbf313da005c7f1248ecb46b95b28e6462a67d548c8bc10b57896b9fe576,1024,768
validation_building_351b5737a1ab2885_10,351b5737a1ab2885,data/processed_clean/validation/building/validation_building_351b5737a1ab2885_10.jpg,building,4,train,"[0.0, 0.0, 1.0, 0.5221239]",b50f232424b92fc0198415f6797fcaad65fbaea2a98e0f46bab46be7fca7d45a,1024,385
validation_building_38d60954765f7b4f_2,38d60954765f7b4f,data/processed_clean/validation/building/validation_building_38d60954765f7b4f_2.jpg,building,4,train,"[0.63274336, 0.0, 0.36725664, 0.47123894]",6e042e3094c110a14114fac00e45146c0adac1970777d76bcf223ff33770abca,406,348
validation_building_398447093423a34d_0,398447093423a34d,data/processed_clean/validation/building/validation_building_398447093423a34d_0.jpg,building,4,train,"[0.0, 0.0, 1.0, 0.87637967]",91f3c5a1176d7c9ef860ce2c87690baed9a13bf75a8204ba68489bcf8300dba5,1024,649
validation_building_3b7f4c0f1d1838f5_0,3b7f4c0f1d1838f5,data/processed_clean/validation/building/validation_building_3b7f4c0f1d1838f5_0.jpg,building,4,train,"[0.0, 0.0, 1.0, 1.0]",1cef8cc35edae1f5677093b20640c6ee27e734374e623dc023aac433c2f54029,1024,716
validation_building_3ca305f0d6d5fabe_0,3ca305f0d6d5fabe,data/processed_clean/validation/building/validation_building_3ca305f0d6d5fabe_0.jpg,building,4,train,"[0.8117647, 0.124168515, 0.1882353, 0.37694013500000007]",1f22016af866cf951a3bc551d5c35cb14f75afcab2969afcb57a702dd0c7ad74,208,297
validation_building_3eabe237651f6bf7_0,3eabe237651f6bf7,data/processed_clean/validation/building/validation_building_3eabe237651f6bf7_0.jpg,building,4,train,"[0.0, 0.0, 1.0, 1.0]",5debeba11f676a57c3cf6aee9dacf05a854a8649885091693213b590b26f008a,1024,797
validation_building_3f7d5b7ffa990565_0,3f7d5b7ffa990565,data/processed_clean/validation/building/validation_building_3f7d5b7ffa990565_0.jpg,building,4,train,"[0.0, 0.0, 0.9671875, 0.74375]",05c7c4a490a6c8b6fdbb12f51bd2ae291b00b82a9f2fb818d62846922c413493,1024,617
validation_building_3fb69da2444aa5be_2,3fb69da2444aa5be,data/processed_clean/validation/building/validation_building_3fb69da2444aa5be_2.jpg,building,4,train,"[0.120588236, 0.08869179, 0.7970588239999999, 0.6917960099999999]",e5939304acbe349771af290fa471e6e675178bc2c75d1d7693a8bb71b3f80a75,947,545
validation_building_4037daacf65afd17_1,4037daacf65afd17,data/processed_clean/validation/building/validation_building_4037daacf65afd17_1.jpg,building,4,train,"[0.0, 0.011257036, 1.0, 0.9793620639999999]",301aab45e2a5fdc40464263471191d0339ff1eb24c0ef51f0f86a33cb435b5ac,768,1024
validation_building_4262ed4710f517ef_0,4262ed4710f517ef,data/processed_clean/validation/building/validation_building_4262ed4710f517ef_0.jpg,building,4,train,"[0.0, 0.072916664, 1.0, 0.927083336]",f8b38378422cdf45891e1fe846f4c3834e1a3744c4ad05c3dbe5aef1c39e83c9,1024,768
validation_building_44ae2d5cefae885c_2,44ae2d5cefae885c,data/processed_clean/validation/building/validation_building_44ae2d5cefae885c_2.jpg,building,4,train,"[0.3048601, 0.69690263, 0.6332842000000001, 0.17920356999999998]",8104ff546b385a00a3bc3b85ce155502309d6c2d8fde51af6a9ac2f55acc3c41,753,141
validation_building_47e2eede12b35875_3,47e2eede12b35875,data/processed_clean/validation/building/validation_building_47e2eede12b35875_3.jpg,building,4,train,"[0.6637168, 0.0, 0.33480830000000006, 0.99557525]",615dfed9c43c42db0fc9b6baada9ab7f6fc0dab695781fef02c739a2e173ac8b,372,683
validation_building_482f9d5a592240c0_0,482f9d5a592240c0,data/processed_clean/validation/building/validation_building_482f9d5a592240c0_0.jpg,building,4,train,"[0.0, 0.07083333, 1.0, 0.92916667]",4fdbb5a2f00a3150fc599d7301e48342f051e26d245baf9e22d3f1a0c3dcb14a,1024,768
validation_building_4c6ba17aed57ddab_0,4c6ba17aed57ddab,data/processed_clean/validation/building/validation_building_4c6ba17aed57ddab_0.jpg,building,4,train,"[0.0, 0.0, 0.9977876, 0.9985251]",ca98d07ab45d3eab53aa3f32205a44f8166b87aa995d3fe048b0014b4c6d905c,683,1024
validation_building_4d5395f6d0aca59f_0,4d5395f6d0aca59f,data/processed_clean/validation/building/validation_building_4d5395f6d0aca59f_0.jpg,building,4,train,"[0.0, 0.08958333, 0.9453125, 0.9083333100000001]",625971aab96b6b3ad18afca3d1a393a41cfe45fd3808db4de044b9b891cdd9f3,1024,755
validation_building_4eb2d5eda933a95c_0,4eb2d5eda933a95c,data/processed_clean/validation/building/validation_building_4eb2d5eda933a95c_0.jpg,building,4,train,"[0.0, 0.057522126, 0.81120944, 0.942477874]",e47013d47bdba69f521e4fdecd4e96da015fff18f118dda7051c6a21c5885b32,897,683
validation_building_4f8085f1a9fc3bb7_5,4f8085f1a9fc3bb7,data/processed_clean/validation/building/validation_building_4f8085f1a9fc3bb7_5.jpg,building,4,train,"[0.32159266, 0.06595745, 0.6339969400000001, 0.75957445]",d71a1ce515e1d52a3e50c4871b1afd3ee3c676d1ec5888c67b32e8e7dbffe6d3,747,649
validation_building_53256f9aebf4db64_0,53256f9aebf4db64,data/processed_clean/validation/building/validation_building_53256f9aebf4db64_0.jpg,building,4,train,"[0.0, 0.0, 1.0, 1.0]",d473f6bd63d3e2ef2fc95431ea6c1bfa985a575f0925a9c3c59a2bd11b815dab,1024,768
validation_building_5339d7acea25b7ed_0,5339d7acea25b7ed,data/processed_clean/validation/building/validation_building_5339d7acea25b7ed_0.jpg,building,4,train,"[0.0, 0.0, 1.0, 1.0]",99068f655c21f91daf82bcbd9ee70fb7fe5c5a2e55f8bc22091b59a59ada5dde,768,1024
validation_building_534d5345916af701_6,534d5345916af701,data/processed_clean/validation/building/validation_building_534d5345916af701_6.jpg,building,4,train,"[0.8734375, 0.004166667, 0.125, 0.414583333]",6fc16518b4901899605153875a76f1d864cbd922690f76cbbe45e5210186d50c,140,347
validation_building_54623bd47ed6d1e9_0,54623bd47ed6d1e9,data/processed_clean/validation/building/validation_building_54623bd47ed6d1e9_0.jpg,building,4,train,"[0.0, 0.004415011, 1.0, 0.993377489]",358066b2e69ab858b180acac9f3e7416ec515402500b475b557ffc9cfa39f667,1024,685
validation_building_5476ddec2a1cf48e_0,5476ddec2a1cf48e,data/processed_clean/validation/building/validation_building_5476ddec2a1cf48e_0.jpg,building,4,train,"[0.0, 0.0, 0.9977827, 0.94264704]",cbf5df5dd33bb700b8d76bd27c1ad77e532f69ff4d749e234907585490188545,680,1024
validation_building_574332b069150a85_0,574332b069150a85,data/processed_clean/validation/building/validation_building_574332b069150a85_0.jpg,building,4,train,"[0.5171875, 0.4, 0.48124999999999996, 0.59791664]",1f9619df59e5aaa73dcedbdd819f4a0d1585617bc8ea9e2dbf23231568021b5a,534,498
validation_building_59543ec1a08c8966_0,59543ec1a08c8966,data/processed_clean/validation/building/validation_building_59543ec1a08c8966_0.jpg,building,4,train,"[0.0, 0.17683882, 1.0, 0.7183098800000001]",a9b66d3f68c861b11ca781891c3448f55937da6c136a58b58853fb2f161b90b2,768,853
validation_building_5a4201c24cd6374b_0,5a4201c24cd6374b,data/processed_clean/validation/building/validation_building_5a4201c24cd6374b_0.jpg,building,4,train,"[0.06, 0.14133333, 0.9079999999999999, 0.69333334]",322516c89d0203a96e6c77ba322daf5c251b1eea99574e527f6329553e4901a4,1024,618
validation_building_5a912acc5b557645_1,5a912acc5b557645,data/processed_clean/validation/building/validation_building_5a912acc5b557645_1.jpg,building,4,train,"[0.0, 0.060416665, 1.0, 0.881249995]",892da922dcc16f726a0000cb9a032821dc7f633b9c7ad7dcbb42e8fa67e3c90f,1024,768
validation_building_5aa2f593f4f1f496_0,5aa2f593f4f1f496,data/processed_clean/validation/building/validation_building_5aa2f593f4f1f496_0.jpg,building,4,train,"[0.0, 0.0, 1.0, 0.44842106]",b280032574d96ab0d41d173c2ab0258d0d295fc7636ccf16caf9947a3e99653c,1024,366
validation_building_5e60872abdc6c04e_0,5e60872abdc6c04e,data/processed_clean/validation/building/validation_building_5e60872abdc6c04e_0.jpg,building,4,train,"[0.2109375, 0.033333335, 0.6546875, 0.943749965]",2909b43920b23a7d28f508b7b454c4bb11b335384b449fb4151a5440eedbb19f,778,768
validation_building_5eccbb09f7ae7e44_0,5eccbb09f7ae7e44,data/processed_clean/validation/building/validation_building_5eccbb09f7ae7e44_0.jpg,building,4,train,"[0.0, 0.0, 1.0, 0.9977876]",082b4e65621d70639d869615cf7ff9d880b4da513caadaaab4d2ed254b0c9bbb,1024,683
validation_building_5fa4d9cf5cacb916_5,5fa4d9cf5cacb916,data/processed_clean/validation/building/validation_building_5fa4d9cf5cacb916_5.jpg,building,4,train,"[0.0, 0.123893805, 0.17083947, 0.234513275]",1fc004484e1bd2da2ea945f35bb5b7001888504d3caf053ba02a12e54d086bb7,189,185
validation_building_5fe2457188f8a9b4_1,5fe2457188f8a9b4,data/processed_clean/validation/building/validation_building_5fe2457188f8a9b4_1.jpg,building,4,train,"[0.321875, 0.014583333, 0.26249999999999996, 0.985416667]",f85d290027eb0a480090fc9c5a2b61bc3a0bb3d262c13ce927e8b439170f40cb,312,768
validation_building_6058e4ca71340d71_17,6058e4ca71340d71,data/processed_clean/validation/building/validation_building_6058e4ca71340d71_17.jpg,building,4,train,"[0.7263969, 0.4179357, 0.2716763, 0.15228429999999993]",a88f664824c4d09b0bdc90f9e67428d5c61d453c26d2bb5cf32ec651561cc965,265,181
validation_building_61d4fcd5661df03e_6,61d4fcd5661df03e,data/processed_clean/validation/building/validation_building_61d4fcd5661df03e_6.jpg,building,4,train,"[0.3525741, 0.037656903, 0.6053042, 0.730125547]",8bcf5db37a54c2006a12129e70f305ec87feb62b4169c3bfc693169bae09b9ea,713,631
validation_building_61fe4d72b966141e_0,61fe4d72b966141e,data/processed_clean/validation/building/validation_building_61fe4d72b966141e_0.jpg,building,4,train,"[0.0, 0.0, 1.0, 1.0]",583f30b60712a462f2865d1c62afa0f9e59e7ca138df15e06a76eb907f9a430c,683,1024
validation_building_62bb93bbd270dd9a_2,62bb93bbd270dd9a,data/processed_clean/validation/building/validation_building_62bb93bbd270dd9a_2.jpg,building,4,train,"[0.15486726, 0.0, 0.09144542, 0.52538633]",2755f0183ed04404e3df5ae6ef6f674de898ee0ca828c6a5a4181b4d68fdec3c,109,388
validation_building_63349b9e92aba1c4_0,63349b9e92aba1c4,data/processed_clean/validation/building/validation_building_63349b9e92aba1c4_0.jpg,building,4,train,"[0.0, 0.067669176, 0.8566667, 0.932330824]",c6447f8456f4635abbb5ff0a277735d5b203b8f95f349e74ae2f46b38763ac9c,947,681
validation_building_6884cc806a34f5f9_0,6884cc806a34f5f9,data/processed_clean/validation/building/validation_building_6884cc806a34f5f9_0.jpg,building,4,train,"[0.0, 0.0, 1.0, 1.0]",8f9d82131153607617afb0007bbff4f38674bf0c7ee14fa91d17a8fd2b2dd413,768,1024
validation_building_68a09f1be0075c67_0,68a09f1be0075c67,data/processed_clean/validation/building/validation_building_68a09f1be0075c67_0.jpg,building,4,train,"[0.028125, 0.0, 0.190625, 0.6375]",e45dd8ae36357874c068c9c8eb83018ecd3d1b0d2490d933fbf4c9bdfff50789,227,529
validation_building_692790a0a9a3c10e_1,692790a0a9a3c10e,data/processed_clean/validation/building/validation_building_692790a0a9a3c10e_1.jpg,building,4,train,"[0.0, 0.072916664, 1.0, 0.927083336]",b028e24c0b493a86f6ae321e7a14eed364e88a5625dbed873f428bcf2989faa2,1024,768
validation_building_6ba6e6afe9964a18_0,6ba6e6afe9964a18,data/processed_clean/validation/building/validation_building_6ba6e6afe9964a18_0.jpg,building,4,train,"[0.0, 0.0, 0.3879056, 0.49778762]",30532852d3e2dd72237d8ddd4945f935fcd12787f85ac47e90fb186aec0a1b60,429,367
validation_building_6c4378ec8a087d13_0,6c4378ec8a087d13,data/processed_clean/validation/building/validation_building_6c4378ec8a087d13_0.jpg,building,4,train,"[0.0, 0.0, 1.0, 1.0]",831e3778e3f2c56e70c6f119060f807a6d804cf3a73397af84272a98576141eb,1024,683
validation_building_6d57e6af3ceaa94b_0,6d57e6af3ceaa94b,data/processed_clean/validation/building/validation_building_6d57e6af3ceaa94b_0.jpg,building,4,train,"[0.01875, 0.0875, 0.98125, 0.86875]",0d7ec337745963c60b98361d62cf937eaa7cce37a2dffdded7b2c4b32a18ad69,1024,754
validation_building_6e0bd79b44facceb_0,6e0bd79b44facceb,data/processed_clean/validation/building/validation_building_6e0bd79b44facceb_0.jpg,building,4,train,"[0.0, 0.0, 1.0, 0.99759036]",2eabf778e1bb45334d5abc5acddff66544a5a68553d159734fb23c92cc9c00fd,1024,575
validation_building_6ed3e3ebe9a5fde5_0,6ed3e3ebe9a5fde5,data/processed_clean/validation/building/validation_building_6ed3e3ebe9a5fde5_0.jpg,building,4,train,"[0.0, 0.0022123894, 0.9985251, 0.9955752106]",d11da664ca848c4f4d7704c94cc68345eb420fe37f1f225fe022d2b481855638,1024,683
validation_building_6f3f5d36fa8793bc_0,6f3f5d36fa8793bc,data/processed_clean/validation/building/validation_building_6f3f5d36fa8793bc_0.jpg,building,4,train,"[0.271875, 0.13333334, 0.56875, 0.51666666]",1da8bca9baac1cc05a4ff49ac4411acf5fd7e5a8c145e961b72eb4e421d73590,675,460
validation_building_727d04bcd744222b_1,727d04bcd744222b,data/processed_clean/validation/building/validation_building_727d04bcd744222b_1.jpg,building,4,train,"[0.6814159, 0.0, 0.31858410000000004, 0.54646015]",101e7f79c7fd73acaa978febcad3e6e1f5bd520ccd3ec142a2663f204172b7fd,352,403
validation_building_7317f67e899d30d9_0,7317f67e899d30d9,data/processed_clean/validation/building/validation_building_7317f67e899d30d9_0.jpg,building,4,train,"[0.060382918, 0.23503326, 0.939617082, 0.52328159]",a998dd646fe6e17f75b5c8408b4ecd5dcf83256351e2409b6cd31d6b9fa90f1f,1024,413
validation_building_77766209ca95c988_0,77766209ca95c988,data/processed_clean/validation/building/validation_building_77766209ca95c988_0.jpg,building,4,train,"[0.0, 0.0, 1.0, 1.0]",42a56bc2a5bdfc798d08fdc46c24049a79aaeb7aa4abeacacf02b390322edd15,1024,768
validation_building_7aef8ea403408bdc_2,7aef8ea403408bdc,data/processed_clean/validation/building/validation_building_7aef8ea403408bdc_2.jpg,building,4,train,"[0.13333334, 0.3010204, 0.13999999999999999, 0.45918370000000003]",e91b2a77c10640ddad47fe7ba8330afb8f43054be27ef9c5e4d819c1c108cdc4,166,356
validation_building_7af9f1d7ce15fdaf_0,7af9f1d7ce15fdaf,data/processed_clean/validation/building/validation_building_7af9f1d7ce15fdaf_0.jpg,building,4,train,"[0.0, 0.0, 1.0, 1.0]",d2d1c18151cf74c152e686fd1c5550c6f67f5866f2b37a3c94503af4a3863312,1024,680
validation_building_7e4e6acb90e7a077_0,7e4e6acb90e7a077,data/processed_clean/validation/building/validation_building_7e4e6acb90e7a077_0.jpg,building,4,train,"[0.0, 0.2275574, 1.0, 0.2797495]",bc7d2501a6e5576357a1e3d2c5ea2518ca2539ee1dc35cebab63f5e9d323d0dc,1024,249
validation_building_816ee0e2e43a1002_1,816ee0e2e43a1002,data/processed_clean/validation/building/validation_building_816ee0e2e43a1002_1.jpg,building,4,train,"[0.2402496, 0.27824268, 0.28861157, 0.46025106]",5bfc7b13555012540aded833aa3e665b32295d0f4d1289b3c7ad3b004b809c41,343,408
validation_building_82dbc88ed48e47b8_0,82dbc88ed48e47b8,data/processed_clean/validation/building/validation_building_82dbc88ed48e47b8_0.jpg,building,4,train,"[0.5875, 0.2953125, 0.4125, 0.21406250000000004]",c9e54c5a0d6a2efd95e104be40ce4b2fa3885089d5482f44b5831fb60d366461,342,254
validation_building_84abec34f372cbd5_0,84abec34f372cbd5,data/processed_clean/validation/building/validation_building_84abec34f372cbd5_0.jpg,building,4,train,"[0.0, 0.121412806, 0.92909896, 0.587196494]",c4d671143d4448de841998afd4c9b4e00983364a85e5e6622687f6e598f94118,1024,467
validation_building_861dc0214aa5b5dc_3,861dc0214aa5b5dc,data/processed_clean/validation/building/validation_building_861dc0214aa5b5dc_3.jpg,building,4,train,"[0.83125, 0.058333334, 0.16718749999999993, 0.122916666]",1e99ba10385ca44dae0423cc1d784942b492d2dcd88fe89d1198c5993ff678cd,186,110
validation_building_86d26fe72a28de02_1,86d26fe72a28de02,data/processed_clean/validation/building/validation_building_86d26fe72a28de02_1.jpg,building,4,train,"[0.3681885, 0.13274336, 0.16936670000000004, 0.17920354000000002]",f2bf4be8f56a2ec69d32b628be0ea6220f3984b5be5834e8a52e374895ab6aa8,201,142
validation_building_89e78cb41035488a_0,89e78cb41035488a,data/processed_clean/validation/building/validation_building_89e78cb41035488a_0.jpg,building,4,train,"[0.0, 0.0, 1.0, 0.9479167]",89bcbd3671cec4cadf0a01073fd298242168f175588b4f001e7299876a5a5fac,1024,768
validation_building_8b3b38a86e5e23b9_0,8b3b38a86e5e23b9,data/processed_clean/validation/building/validation_building_8b3b38a86e5e23b9_0.jpg,building,4,train,"[0.0, 0.028023599, 0.88495576, 0.688790561]",d7b2df1e17574c2c1fe7e90f1464fe2a60c96982cce294903822b610372ca6cc,653,790
validation_building_8bc198ca0b0fa7b2_0,8bc198ca0b0fa7b2,data/processed_clean/validation/building/validation_building_8bc198ca0b0fa7b2_0.jpg,building,4,train,"[0.0, 0.3141593, 0.53687316, 0.3672566]",eaeec737d85490519a1824e49966162dd300c79521bf5c6bc43940f5e2bf2e49,594,290
validation_building_8c3a7ca22c0ac8d9_0,8c3a7ca22c0ac8d9,data/processed_clean/validation/building/validation_building_8c3a7ca22c0ac8d9_0.jpg,building,4,train,"[0.0, 0.0, 0.9984351, 0.49791667]",e72ad2b7aaedf9ad0bc83c965a296567cc75e2c34a5a7fe82fa105b9b84e88f3,1024,413
validation_building_8c9397cb1a3f4920_0,8c9397cb1a3f4920,data/processed_clean/validation/building/validation_building_8c9397cb1a3f4920_0.jpg,building,4,train,"[0.0, 0.29791668, 0.2609375, 0.35833332]",e72b1a5f3ba9c250e93b0dd8d5732dd370f5ff15eeb9e6c2714ec583e61bf33a,289,319
validation_building_8cda00f3b8e77296_1,8cda00f3b8e77296,data/processed_clean/validation/building/validation_building_8cda00f3b8e77296_1.jpg,building,4,train,"[0.1796875, 0.022916667, 0.8203125, 0.7270833329999999]",113277b250eb4d6aa66cf25bdc9d12ecc9d05536405b6ea7d986ebb9019c632c,907,621
validation_building_8dc99b138b0b8f4e_0,8dc99b138b0b8f4e,data/processed_clean/validation/building/validation_building_8dc99b138b0b8f4e_0.jpg,building,4,train,"[0.0, 0.022916667, 1.0, 0.9770833329999999]",220e2a03df52d1d84dcb3b5fe25c7d0012c1c6c50eda92e0e9040c296ef27a48,1024,768
validation_building_908142a214fb7f7a_0,908142a214fb7f7a,data/processed_clean/validation/building/validation_building_908142a214fb7f7a_0.jpg,building,4,train,"[0.0, 0.0, 1.0, 0.8125]",50e08c175491d3e02a516b0dcf97c6128b3274ee214ce4cf51423ce5b811cd4a,1024,674
validation_building_910deacd88c07245_2,910deacd88c07245,data/processed_clean/validation/building/validation_building_910deacd88c07245_2.jpg,building,4,train,"[0.1519537, 0.0472973, 0.8480463, 0.9324324]",4a641e2ea3a0d020c30f3a5372929a3991c73f572814756fe37543576356a38b,938,657
validation_building_92157226691247e1_0,92157226691247e1,data/processed_clean/validation/building/validation_building_92157226691247e1_0.jpg,building,4,train,"[0.19321534, 0.017699115, 0.8067846599999999, 0.800884985]",11f631be84183cd44fdf5261f7b7b7cd456d911e38f04c1f3c324797812d32cc,892,603
validation_building_92cf9a68582c8963_1,92cf9a68582c8963,data/processed_clean/validation/building/validation_building_92cf9a68582c8963_1.jpg,building,4,train,"[0.0, 0.25824177, 0.24909091, 0.10714283000000002]",edb3eefe7753f428c80dbac893a6f6cfe3c004d476e95a74b5fbd6a7a32c2103,275,85
validation_building_9580ffc0549819ea_0,9580ffc0549819ea,data/processed_clean/validation/building/validation_building_9580ffc0549819ea_0.jpg,building,4,train,"[0.0, 0.0, 0.9985316, 0.40576497]",1c38711c1119dc5ed9f045d1829c96645f0c54d20c43f6d8ffdb02d9b497f315,1024,297
validation_building_961ed4099789d6e4_0,961ed4099789d6e4,data/processed_clean/validation/building/validation_building_961ed4099789d6e4_0.jpg,building,4,train,"[0.0, 0.12708333, 0.665625, 0.30416667000000003]",6eabf564f3e1aa107ddf8bd167e8d87af8f1305defed8a0bbad5ed9a42c009f1,736,271
validation_building_9964bd1c9d62a304_0,9964bd1c9d62a304,data/processed_clean/validation/building/validation_building_9964bd1c9d62a304_0.jpg,building,4,train,"[0.0, 0.20612814, 0.9367682, 0.79387186]",1c3c10f06aea0e29c0fd41fbd89eff8e08442c5f70abff6e6ba3aa500df4061f,609,878
validation_building_9a713a0bf9f0b54a_2,9a713a0bf9f0b54a,data/processed_clean/validation/building/validation_building_9a713a0bf9f0b54a_2.jpg,building,4,train,"[0.67773676, 0.021220159, 0.31242313999999993, 0.9549071410000001]",5b3310184bdd969f87a04f7d5d07739e43c1c30e498d656489d786d023342c78,356,475
validation_building_9b5c1eaf3136be52_10,9b5c1eaf3136be52,data/processed_clean/validation/building/validation_building_9b5c1eaf3136be52_10.jpg,building,4,train,"[0.5138889, 0.24947146, 0.18364197000000004, 0.38477799]",0762bd708f1e27e1e0797a6fb93dba06d359bd892390d799689690acd95e0733,218,334
validation_building_9b8ea23f201cd401_4,9b8ea23f201cd401,data/processed_clean/validation/building/validation_building_9b8ea23f201cd401_4.jpg,building,4,train,"[0.0, 0.0, 1.0, 0.24780701]",4f07179c55c64da84e9962bba40beb0eb34bddde1e1b2bdd36249535945413d0,1024,186
validation_building_9dbe046034c11f47_0,9dbe046034c11f47,data/processed_clean/validation/building/validation_building_9dbe046034c11f47_0.jpg,building,4,train,"[0.0, 0.6184211, 0.99776787, 0.3801169000000001]",5d4ba08ad2ffba3f58b3d95c698404596bbd9f26b8475d314550e2110a31ff8b,671,422
validation_building_9f352072f3069833_0,9f352072f3069833,data/processed_clean/validation/building/validation_building_9f352072f3069833_0.jpg,building,4,train,"[0.0, 0.0, 0.16569768, 0.3483146]",7509a3e8dd9bd348051e607b49d86ca115232d106cdb277aea97a1c2e7724421,183,249
validation_building_a01cce41dbdb461c_0,a01cce41dbdb461c,data/processed_clean/validation/building/validation_building_a01cce41dbdb461c_0.jpg,building,4,train,"[0.0, 0.0, 1.0, 1.0]",36d70172a5fc428b1cb1d148989bf2d4f67cba99aff654499db8f91ad3f24b30,768,1024
validation_building_a085b7fe40032055_1,a085b7fe40032055,data/processed_clean/validation/building/validation_building_a085b7fe40032055_1.jpg,building,4,train,"[0.092920355, 0.12610619, 0.907079645, 0.67699118]",4d1a208b3606892b69cd5fef482875e98c4e3dceaaa7715d98f66d2cd1e12cd0,1003,537
validation_building_a09ff3a4b88d6f97_0,a09ff3a4b88d6f97,data/processed_clean/validation/building/validation_building_a09ff3a4b88d6f97_0.jpg,building,4,train,"[0.0, 0.0, 0.9984375, 1.0]",e842764eae05bbcb8f82b1b325913355a86abbfd39e5fe474dd25a8f0e12e15a,1024,768
validation_building_a16a08b532c78f9e_0,a16a08b532c78f9e,data/processed_clean/validation/building/validation_building_a16a08b532c78f9e_0.jpg,building,4,train,"[0.05625, 0.083333336, 0.378125, 0.6458333639999999]",287593356b28f671e4deec4bf24d788f7eb8d23de6697a5c504039a7eec484d1,449,576
validation_building_a2ed05b287933706_3,a2ed05b287933706,data/processed_clean/validation/building/validation_building_a2ed05b287933706_3.jpg,building,4,train,"[0.33726066, 0.62305987, 0.66126654, 0.37472283000000006]",dcc2345689adf1db302b8ce56cd4b3c88aceafe9e994ef0f3e917d63958f316a,733,277
validation_building_a77297d60fe46dee_2,a77297d60fe46dee,data/processed_clean/validation/building/validation_building_a77297d60fe46dee_2.jpg,building,4,train,"[0.4236025, 0.17060368, 0.23105589999999998, 0.33595801999999997]",8110e11fa0cd824c253cf1e241dbdea714612574f6874172bd09bdf5c351c385,274,189
validation_building_a888b38ff1b569df_0,a888b38ff1b569df,data/processed_clean/validation/building/validation_building_a888b38ff1b569df_0.jpg,building,4,train,"[0.0, 0.0, 1.0, 1.0]",8b96f50518eed5e174e4bef5d8852688cddf76268c5f64f833808b950a35fc95,1024,1024
validation_building_a8a98ab0887289ac_0,a8a98ab0887289ac,data/processed_clean/validation/building/validation_building_a8a98ab0887289ac_0.jpg,building,4,train,"[0.0, 0.21875, 1.0, 0.77916664]",c5d2f841c7caa53f16ed2afcce3f7643f4e1f6a91f90081674937b1cf861d59e,1024,648
validation_building_a8fbc65e302d32d2_0,a8fbc65e302d32d2,data/processed_clean/validation/building/validation_building_a8fbc65e302d32d2_0.jpg,building,4,train,"[0.0, 0.0, 0.99791664, 1.0]",492e6677c92955fac80b84e0053556dc393954a0392e8699a9a9af2790d0c1e0,768,1024
validation_building_aab357e262e78ca1_0,aab357e262e78ca1,data/processed_clean/validation/building/validation_building_aab357e262e78ca1_0.jpg,building,4,train,"[0.0, 0.0, 1.0, 0.6375]",33fe5f0913560131cfa213c217bcd1bb51da5f7b41993d4dc599f50f45749091,1024,529
validation_building_aac159cea43d7882_0,aac159cea43d7882,data/processed_clean/validation/building/validation_building_aac159cea43d7882_0.jpg,building,4,train,"[0.08541974, 0.19247788, 0.91310746, 0.74778762]",5f63d6be5136a11a8bb27984b459e68ba9003e7c593435ce5fe8963a92e28e35,1011,592
validation_building_ab05e8727d4a7e37_0,ab05e8727d4a7e37,data/processed_clean/validation/building/validation_building_ab05e8727d4a7e37_0.jpg,building,4,train,"[0.0, 0.09583333, 1.0, 0.7937500200000001]",9882de622378a2b514e8f2bd7ec82cc0f278063f9c71f3404de00c0be689df27,1024,707
validation_building_acec2fdf87b35371_4,acec2fdf87b35371,data/processed_clean/validation/building/validation_building_acec2fdf87b35371_4.jpg,building,4,train,"[0.4234375, 0.0, 0.47343749999999996, 0.48333332]",47f9998ba16ca132cf41bf86db00a4306e2d1fe897c3457c0725b31e15e482a5,562,401
validation_building_acff9c78f7679620_0,acff9c78f7679620,data/processed_clean/validation/building/validation_building_acff9c78f7679620_0.jpg,building,4,train,"[0.0, 0.0, 0.99557525, 0.6216814]",93d9de1b5ab54034396b53dfdf545c2c876b4640c3f170c8d2a04cb09c3c4bff,1024,459
validation_building_ad75e45e4b701b5c_0,ad75e45e4b701b5c,data/processed_clean/validation/building/validation_building_ad75e45e4b701b5c_0.jpg,building,4,train,"[0.070901036, 0.11479029, 0.878877404, 0.83885208]",5a873064878ecf6f6d76fcce68e7e517bde91d2197ab6ed6349aefca58eab7de,1023,653
validation_building_b07675174ac53703_0,b07675174ac53703,data/processed_clean/validation/building/validation_building_b07675174ac53703_0.jpg,building,4,train,"[0.27334234, 0.12771085, 0.42354536, 0.6216867500000001]",20d811f5430582e6f0bfa3d55089e5e4c8bb1d0c44f480255c1c7b967b53466e,503,415
validation_building_b0af79a54b859bdd_0,b0af79a54b859bdd,data/processed_clean/validation/building/validation_building_b0af79a54b859bdd_0.jpg,building,4,train,"[0.0, 0.0, 1.0, 0.75427353]",e6c355d32d8a1ef2b54efd2a7e5ea36b833d4dca9ea077ca2a5645caac259d6e,1024,596
validation_building_b0b3e4439376ee34_0,b0b3e4439376ee34,data/processed_clean/validation/building/validation_building_b0b3e4439376ee34_0.jpg,building,4,train,"[0.0, 0.0, 1.0, 0.91150445]",18d79b557449dcc380e180a0e61693835a30361c3a719636fcf3ee6c2bb39ba5,1024,672
validation_building_b0d789834babaea8_0,b0d789834babaea8,data/processed_clean/validation/building/validation_building_b0d789834babaea8_0.jpg,building,4,train,"[0.0, 0.0022172949, 1.0, 0.9977827051]",e23c2ea9a30a4a1c3c3fe7d86033ce06fec18b68a6cca1a2fc717df81fc0dc17,1024,681
validation_building_b15dd5bfa7c2a186_1,b15dd5bfa7c2a186,data/processed_clean/validation/building/validation_building_b15dd5bfa7c2a186_1.jpg,building,4,train,"[0.5, 0.0, 0.4981818, 0.997561]",b49d2e15c97fa088e4f0a929b918beb163e090451c327b6deda0e881251ec55c,553,763
validation_building_b1ff7163013af535_0,b1ff7163013af535,data/processed_clean/validation/building/validation_building_b1ff7163013af535_0.jpg,building,4,train,"[0.0, 0.05232558, 1.0, 0.94379842]",b3b9df1fcd01e0b1f6c9aa80a2e6d79c9ab4418b02e9c1aacef3053020af971f,1024,890
validation_building_b35ff9d02512c88a_0,b35ff9d02512c88a,data/processed_clean/validation/building/validation_building_b35ff9d02512c88a_0.jpg,building,4,train,"[0.1421875, 0.18333334, 0.8578125, 0.75833332]",ca8e7afce9cc3ecc76ddddead7285266e08bb1e75c964ed8d14f285617e2a6d5,949,674
validation_building_b4ac2364b7ff66b9_0,b4ac2364b7ff66b9,data/processed_clean/validation/building/validation_building_b4ac2364b7ff66b9_0.jpg,building,4,train,"[0.0, 0.25, 1.0, 0.7]",c5f256b68dcd6486ea9d6c97f9b618a8d3a3b63d3fdd5a0d48a10dcdd9b9be3a,1024,619
validation_building_b55bffd08442e0ed_0,b55bffd08442e0ed,data/processed_clean/validation/building/validation_building_b55bffd08442e0ed_0.jpg,building,4,train,"[0.0, 0.0147492625, 1.0, 0.9852507375]",263b92c2a78f6a3b85f10e610ccfcea6f1c129f1cd1fd637c693981498ae52ad,683,1024
validation_building_b56d899293e5b95a_2,b56d899293e5b95a,data/processed_clean/validation/building/validation_building_b56d899293e5b95a_2.jpg,building,4,train,"[0.12916666, 0.015625, 0.72708334, 0.984375]",2a83b7ba6bbcb3d3c054b747304d0399e8f150911fb8308b818d7a755e298209,647,1024
validation_building_b6bb746f227ce8c5_0,b6bb746f227ce8c5,data/processed_clean/validation/building/validation_building_b6bb746f227ce8c5_0.jpg,building,4,train,"[0.0, 0.00625, 1.0, 0.99375]",f5919fa7f7c42756045dc23a913afabb9fa7def81e740c16095fc5716d2c98bf,768,1024
validation_building_bbd13e041c42bb64_0,bbd13e041c42bb64,data/processed_clean/validation/building/validation_building_bbd13e041c42bb64_0.jpg,building,4,train,"[0.0, 0.0, 0.9984351, 0.99583334]",4f17d325da7fc8b1a18b6cf16fd15038cd454e4cf6961fb71bf4371df434a0b5,1024,768
validation_building_bc18be8d3bdf75cb_0,bc18be8d3bdf75cb,data/processed_clean/validation/building/validation_building_bc18be8d3bdf75cb_0.jpg,building,4,train,"[0.0, 0.033333335, 1.0, 0.966666665]",2917ffdc6bcbe26c55c88176ac33c760638b8f6dd4f3e6f371c7395b74e3ee20,1024,768
validation_building_bd12ea92bcab1afd_2,bd12ea92bcab1afd,data/processed_clean/validation/building/validation_building_bd12ea92bcab1afd_2.jpg,building,4,train,"[0.6765625, 0.0, 0.321875, 0.19166666]",0afea515d0c9db220843af9519b7fa40699fea72178b796e319c0aee99b560fa,358,159
validation_building_bd230b70361c436f_0,bd230b70361c436f,data/processed_clean/validation/building/validation_building_bd230b70361c436f_0.jpg,building,4,train,"[0.0015625, 0.114583336, 0.9984375, 0.787500004]",ca6037c4be00d04b885b0592be71fd7f412417067ee631352926c6501bb176cb,1024,701
validation_building_be445decf3070749_0,be445decf3070749,data/processed_clean/validation/building/validation_building_be445decf3070749_0.jpg,building,4,train,"[0.0, 0.0, 1.0, 1.0]",f846c602aba12de6c013c3f97e97361786b193b798616dbc5434c75e11f55b43,1024,765
validation_building_c4412bf89e38606f_0,c4412bf89e38606f,data/processed_clean/validation/building/validation_building_c4412bf89e38606f_0.jpg,building,4,train,"[0.0, 0.0, 1.0, 1.0]",40e1d845c2fabab86c498e3b08da6f2a829d7edde03ca60560c61d8279a76639,1024,768
validation_building_c628ee1f30a98899_0,c628ee1f30a98899,data/processed_clean/validation/building/validation_building_c628ee1f30a98899_0.jpg,building,4,train,"[0.0, 0.13541667, 1.0, 0.86458333]",0f408e1884161e216ca61f0db709a70a6a522996254049653c0bb6b3fbda46e4,1024,717
validation_building_c72e8433113af66f_0,c72e8433113af66f,data/processed_clean/validation/building/validation_building_c72e8433113af66f_0.jpg,building,4,train,"[0.0, 0.0, 1.0, 1.0]",0bd1469d69a8be0c45ea69f2fb3b1f20f7fa46136d6ac29d9401a834f6f2b269,1024,765
validation_building_c753acc98a2a3304_1,c753acc98a2a3304,data/processed_clean/validation/building/validation_building_c753acc98a2a3304_1.jpg,building,4,train,"[0.124076806, 0.1986755, 0.44903989400000005, 0.7218543]",ecddd7edf94462c76a94068acf91a2928f05a0fc005221c9623bcabb3b238338,534,573
validation_building_c88a97816591c7db_0,c88a97816591c7db,data/processed_clean/validation/building/validation_building_c88a97816591c7db_0.jpg,building,4,train,"[0.0, 0.0, 1.0, 1.0]",d0878ef06bdf7fc8e9d5d36d947075f6a77d1a7cba0f5a7cc79e3320543ee250,1024,768
validation_building_c95e0fd9c23b72ac_0,c95e0fd9c23b72ac,data/processed_clean/validation/building/validation_building_c95e0fd9c23b72ac_0.jpg,building,4,train,"[0.0, 0.0, 1.0, 1.0]",4398ee4b239ec563b8791cd5a3229625cf2643b29e88024f24ea9e4a43093e94,1024,768
validation_building_c9c7f104cc4e0d0e_0,c9c7f104cc4e0d0e,data/processed_clean/validation/building/validation_building_c9c7f104cc4e0d0e_0.jpg,building,4,train,"[0.0, 0.0, 1.0, 1.0]",7c509de6498d7ebedaf88bf4edd27a485a580c7144c78030aae0ff77469984f9,1024,768
validation_building_caa65480fb2f91ec_0,caa65480fb2f91ec,data/processed_clean/validation/building/validation_building_caa65480fb2f91ec_0.jpg,building,4,train,"[0.0, 0.0, 1.0, 0.6720554]",de037211db8d9db8f4726aad7e41f9996b6a830115707c591eb17d193de2b947,1024,454
validation_building_cd3e4e2cb3cc6520_2,cd3e4e2cb3cc6520,data/processed_clean/validation/building/validation_building_cd3e4e2cb3cc6520_2.jpg,building,4,train,"[0.07385524, 0.04415011, 0.77548006, 0.84768212]",7732eaf2914fcf78392d602f91f7abf961b0f855ea1e53e74b1f17ccbb19d87f,921,658
validation_building_cda4cd386daee090_1,cda4cd386daee090,data/processed_clean/validation/building/validation_building_cda4cd386daee090_1.jpg,building,4,train,"[0.16875, 0.0, 0.46249999999999997, 0.609375]",13fc76ced84b62ed3801a9d7a70f4de6b575b33db1fb2a8393604939d3007c1a,412,674
validation_building_cfe58b8f74ad38b7_1,cfe58b8f74ad38b7,data/processed_clean/validation/building/validation_building_cfe58b8f74ad38b7_1.jpg,building,4,train,"[0.0, 0.17699115, 0.35250738, 0.53539825]",3a93cd845c6b6cf9647214412ccbca976dc334b11f9964cf6c3b0e3dc63e6d75,390,424
validation_building_d285ce538e26da12_0,d285ce538e26da12,data/processed_clean/validation/building/validation_building_d285ce538e26da12_0.jpg,building,4,train,"[0.0, 0.022123894, 0.9985272, 0.973451356]",e0abcff0118a050bbd074ad2d955ae1806427ea537c8229138a65013ac8acd79,1024,681
validation_building_d2ad24aeff512afc_0,d2ad24aeff512afc,data/processed_clean/validation/building/validation_building_d2ad24aeff512afc_0.jpg,building,4,train,"[0.0, 0.5859375, 0.9916667, 0.13749999999999996]",14d695dded86f4b249b51de4a84fb83ecf7936f52dfcc47bccba35627ce0aede,768,163
validation_building_d3e09ec80d400a21_3,d3e09ec80d400a21,data/processed_clean/validation/building/validation_building_d3e09ec80d400a21_3.jpg,building,4,train,"[0.5383481, 0.055309735, 0.46017700000000006, 0.41371680499999997]",db4b2cebb0797e8448534c3877e79515c0087520c86d5796be0fd5679f0a06a4,510,328
validation_building_d4b64bf87ca0d34a_0,d4b64bf87ca0d34a,data/processed_clean/validation/building/validation_building_d4b64bf87ca0d34a_0.jpg,building,4,train,"[0.0, 0.114583336, 1.0, 0.843749964]",12939788820872d08d7cb1f9e94886e39012390201a75833ddebf3b5d4fd1905,1024,732
validation_building_d52dcf9650c2154c_0,d52dcf9650c2154c,data/processed_clean/validation/building/validation_building_d52dcf9650c2154c_0.jpg,building,4,train,"[0.0, 0.0, 1.0, 1.0]",9e758ea8617db2abb0b2b831a7c5afd90d3131e10ea0b285a5db9d402353ceca,1024,768
validation_building_d747a7f9d1fe1d2f_0,d747a7f9d1fe1d2f,data/processed_clean/validation/building/validation_building_d747a7f9d1fe1d2f_0.jpg,building,4,train,"[0.3, 0.2125, 0.42031250000000003, 0.17500000000000002]",3cf7cf722aa502fc1c8472b95b97a3b0949e4e82bb0932887992366d273e6bce,499,156
validation_building_d74fdc4b64b21978_1,d74fdc4b64b21978,data/processed_clean/validation/building/validation_building_d74fdc4b64b21978_1.jpg,building,4,train,"[0.0, 0.0, 0.9984399, 0.48225468]",cb61ee1b93f9d7e110b05a3c6f1fd3ca6a940b6ea548344d51a798c63254cce6,1024,398
validation_building_d7bf42f6b20e96c2_1,d7bf42f6b20e96c2,data/processed_clean/validation/building/validation_building_d7bf42f6b20e96c2_1.jpg,building,4,train,"[0.10449927, 0.015730336, 0.84325113, 0.930337064]",1e23ea3b3a901eac30a5cafc053ab93fcca09f2c1f3e2e4367961fcdad24380c,986,662
validation_building_d910076b406061dc_3,d910076b406061dc,data/processed_clean/validation/building/validation_building_d910076b406061dc_3.jpg,building,4,train,"[0.0, 0.14583333, 1.0, 0.73749997]",3d27e1d5abe2c329c778615bbe90f13d7602a6f664a751dab010b239a4738fc9,1024,657
validation_building_d9771d6601a26947_6,d9771d6601a26947,data/processed_clean/validation/building/validation_building_d9771d6601a26947_6.jpg,building,4,train,"[0.55081004, 0.0, 0.27835045999999997, 0.70953435]",9a99184cbfc3d443adb2ec9079cd9a01aa9e3294e340f5526409f7b76dda3fe4,331,522
validation_building_d9e57ee88aaba437_0,d9e57ee88aaba437,data/processed_clean/validation/building/validation_building_d9e57ee88aaba437_0.jpg,building,4,train,"[0.0, 0.0, 0.925, 1.0]",edb0c3c7d27991f4565a1eebf801505b73bf9ba01f7732d06a25b40de7a3c58f,1023,768
validation_building_daf034b5dc4cbf57_0,daf034b5dc4cbf57,data/processed_clean/validation/building/validation_building_daf034b5dc4cbf57_0.jpg,building,4,train,"[0.0, 0.0022172949, 0.9985272, 0.9977827051]",e0de82c05af2d4bf93f6ac28794b194e42f9ba5f15aad73d8aae4b833a83ee51,1024,681
validation_building_db2aeba7cb3c8eea_0,db2aeba7cb3c8eea,data/processed_clean/validation/building/validation_building_db2aeba7cb3c8eea_0.jpg,building,4,train,"[0.0, 0.079166666, 0.9609375, 0.920833334]",a5f18e1a106bd40a4536c925d572d054c70968cf901fbfd39e73deec612251d9,1024,764
validation_building_db6f149d5b4edc5c_0,db6f149d5b4edc5c,data/processed_clean/validation/building/validation_building_db6f149d5b4edc5c_0.jpg,building,4,train,"[0.46750903, 0.0, 0.53249097, 1.0]",2d02ec394e3b6efd6a58e608a15bc91e89bffe011203d68e9213c60ebeec2afa,442,768
validation_building_dc63fda48b09e09b_0,dc63fda48b09e09b,data/processed_clean/validation/building/validation_building_dc63fda48b09e09b_0.jpg,building,4,train,"[0.0, 0.042128604, 1.0, 0.957871396]",dfd48c61f37af288839a7419c51f0027e8939857c5cede84497b809bfa638777,1024,681
validation_building_dd129ab17ac9a6ef_0,dd129ab17ac9a6ef,data/processed_clean/validation/building/validation_building_dd129ab17ac9a6ef_0.jpg,building,4,train,"[0.284375, 0.0, 0.7140625, 0.99791664]",5f0c3adb6ff006024d1b1f5041ee08ba7324e441fa9faefc3ee4c5094f12b669,791,768
validation_building_e1ca2a0dee6f65cd_0,e1ca2a0dee6f65cd,data/processed_clean/validation/building/validation_building_e1ca2a0dee6f65cd_0.jpg,building,4,train,"[0.0, 0.12916666, 1.0, 0.87083334]",f56fa661b97cd0ee1027ea40186df6f93a3017ef965b5fded6466eee41a3327a,1024,722
validation_building_e37d9ee3fc330346_1,e37d9ee3fc330346,data/processed_clean/validation/building/validation_building_e37d9ee3fc330346_1.jpg,building,4,train,"[0.05162242, 0.03318584, 0.94837758, 0.94690266]",541ab0032a720b2db9cbafe3768d190cb05368faa6e6c9e55ecaf5f86095b1f1,1024,683
validation_building_e48b851ff5909952_0,e48b851ff5909952,data/processed_clean/validation/building/validation_building_e48b851ff5909952_0.jpg,building,4,train,"[0.0014749262, 0.123893805, 0.9985250738, 0.876106195]",a6ce71528bd0e252848760eaa005472fe8bf5de8da5dab0a040597952f1f7eb1,1024,646
validation_building_e5fc43585e2a501d_4,e5fc43585e2a501d,data/processed_clean/validation/building/validation_building_e5fc43585e2a501d_4.jpg,building,4,train,"[0.0, 0.0, 1.0, 1.0]",af7a3bc7d707270e36b1712a2908565b8e8225a85cb41d7a54977ddad95e5bbb,1024,768
validation_building_e701a578e836817c_9,e701a578e836817c,data/processed_clean/validation/building/validation_building_e701a578e836817c_9.jpg,building,4,train,"[0.28158844, 0.0, 0.7184115600000001, 0.9133574]",6e3e5fc2230abd11a083fbed73d18b5a4cf0c74f940b45dca76ebc1bad33e28b,795,1010
validation_building_e713ecee2801b0cf_0,e713ecee2801b0cf,data/processed_clean/validation/building/validation_building_e713ecee2801b0cf_0.jpg,building,4,train,"[0.0, 0.0020833334, 0.9984375, 0.9979166666]",25f0b7935df4d529e50a04129f32bd40642b0aa85dbfdde8e10101818fa9f0f2,1024,768
validation_building_e8b36c888a75d742_7,e8b36c888a75d742,data/processed_clean/validation/building/validation_building_e8b36c888a75d742_7.jpg,building,4,train,"[0.775, 0.0, 0.22187499999999993, 0.114583336]",2c7a0d127b08c992988cb5e46d4417fa8ba9316735cef6c994689e9b5f009020,249,95
validation_building_e92233aea8f88f00_0,e92233aea8f88f00,data/processed_clean/validation/building/validation_building_e92233aea8f88f00_0.jpg,building,4,train,"[0.0, 0.15421687, 1.0, 0.55903613]",52350d1c3ed39784463ff9a4537eba139013c940eb724af22fc4cd85127a53ad,1024,374
validation_building_ea7a0fa40f15afe6_0,ea7a0fa40f15afe6,data/processed_clean/validation/building/validation_building_ea7a0fa40f15afe6_0.jpg,building,4,train,"[0.020648967, 0.0022123894, 0.979351033, 0.9800885106]",3b8bbf84c275bd58a983c25f3d3551fcaa26ef906b22d550e6fe5ec33e2998a4,1024,682
validation_building_eaddc0e08c70a6e3_0,eaddc0e08c70a6e3,data/processed_clean/validation/building/validation_building_eaddc0e08c70a6e3_0.jpg,building,4,train,"[0.12874779, 0.4937656, 0.86948857, 0.50374066]",aedbb1ded9474de078d2808bca9164d9a866c241d9456851df6cf4b0002ebd11,963,396
validation_building_eb297ce62f882402_0,eb297ce62f882402,data/processed_clean/validation/building/validation_building_eb297ce62f882402_0.jpg,building,4,train,"[0.34955752, 0.23156342, 0.48451328, 0.34955755]",eda08e754e634aecc38688648535ba328550b262eeba4351e328b6f7955ee4e1,384,416
validation_building_eb460b1d36fc1b88_0,eb460b1d36fc1b88,data/processed_clean/validation/building/validation_building_eb460b1d36fc1b88_0.jpg,building,4,train,"[0.0, 0.0, 1.0, 0.5520833]",ee407f68789b1e4b987aae5c0fb6d0cba8d164efef15a7f5826fb1049a01ce3c,1024,458
validation_building_eba5a8be1c18ebc4_0,eba5a8be1c18ebc4,data/processed_clean/validation/building/validation_building_eba5a8be1c18ebc4_0.jpg,building,4,train,"[0.0, 0.5736264, 0.41543028, 0.4263736]",1f081a08ddbb5a438773e6c560753b655bb9378a51ad1297315d52aa9402614a,459,319
validation_building_ed888827aa47ec05_0,ed888827aa47ec05,data/processed_clean/validation/building/validation_building_ed888827aa47ec05_0.jpg,building,4,train,"[0.09375, 0.1375, 0.7125, 0.7708333599999999]",e59e5e5788302f0b121fe3159fe7d5f2230e9edde7cf276d3c390bdf1f4f93c7,846,687
validation_building_ee9be8019f6833e2_0,ee9be8019f6833e2,data/processed_clean/validation/building/validation_building_ee9be8019f6833e2_0.jpg,building,4,train,"[0.0, 0.0, 1.0, 0.5859375]",e838272702d5fa533ea4b6269d90aa84e29e843f4c29bfffec0ca39374e49c2e,768,648
validation_building_eebf7f7bcb23447f_1,eebf7f7bcb23447f,data/processed_clean/validation/building/validation_building_eebf7f7bcb23447f_1.jpg,building,4,train,"[0.3453125, 0.0, 0.653125, 0.99791664]",4b197a27b9182230ab68d26507b0bf3c23209aca8b53ef31d8bb9b5aba640a5f,724,768
validation_building_f39416610f017d26_0,f39416610f017d26,data/processed_clean/validation/building/validation_building_f39416610f017d26_0.jpg,building,4,train,"[0.036873158, 0.0, 0.961651942, 0.9977876]",a590650d23d94d9180914ce4978d135adaaf7a5925943aed80062ff789675a5e,1024,683
validation_building_f453942e666edd27_0,f453942e666edd27,data/processed_clean/validation/building/validation_building_f453942e666edd27_0.jpg,building,4,train,"[0.04434907, 0.03644647, 0.91559369, 0.88382689]",199cb6d35e5ed5d26be667ea90470ed6fb12c5107838769d977381eb02cdf9db,1024,637
validation_building_f5288d905c37663c_1,f5288d905c37663c,data/processed_clean/validation/building/validation_building_f5288d905c37663c_1.jpg,building,4,train,"[0.0015625, 0.0, 0.378125, 0.3875]",37671ede2945680387495bf7d624f70d62c0386d671285349f41f1139c3e6688,420,321
validation_building_f6b4421916e69e77_0,f6b4421916e69e77,data/processed_clean/validation/building/validation_building_f6b4421916e69e77_0.jpg,building,4,train,"[0.0703125, 0.07083333, 0.9296875, 0.92916667]",4c26f86e4d7c833e6261b3407abd16db5ac1634e7ba5cf8fcd4c5f2c51cae342,1024,768
validation_building_f735ffa4f78be365_43,f735ffa4f78be365,data/processed_clean/validation/building/validation_building_f735ffa4f78be365_43.jpg,building,4,train,"[0.0, 0.0, 1.0, 1.0]",667e212d7d7861ffce2c55bebd3cb18cef5c6c7242ca9d7816f41e38f816b08e,1024,768
validation_building_f880bdf080bc7cf5_0,f880bdf080bc7cf5,data/processed_clean/validation/building/validation_building_f880bdf080bc7cf5_0.jpg,building,4,train,"[0.0, 0.0, 0.9890625, 1.0]",3cdcd7ee857badbcec13f88fbf82912c5f38cff28ef99cc9b1085d146cc3691e,1024,768
validation_building_fa87ed5946c47bb1_2,fa87ed5946c47bb1,data/processed_clean/validation/building/validation_building_fa87ed5946c47bb1_2.jpg,building,4,train,"[0.590379, 0.19910514, 0.409621, 0.64429526]",1c0e829cd709e9cdf2a8965586b771a0e812f12b176d117c1735cf2ce5c0e031,453,499
validation_building_fb606f3170d6e48e_2,fb606f3170d6e48e,data/processed_clean/validation/building/validation_building_fb606f3170d6e48e_2.jpg,building,4,train,"[0.8984375, 0.029166667, 0.1015625, 0.366666673]",5c4a1a749850a8193e5dbfaa2f339528f05c7fa47d241399766114f5a64c93c6,112,327
validation_building_fb87456bc4ac8d9d_0,fb87456bc4ac8d9d,data/processed_clean/validation/building/validation_building_fb87456bc4ac8d9d_0.jpg,building,4,train,"[0.06351551, 0.0, 0.93648449, 0.8344371]",76f85497033e7fb1dee1daa06a80a39f8f59b64f29aa48b008342785ecc156c2,1024,617
validation_building_fddc00dc8234c269_0,fddc00dc8234c269,data/processed_clean/validation/building/validation_building_fddc00dc8234c269_0.jpg,building,4,train,"[0.008130081, 0.0, 0.888888889, 0.96634614]",996f27d1c59f17bf75a429a142e063cc68618f8eaa06e2c1e2b323347abee57f,991,577
validation_building_fdec645bb24e5fd9_0,fdec645bb24e5fd9,data/processed_clean/validation/building/validation_building_fdec645bb24e5fd9_0.jpg,building,4,train,"[0.048672568, 0.03761062, 0.911504432, 0.94247788]",35f467dfe29e17c9f2893efc785722d77d5700ac3e3e500378650ebf5ffcebab,1024,683
validation_building_fe015853570aa536_0,fe015853570aa536,data/processed_clean/validation/building/validation_building_fe015853570aa536_0.jpg,building,4,train,"[0.0, 0.0, 1.0, 1.0]",28b8fd18a6b85bcf995d7376f6f12a3d02c40017caabd13699525ab0ea0e5f75,768,1024
validation_building_fe7ca35356990449_0,fe7ca35356990449,data/processed_clean/validation/building/validation_building_fe7ca35356990449_0.jpg,building,4,train,"[0.0, 0.0, 1.0, 0.99791664]",6e1d68ab6cdccb1f9adcd9aa005bb2bf544d12633a5ef42de11bbd5cbe12673e,1024,768
validation_building_ff0138a5ad61d700_0,ff0138a5ad61d700,data/processed_clean/validation/building/validation_building_ff0138a5ad61d700_0.jpg,building,4,train,"[0.0, 0.0, 0.9985251, 0.9977876]",4e52e0f316207b934ada16eb5896457ba6761c222c4ed70666a98fa44dc9e234,1024,684
